customer_id,snapshot_date,plan,region,tenure_months,monthly_charge,support_contacts,usage_hours,churned_next_month
C0001,2026-01-31,Standard,North,28,64.18,4,31.53,1
C0002,2026-01-31,Standard,South,38,,0,32.93,0
C0003,2026-01-31,Premium,East,15,97.31,1,46.64,0
C0004,2026-01-31,Standard,West,65,64.09,0,51.05,0
C0005,2026-01-31,Basic,East,4,33.98,0,19.77,0
C0006,2026-01-31,Premium,West,18,94.96,2,56.63,0
C0007,2026-01-31,Standard,East,60,60.74,2,61.77,0
C0008,2026-01-31,Standard,North,44,66.95,3,54.38,0
C0009,2026-01-31,Basic,South,13,38.27,1,45.42,0
C0010,2026-01-31,Standard,West,47,60.66,0,23.18,0
C0011,2026-01-31,Basic,North,4,40.6,2,35.66,1
C0012,2026-01-31,Premium,West,36,94.28,1,50.73,0
C0013,2026-01-31,Standard,East,3,67.55,2,39.13,0
C0014,2026-01-31,Premium,South,33,106.5,1,60.29,0
C0015,2026-01-31,Standard,West,31,67.3,2,62.26,0
C0016,2026-01-31,Basic,West,47,26.16,2,52.7,0
C0017,2026-01-31,Standard,North,27,75.48,2,48.55,0
C0018,2026-01-31,Basic,North,44,37.25,0,37.83,0
C0019,2026-01-31,Premium,East,51,99.39,1,48.31,0
C0020,2026-01-31,Standard,West,53,61.92,0,50.79,0
C0021,2026-01-31,Standard,North,58,59.48,0,46.7,0
C0022,2026-01-31,Basic,East,49,31.88,2,43.8,0
C0023,2026-01-31,Premium,North,17,94.78,1,69.4,0
C0024,2026-01-31,Premium,East,33,97.74,0,55.94,0
C0025,2026-01-31,Standard,East,63,55.33,3,31.1,0
C0026,2026-01-31,Basic,North,18,34.15,4,21.6,1
C0027,2026-01-31,Standard,East,35,59.18,1,59.75,0
C0028,2026-01-31,Basic,West,29,36.18,5,35.5,0
C0029,2026-01-31,Basic,West,44,37.76,1,41.04,0
C0030,2026-01-31,Standard,North,65,62.09,0,48.2,0
C0031,2026-01-31,Standard,North,2,68.86,0,44.67,0
C0032,2026-01-31,Premium,North,48,90.92,1,53.07,0
C0033,2026-01-31,Basic,South,67,38.65,1,31.47,0
C0034,2026-01-31,Basic,North,20,27.73,2,18.57,1
C0035,2026-01-31,Standard,West,40,70.95,1,56.22,0
C0036,2026-01-31,Basic,West,40,34.4,0,23.39,0
C0037,2026-01-31,Basic,West,18,32.72,0,14.17,0
C0038,2026-01-31,Standard,North,14,66.6,3,35.79,0
C0039,2026-01-31,Basic,North,69,41.32,1,19.7,0
C0040,2026-01-31,Standard,West,51,65.98,1,43.38,0
C0041,2026-01-31,Standard,South,45,64.79,0,41.93,0
C0042,2026-01-31,Premium,East,20,86.12,1,50.59,0
C0043,2026-01-31,Standard,West,7,65.96,2,55.24,0
C0044,2026-01-31,Basic,North,13,36.88,0,44.45,0
C0045,2026-01-31,Premium,North,8,96.42,1,60.27,0
C0046,2026-01-31,Premium,North,44,87.64,2,58.2,0
C0047,2026-01-31,Basic,North,44,27.54,0,41.81,0
C0048,2026-01-31,Basic,North,21,31.53,1,14.5,0
C0049,2026-01-31,Standard,West,54,66.94,2,31.92,0
C0050,2026-01-31,Basic,East,52,34.49,2,25.37,0
C0051,2026-01-31,Basic,West,17,31.51,2,35.88,0
C0052,2026-01-31,Basic,West,8,33.86,1,27.88,0
C0053,2026-01-31,Standard,West,22,57.5,1,48.28,0
C0054,2026-01-31,Standard,North,46,68.2,1,52.0,1
C0055,2026-01-31,Standard,South,59,57.14,1,38.92,0
C0056,2026-01-31,Standard,West,28,67.05,1,37.17,0
C0057,2026-01-31,Standard,North,56,59.36,0,45.9,0
C0058,2026-01-31,Standard,North,17,62.73,2,40.55,0
C0059,2026-01-31,Basic,East,3,38.2,1,35.42,0
C0060,2026-01-31,Basic,West,62,38.03,2,38.18,0
C0061,2026-01-31,Standard,West,14,74.61,0,44.62,0
C0062,2026-01-31,Standard,West,10,64.55,3,51.1,0
C0063,2026-01-31,Standard,North,65,58.16,1,49.15,0
C0064,2026-01-31,Standard,West,50,63.06,0,42.79,0
C0065,2026-01-31,Standard,West,48,66.57,2,50.31,0
C0066,2026-01-31,Standard,East,24,70.5,3,53.43,0
C0067,2026-01-31,Standard,West,32,59.12,1,41.03,0
C0068,2026-01-31,Basic,West,43,29.74,0,28.42,0
C0069,2026-01-31,Basic,South,69,32.74,1,28.63,0
C0070,2026-01-31,Standard,North,17,66.05,3,33.55,0
C0071,2026-01-31,Basic,South,10,30.08,1,44.32,0
C0072,2026-01-31,Basic,North,6,40.08,2,19.11,1
C0073,2026-01-31,Premium,North,45,93.36,2,55.2,0
C0074,2026-01-31,Basic,North,31,37.21,1,23.3,0
C0075,2026-01-31,Basic,East,21,37.39,0,34.16,0
C0076,2026-01-31,Basic,East,53,34.96,3,37.84,0
C0077,2026-01-31,Basic,East,53,38.85,3,64.11,0
C0078,2026-01-31,Standard,East,69,69.3,1,39.4,0
C0079,2026-01-31,Standard,East,64,59.41,1,59.32,0
C0080,2026-01-31,Standard,East,63,63.71,1,52.74,0
C0081,2026-01-31,Standard,North,30,69.39,0,40.21,0
C0082,2026-01-31,Basic,West,24,29.41,1,35.14,0
C0083,2026-01-31,Premium,South,9,98.36,1,58.38,0
C0084,2026-01-31,Basic,North,14,,0,36.58,0
C0085,2026-01-31,Basic,West,17,40.12,1,50.54,1
C0086,2026-01-31,Basic,East,32,38.39,0,30.04,0
C0087,2026-01-31,Standard,North,63,59.68,2,45.05,0
C0088,2026-01-31,Standard,North,15,56.87,1,41.82,0
C0089,2026-01-31,Basic,North,34,24.96,0,36.79,0
C0090,2026-01-31,Standard,South,50,61.08,3,28.67,0
C0091,2026-01-31,Basic,North,14,27.24,0,42.36,0
C0092,2026-01-31,Standard,East,4,68.01,2,56.36,0
C0093,2026-01-31,Standard,East,37,65.74,0,40.95,0
C0094,2026-01-31,Basic,West,66,20.41,2,40.18,0
C0095,2026-01-31,Basic,East,34,27.67,1,20.5,0
C0096,2026-01-31,Standard,East,30,59.04,2,39.02,0
C0097,2026-01-31,Basic,East,3,26.4,0,19.65,0
C0098,2026-01-31,Basic,North,27,43.02,1,27.62,0
C0099,2026-01-31,Basic,North,55,28.86,2,27.14,0
C0100,2026-01-31,Premium,East,18,91.24,0,59.33,0
C0101,2026-01-31,Premium,North,30,86.12,1,74.01,0
C0102,2026-01-31,Standard,North,34,62.07,3,39.54,0
C0103,2026-01-31,Basic,North,21,31.33,0,51.34,0
C0104,2026-01-31,Premium,West,11,92.85,0,58.18,0
C0105,2026-01-31,Standard,South,20,73.48,0,35.94,0
C0106,2026-01-31,Standard,East,21,66.09,0,55.77,0
C0107,2026-01-31,Standard,South,24,63.74,1,40.63,1
C0108,2026-01-31,Basic,North,28,30.97,1,30.19,0
C0109,2026-01-31,Basic,South,58,39.83,0,32.76,0
C0110,2026-01-31,Premium,North,66,91.67,4,41.59,0
C0111,2026-01-31,Standard,West,55,59.45,1,36.05,0
C0112,2026-01-31,Basic,North,24,34.95,2,49.83,0
C0113,2026-01-31,Basic,South,55,37.91,0,35.89,0
C0114,2026-01-31,Standard,West,36,64.65,1,31.97,0
C0115,2026-01-31,Basic,East,10,41.54,2,33.61,0
C0116,2026-01-31,Premium,South,21,95.57,0,62.84,0
C0117,2026-01-31,Standard,East,33,69.61,1,48.92,0
C0118,2026-01-31,Standard,West,14,60.03,1,41.4,0
C0119,2026-01-31,Standard,South,4,58.88,1,60.83,0
C0120,2026-01-31,Standard,East,63,67.92,1,55.75,0
C0121,2026-01-31,Standard,West,12,66.36,2,50.35,0
C0122,2026-01-31,Standard,East,50,69.82,0,52.6,0
C0123,2026-01-31,Basic,South,43,27.97,0,37.29,0
C0124,2026-01-31,Basic,North,19,32.13,0,39.74,0
C0125,2026-01-31,Basic,North,30,37.04,1,43.46,0
C0126,2026-01-31,Standard,West,28,61.85,4,51.72,0
C0127,2026-01-31,Basic,East,51,38.92,2,45.03,0
C0128,2026-01-31,Basic,South,59,42.72,0,27.41,0
C0129,2026-01-31,Basic,South,20,33.6,0,39.75,0
C0130,2026-01-31,Standard,East,46,66.06,1,33.75,0
C0131,2026-01-31,Basic,East,46,37.45,0,27.55,0
C0132,2026-01-31,Premium,East,32,96.08,0,67.59,0
C0133,2026-01-31,Standard,South,52,64.86,1,52.53,0
C0134,2026-01-31,Basic,East,36,40.34,1,49.88,0
C0135,2026-01-31,Standard,South,2,66.24,2,45.79,0
C0136,2026-01-31,Basic,West,55,33.34,1,39.15,0
C0137,2026-01-31,Premium,North,28,90.29,0,54.52,0
C0138,2026-01-31,Standard,North,51,68.66,1,40.68,0
C0139,2026-01-31,Standard,South,19,66.66,0,40.66,0
C0140,2026-01-31,Basic,East,62,30.28,1,52.71,0
C0141,2026-01-31,,East,54,79.06,0,32.2,0
C0142,2026-01-31,Standard,South,64,60.75,0,41.78,0
C0143,2026-01-31,Premium,West,22,97.41,1,45.64,0
C0144,2026-01-31,Standard,South,14,66.17,1,38.74,0
C0145,2026-01-31,Standard,North,62,62.66,1,54.08,0
C0146,2026-01-31,,North,52,30.34,0,24.26,0
C0147,2026-01-31,Basic,West,47,34.1,0,33.95,0
C0148,2026-01-31,Standard,North,28,64.12,1,42.8,0
C0149,2026-01-31,Standard,West,20,62.83,3,45.52,0
C0150,2026-01-31,Basic,South,67,30.67,1,52.01,0
C0151,2026-01-31,Premium,North,4,95.43,3,47.14,0
C0152,2026-01-31,Premium,South,36,95.75,0,52.7,0
C0153,2026-01-31,Basic,East,53,28.57,1,25.04,0
C0154,2026-01-31,Standard,South,46,64.8,0,35.5,0
C0155,2026-01-31,Basic,West,20,37.46,3,30.53,0
C0156,2026-01-31,Standard,East,21,64.73,0,43.66,0
C0157,2026-01-31,Basic,South,23,40.17,1,42.52,0
C0158,2026-01-31,Standard,East,53,67.75,1,30.63,0
C0159,2026-01-31,Standard,West,28,67.39,0,59.54,0
C0160,2026-01-31,Standard,South,28,59.55,3,47.71,1
C0161,2026-01-31,Basic,North,21,44.43,1,33.6,0
C0162,2026-01-31,Premium,South,19,100.52,1,52.59,0
C0163,2026-01-31,Basic,West,8,39.86,1,28.13,0
C0164,2026-01-31,Basic,North,48,41.01,0,49.34,0
C0165,2026-01-31,Standard,West,2,63.47,2,20.67,0
C0166,2026-01-31,Basic,East,6,32.83,0,19.83,0
C0167,2026-01-31,Premium,East,62,99.13,2,48.51,0
C0168,2026-01-31,Premium,South,35,97.02,3,63.3,0
C0169,2026-01-31,Basic,West,20,35.06,1,30.29,1
C0170,2026-01-31,Premium,North,33,100.0,2,51.75,0
C0171,2026-01-31,,South,31,32.54,0,32.97,0
C0172,2026-01-31,Standard,South,12,70.25,0,57.39,0
C0173,2026-01-31,Basic,South,25,39.06,1,40.42,0
C0174,2026-01-31,Premium,South,53,102.51,0,57.4,0
C0175,2026-01-31,Basic,North,17,35.75,3,46.28,0
C0176,2026-01-31,Basic,North,55,37.4,3,51.11,0
C0177,2026-01-31,Standard,North,28,68.94,1,33.44,0
C0178,2026-01-31,Premium,East,18,93.23,1,46.08,1
C0179,2026-01-31,Premium,South,5,92.41,4,56.42,0
C0180,2026-01-31,Standard,East,49,64.78,2,34.21,0
C0181,2026-01-31,Premium,East,2,92.79,2,64.34,0
C0182,2026-01-31,Premium,East,15,91.51,3,25.61,1
C0183,2026-01-31,Standard,East,9,72.88,3,22.73,0
C0184,2026-01-31,Basic,East,20,38.08,3,13.68,0
C0185,2026-01-31,Standard,East,27,65.5,1,46.4,0
C0186,2026-01-31,Standard,East,37,57.39,2,46.85,0
C0187,2026-01-31,Basic,East,60,26.62,2,17.52,0
C0188,2026-01-31,Basic,South,28,34.35,0,27.48,0
C0189,2026-01-31,Standard,North,69,69.1,0,49.27,0
C0190,2026-01-31,Basic,West,39,32.98,3,60.82,0
C0191,2026-01-31,Premium,South,5,91.98,1,59.0,0
C0192,2026-01-31,Basic,East,38,28.43,0,31.52,0
C0193,2026-01-31,Basic,North,64,41.61,1,36.04,0
C0194,2026-01-31,Premium,South,39,96.64,1,44.58,0
C0195,2026-01-31,Basic,East,19,44.08,3,14.42,0
C0196,2026-01-31,Basic,East,44,34.43,1,35.48,0
C0197,2026-01-31,Standard,East,37,64.99,1,39.1,0
C0198,2026-01-31,Premium,South,25,91.19,0,56.69,0
C0199,2026-01-31,Basic,West,9,41.16,1,24.36,0
C0200,2026-01-31,Basic,East,45,41.09,1,33.74,0
C0201,2026-01-31,Standard,West,18,61.99,1,53.87,0
C0202,2026-01-31,Premium,East,37,92.07,1,55.35,0
C0203,2026-01-31,Standard,East,27,67.72,3,46.69,0
C0204,2026-01-31,Basic,West,39,38.41,0,23.77,0
C0205,2026-01-31,Basic,North,60,40.74,0,46.4,0
C0206,2026-01-31,Basic,West,24,30.65,2,24.47,1
C0207,2026-01-31,Basic,West,27,34.77,4,39.26,1
C0208,2026-01-31,Standard,East,29,67.5,1,35.51,0
C0209,2026-01-31,Basic,East,64,24.5,2,27.81,0
C0210,2026-01-31,Standard,East,57,70.67,4,36.45,0
C0211,2026-01-31,Standard,South,50,76.36,1,50.49,0
C0212,2026-01-31,Standard,West,40,60.92,2,44.7,0
C0213,2026-01-31,Basic,North,18,39.84,0,34.3,0
C0214,2026-01-31,Premium,South,57,95.41,1,72.84,0
C0215,2026-01-31,Standard,East,2,56.96,3,48.95,0
C0216,2026-01-31,Standard,West,47,70.19,1,38.97,0
C0217,2026-01-31,Basic,South,48,30.51,1,37.79,0
C0218,2026-01-31,Basic,South,28,28.35,0,45.06,0
C0219,2026-01-31,Premium,North,40,91.61,1,69.61,0
C0220,2026-01-31,Basic,North,32,31.58,2,32.63,1
C0221,2026-01-31,Basic,North,7,42.33,1,23.58,1
C0222,2026-01-31,Standard,North,41,65.03,2,63.07,0
C0223,2026-01-31,Standard,West,14,63.93,1,37.8,0
C0224,2026-01-31,Premium,West,13,90.15,1,35.31,0
C0225,2026-01-31,Basic,West,36,32.43,0,33.08,0
C0226,2026-01-31,Premium,North,62,85.51,0,62.21,0
C0227,2026-01-31,Basic,North,24,30.25,1,34.18,0
C0228,2026-01-31,Standard,South,36,63.26,1,31.0,0
C0229,2026-01-31,Standard,East,22,61.72,2,41.39,0
C0230,2026-01-31,Basic,South,11,37.43,0,28.39,0
C0231,2026-01-31,Basic,South,19,37.27,1,34.25,0
C0232,2026-01-31,Basic,North,50,27.57,1,57.24,0
C0233,2026-01-31,Premium,East,69,85.45,0,48.28,0
C0234,2026-01-31,Standard,South,4,65.73,4,53.95,0
C0235,2026-01-31,Premium,North,43,99.18,0,53.53,0
C0236,2026-01-31,Premium,East,8,94.43,3,50.07,1
C0237,2026-01-31,Standard,West,16,65.34,1,38.15,0
C0238,2026-01-31,Standard,North,53,59.57,0,21.01,0
C0239,2026-01-31,Basic,South,23,30.48,2,22.75,0
C0240,2026-01-31,Basic,West,16,29.15,0,13.19,0
C0241,2026-01-31,Premium,East,7,90.28,1,30.58,0
C0242,2026-01-31,Standard,West,41,68.24,1,29.08,0
C0243,2026-01-31,Basic,South,45,32.65,1,47.09,0
C0244,2026-01-31,Standard,South,24,63.03,1,35.5,0
C0245,2026-01-31,Standard,East,54,68.75,2,59.97,0
C0246,2026-01-31,Premium,North,42,91.53,3,46.59,0
C0247,2026-01-31,Standard,North,60,63.78,2,50.22,0
C0248,2026-01-31,Basic,East,32,32.68,1,30.22,0
C0249,2026-01-31,Basic,East,53,37.51,0,46.05,0
C0250,2026-01-31,Standard,North,18,64.72,1,47.67,0
C0251,2026-01-31,Standard,East,29,68.38,3,41.61,0
C0252,2026-01-31,Premium,South,23,93.7,1,61.88,0
C0253,2026-01-31,Standard,East,46,73.63,1,39.52,0
C0254,2026-01-31,Basic,West,39,32.15,0,27.88,0
C0255,2026-01-31,Basic,North,11,32.32,1,18.58,0
C0256,2026-01-31,Standard,West,29,69.22,0,25.64,0
C0257,2026-01-31,Premium,South,35,95.05,0,52.2,0
C0258,2026-01-31,Basic,West,66,39.9,3,43.8,0
C0259,2026-01-31,Basic,South,40,40.98,2,29.24,0
C0260,2026-01-31,Standard,South,30,68.66,1,40.92,0
C0261,2026-01-31,Basic,West,61,34.22,2,48.29,0
C0262,2026-01-31,Premium,East,12,90.89,0,65.44,1
C0263,2026-01-31,Basic,North,61,27.66,1,53.13,0
C0264,2026-01-31,Basic,East,12,37.55,2,55.14,0
C0265,2026-01-31,Premium,West,64,89.63,1,33.51,1
C0266,2026-01-31,Basic,South,47,36.98,3,52.68,0
C0267,2026-01-31,Basic,West,38,37.56,2,31.93,0
C0268,2026-01-31,Basic,East,56,37.11,1,44.93,0
C0269,2026-01-31,Basic,South,48,39.89,2,37.0,0
C0270,2026-01-31,Basic,North,64,27.97,1,37.4,0
C0271,2026-01-31,Basic,East,15,40.71,0,19.83,0
C0272,2026-01-31,Basic,North,46,34.99,2,23.28,0
C0273,2026-01-31,Basic,West,52,29.9,1,26.53,0
C0274,2026-01-31,Standard,East,8,58.64,0,49.48,0
C0275,2026-01-31,Standard,South,11,58.25,1,56.09,0
C0276,2026-01-31,Basic,North,23,40.28,1,25.05,0
C0277,2026-01-31,Basic,East,21,32.99,0,34.96,0
C0278,2026-01-31,Standard,North,52,65.12,0,36.0,0
C0279,2026-01-31,Premium,South,35,98.63,1,52.19,0
C0280,2026-01-31,Premium,West,53,93.36,1,46.39,0
C0281,2026-01-31,Basic,West,9,35.92,1,45.41,0
C0282,2026-01-31,Basic,West,40,31.32,1,51.8,0
C0283,2026-01-31,Basic,West,12,40.14,2,31.39,0
C0284,2026-01-31,Basic,East,69,31.08,2,44.37,0
C0285,2026-01-31,Standard,North,55,64.02,1,46.17,0
C0286,2026-01-31,Basic,West,18,36.05,1,51.09,0
C0287,2026-01-31,,West,17,34.7,1,43.93,0
C0288,2026-01-31,Basic,West,42,46.66,1,39.65,1
C0289,2026-01-31,Standard,East,38,55.13,4,48.26,0
C0290,2026-01-31,Basic,North,67,46.8,0,26.71,0
C0291,2026-01-31,Premium,East,57,92.17,0,54.8,0
C0292,2026-01-31,Basic,South,53,37.01,5,38.04,0
C0293,2026-01-31,Premium,West,44,98.68,0,50.55,0
C0294,2026-01-31,Basic,South,19,36.79,3,55.29,0
C0295,2026-01-31,Premium,South,21,90.83,0,64.68,0
C0296,2026-01-31,Premium,North,22,92.54,1,49.63,0
C0297,2026-01-31,Premium,West,46,102.12,1,60.34,0
C0298,2026-01-31,Premium,West,13,92.74,1,40.7,0
C0299,2026-01-31,Standard,North,17,63.42,0,50.1,0
C0300,2026-01-31,Standard,South,63,63.55,1,38.62,0
C0301,2026-01-31,Standard,South,42,69.3,1,59.62,0
C0302,2026-01-31,Basic,South,13,34.96,2,30.65,0
C0303,2026-01-31,Standard,West,56,59.46,0,43.19,0
C0304,2026-01-31,Standard,North,10,59.19,1,50.22,0
C0305,2026-01-31,Premium,South,5,91.08,2,41.6,0
C0306,2026-01-31,Standard,North,50,62.39,4,29.78,0
C0307,2026-01-31,Basic,North,49,28.53,2,39.1,0
C0308,2026-01-31,Standard,West,2,73.08,0,48.44,0
C0309,2026-01-31,Basic,West,41,34.23,0,34.13,0
C0310,2026-01-31,Basic,North,21,37.73,2,25.28,0
C0311,2026-01-31,Standard,East,38,65.26,4,40.67,1
C0312,2026-01-31,Basic,North,53,41.33,0,59.36,0
C0313,2026-01-31,Basic,North,68,50.16,0,42.28,0
C0314,2026-01-31,Basic,South,42,36.86,0,41.71,0
C0315,2026-01-31,Basic,North,21,36.35,0,27.5,0
C0316,2026-01-31,Basic,South,49,31.12,1,45.81,0
C0317,2026-01-31,Basic,West,26,34.74,0,19.57,0
C0318,2026-01-31,Standard,East,8,66.7,1,41.94,0
C0319,2026-01-31,Basic,East,55,40.32,0,47.05,0
C0320,2026-01-31,Premium,South,22,95.89,3,40.95,1
C0321,2026-01-31,Premium,North,20,91.44,0,48.87,0
C0322,2026-01-31,Standard,North,56,60.09,0,29.97,0
C0323,2026-01-31,Basic,South,59,30.89,0,27.74,0
C0324,2026-01-31,Standard,North,25,70.29,0,37.97,0
C0325,2026-01-31,Premium,West,48,93.47,2,38.76,0
C0326,2026-01-31,Standard,West,50,66.6,1,54.63,0
C0327,2026-01-31,Premium,West,59,100.08,2,61.12,0
C0328,2026-01-31,Standard,East,45,70.01,1,48.88,0
C0329,2026-01-31,Standard,East,67,62.04,1,17.1,0
C0330,2026-01-31,Basic,East,35,27.74,2,24.79,0
C0331,2026-01-31,Standard,South,23,68.71,3,59.64,0
C0332,2026-01-31,Basic,East,6,30.74,0,12.3,1
C0333,2026-01-31,Standard,West,68,65.93,3,46.62,0
C0334,2026-01-31,Premium,West,31,99.83,0,39.53,0
C0335,2026-01-31,Basic,East,7,33.31,1,43.78,0
C0336,2026-01-31,Standard,North,18,62.55,1,39.9,0
C0337,2026-01-31,Basic,East,49,33.37,2,38.75,1
C0338,2026-01-31,Standard,South,36,59.34,0,53.89,0
C0339,2026-01-31,Basic,East,22,32.21,2,59.05,0
C0340,2026-01-31,Premium,East,26,92.97,2,45.03,0
C0341,2026-01-31,Basic,West,29,38.1,2,41.6,0
C0342,2026-01-31,Premium,South,11,97.75,1,48.94,0
C0343,2026-01-31,Premium,West,4,89.96,3,60.49,0
C0344,2026-01-31,Standard,West,21,65.69,1,42.59,0
C0345,2026-01-31,Standard,South,46,56.97,2,37.39,0
C0346,2026-01-31,Standard,South,3,69.55,0,45.22,0
C0347,2026-01-31,Premium,East,5,94.83,2,28.51,0
C0348,2026-01-31,Basic,West,61,33.59,0,36.82,0
C0349,2026-01-31,Standard,East,43,73.44,2,56.62,0
C0350,2026-01-31,Basic,West,17,35.89,1,41.33,0
C0351,2026-01-31,Standard,South,61,51.48,3,26.59,0
C0352,2026-01-31,Basic,East,61,35.83,0,34.61,0
C0353,2026-01-31,Standard,South,23,67.43,0,44.27,0
C0354,2026-01-31,Standard,West,19,65.62,1,25.82,0
C0355,2026-01-31,Standard,South,4,61.96,1,37.45,0
C0356,2026-01-31,Standard,East,49,66.62,2,61.28,0
C0357,2026-01-31,Standard,North,25,57.25,2,43.88,0
C0358,2026-01-31,Standard,West,2,67.92,2,50.71,0
C0359,2026-01-31,Standard,South,48,70.26,4,53.16,0
C0360,2026-01-31,Standard,South,31,67.47,3,48.02,0
C0361,2026-01-31,Premium,East,37,93.21,0,52.39,0
C0362,2026-01-31,Basic,South,43,41.14,2,60.44,0
C0363,2026-01-31,Basic,West,67,36.9,2,36.7,0
C0364,2026-01-31,Basic,East,50,37.63,5,25.56,0
C0365,2026-01-31,Standard,East,37,65.23,1,48.17,0
C0366,2026-01-31,Basic,North,37,33.36,0,37.84,0
C0367,2026-01-31,Standard,North,34,57.09,0,42.78,0
C0368,2026-01-31,,South,5,60.77,1,35.89,0
C0369,2026-01-31,Basic,West,25,28.42,2,49.88,0
C0370,2026-01-31,Premium,West,62,85.52,1,62.05,0
C0371,2026-01-31,Standard,East,21,67.75,1,30.86,0
C0372,2026-01-31,Basic,East,25,35.09,2,41.75,0
C0373,2026-01-31,Basic,South,21,36.33,3,35.47,0
C0374,2026-01-31,Basic,North,68,30.22,0,32.31,0
C0375,2026-01-31,Basic,North,11,40.02,0,46.46,0
C0376,2026-01-31,Basic,South,57,38.18,2,18.42,0
C0377,2026-01-31,Premium,South,9,97.73,1,49.99,0
C0378,2026-01-31,Standard,North,34,61.87,0,66.6,0
C0379,2026-01-31,Basic,South,52,34.7,2,40.26,0
C0380,2026-01-31,Standard,North,62,63.44,1,32.69,0
C0381,2026-01-31,Standard,East,19,64.44,2,47.24,0
C0382,2026-01-31,Premium,West,17,97.36,1,41.63,0
C0383,2026-01-31,Standard,East,18,66.76,2,40.94,0
C0384,2026-01-31,Standard,South,20,73.03,1,45.84,0
C0385,2026-01-31,,South,54,40.17,1,35.73,0
C0386,2026-01-31,Premium,South,30,97.05,1,39.31,0
C0387,2026-01-31,Standard,North,31,64.15,1,58.66,0
C0388,2026-01-31,Premium,East,5,89.05,0,51.04,0
C0389,2026-01-31,Basic,East,53,36.82,0,39.03,0
C0390,2026-01-31,Premium,North,23,96.7,0,42.79,0
C0391,2026-01-31,Standard,South,28,65.39,1,55.65,0
C0392,2026-01-31,Basic,South,18,36.02,1,43.21,0
C0393,2026-01-31,Standard,North,55,74.0,0,54.88,0
C0394,2026-01-31,Standard,East,61,62.14,1,21.49,0
C0395,2026-01-31,Basic,East,53,42.29,1,43.81,0
C0396,2026-01-31,Standard,East,8,68.93,1,47.45,0
C0397,2026-01-31,Premium,East,21,92.68,0,28.29,0
C0398,2026-01-31,Basic,West,22,36.74,1,34.45,0
C0399,2026-01-31,Standard,West,57,71.13,5,50.43,0
C0400,2026-01-31,Standard,East,31,58.55,3,47.69,0
C0001,2026-02-28,Standard,North,55,64.55,2,38.05,0
C0002,2026-02-28,Standard,South,57,63.03,1,39.09,0
C0003,2026-02-28,Premium,East,35,98.12,2,58.73,0
C0004,2026-02-28,Standard,West,52,60.47,0,49.19,0
C0005,2026-02-28,Basic,East,54,36.57,0,22.38,0
C0006,2026-02-28,Premium,West,24,95.68,2,57.5,0
C0007,2026-02-28,Standard,East,19,74.87,1,46.38,0
C0008,2026-02-28,Standard,North,14,67.81,2,49.05,0
C0009,2026-02-28,Basic,South,28,38.59,4,42.26,0
C0010,2026-02-28,Standard,West,68,71.41,0,28.41,0
C0011,2026-02-28,Basic,North,27,30.54,2,36.27,0
C0012,2026-02-28,Premium,West,38,94.11,1,53.26,0
C0013,2026-02-28,Standard,East,39,65.4,2,36.75,0
C0014,2026-02-28,Premium,South,47,97.22,0,63.11,0
C0015,2026-02-28,Standard,West,56,71.93,3,59.46,0
C0016,2026-02-28,Basic,West,45,31.32,1,56.66,0
C0017,2026-02-28,Standard,North,46,72.72,2,53.47,0
C0018,2026-02-28,Basic,North,55,31.21,0,27.47,0
C0019,2026-02-28,Premium,East,31,99.5,1,52.54,0
C0020,2026-02-28,Standard,West,45,61.84,0,51.01,0
C0021,2026-02-28,Standard,North,61,58.64,3,48.08,0
C0022,2026-02-28,Basic,East,46,38.8,0,39.69,0
C0023,2026-02-28,Premium,North,60,97.23,1,65.05,0
C0024,2026-02-28,Premium,East,29,88.28,0,54.57,0
C0025,2026-02-28,Standard,East,3,67.3,1,38.08,0
C0026,2026-02-28,Basic,North,26,30.27,1,40.03,1
C0027,2026-02-28,Standard,East,42,73.91,1,48.24,0
C0028,2026-02-28,Basic,West,70,34.14,3,28.73,0
C0029,2026-02-28,Basic,West,59,33.4,0,36.32,0
C0030,2026-02-28,Standard,North,66,65.8,3,50.54,0
C0031,2026-02-28,Standard,North,32,62.88,3,37.97,0
C0032,2026-02-28,Premium,North,12,99.79,2,65.97,0
C0033,2026-02-28,Basic,South,40,39.27,1,41.56,0
C0034,2026-02-28,Basic,North,29,30.16,0,36.6,0
C0035,2026-02-28,Standard,West,7,67.89,1,57.29,0
C0036,2026-02-28,Basic,West,17,34.56,1,33.97,0
C0037,2026-02-28,Basic,West,7,48.7,1,26.44,1
C0038,2026-02-28,Standard,North,20,61.29,0,28.83,0
C0039,2026-02-28,Basic,North,17,29.25,0,27.86,0
C0040,2026-02-28,Standard,West,62,56.42,4,40.01,0
C0041,2026-02-28,Standard,South,48,65.09,1,37.4,0
C0042,2026-02-28,Premium,East,10,,1,44.35,0
C0043,2026-02-28,Standard,West,45,62.56,0,57.61,0
C0044,2026-02-28,Basic,North,67,31.22,0,40.34,0
C0045,2026-02-28,Premium,North,68,91.37,0,49.77,0
C0046,2026-02-28,Premium,North,47,98.14,1,48.7,0
C0047,2026-02-28,Basic,North,35,38.31,2,34.93,1
C0048,2026-02-28,Basic,North,70,47.23,0,10.05,0
C0049,2026-02-28,Standard,West,46,77.11,1,39.34,0
C0050,2026-02-28,Basic,East,51,33.42,1,14.12,0
C0051,2026-02-28,Basic,West,70,29.49,1,40.65,0
C0052,2026-02-28,Basic,West,14,27.89,1,29.79,0
C0053,2026-02-28,Standard,West,31,71.0,4,56.76,0
C0054,2026-02-28,Standard,North,24,60.81,2,59.2,0
C0055,2026-02-28,Standard,South,39,61.37,3,58.74,0
C0056,2026-02-28,Standard,West,28,65.13,0,30.48,0
C0057,2026-02-28,Standard,North,15,71.55,1,56.07,0
C0058,2026-02-28,Standard,North,48,60.03,2,35.03,0
C0059,2026-02-28,Basic,East,33,36.1,0,38.16,0
C0060,2026-02-28,Basic,West,42,36.56,1,44.61,0
C0061,2026-02-28,Standard,West,70,63.72,0,38.19,0
C0062,2026-02-28,Standard,West,14,61.89,0,46.63,0
C0063,2026-02-28,Standard,North,22,59.83,1,49.57,0
C0064,2026-02-28,Standard,West,52,61.61,0,41.47,0
C0065,2026-02-28,Standard,West,42,66.27,0,58.24,0
C0066,2026-02-28,Standard,East,59,67.35,3,47.1,0
C0067,2026-02-28,Standard,West,24,68.43,0,54.53,0
C0068,2026-02-28,Basic,West,64,39.84,1,28.53,0
C0069,2026-02-28,Basic,South,26,28.22,0,21.55,0
C0070,2026-02-28,Standard,North,55,58.88,4,37.85,0
C0071,2026-02-28,Basic,South,57,31.53,3,41.01,0
C0072,2026-02-28,,North,35,34.84,0,21.18,0
C0073,2026-02-28,Premium,North,14,94.11,1,57.24,0
C0074,2026-02-28,Basic,North,57,32.29,1,28.68,0
C0075,2026-02-28,Basic,East,70,38.57,1,38.11,1
C0076,2026-02-28,Basic,East,19,31.74,1,34.84,0
C0077,2026-02-28,Basic,East,46,23.92,2,57.91,0
C0078,2026-02-28,Standard,East,22,58.92,1,28.48,0
C0079,2026-02-28,Standard,East,20,69.3,2,58.64,0
C0080,2026-02-28,Standard,East,23,60.91,1,37.77,0
C0081,2026-02-28,Standard,North,68,65.31,0,44.87,0
C0082,2026-02-28,Basic,West,57,26.18,0,40.82,0
C0083,2026-02-28,Premium,South,64,95.85,1,53.11,0
C0084,2026-02-28,Basic,North,22,38.88,0,23.52,0
C0085,2026-02-28,Basic,West,4,37.79,1,46.87,0
C0086,2026-02-28,Basic,East,53,40.63,1,37.77,0
C0087,2026-02-28,Standard,North,8,60.0,1,56.97,0
C0088,2026-02-28,Standard,North,15,70.05,0,37.68,0
C0089,2026-02-28,Basic,North,41,36.75,1,36.1,0
C0090,2026-02-28,Standard,South,62,71.91,0,36.36,0
C0091,2026-02-28,Basic,North,40,36.43,2,39.19,0
C0092,2026-02-28,Standard,East,14,74.97,1,57.43,0
C0093,2026-02-28,Standard,East,24,66.88,0,40.11,0
C0094,2026-02-28,Basic,West,4,36.81,0,41.92,1
C0095,2026-02-28,Basic,East,60,28.27,2,25.84,0
C0096,2026-02-28,Standard,East,5,67.52,2,48.24,0
C0097,2026-02-28,Basic,East,4,32.45,3,24.71,0
C0098,2026-02-28,Basic,North,54,35.4,2,21.7,0
C0099,2026-02-28,Basic,North,56,33.16,1,35.4,0
C0100,2026-02-28,Premium,East,11,97.88,1,59.85,0
C0101,2026-02-28,Premium,North,38,84.8,1,79.87,0
C0102,2026-02-28,Standard,North,58,63.71,3,39.76,0
C0103,2026-02-28,Basic,North,15,37.77,2,49.25,0
C0104,2026-02-28,Premium,West,26,101.9,0,61.24,0
C0105,2026-02-28,Standard,South,4,81.36,2,37.68,0
C0106,2026-02-28,Standard,East,61,74.75,1,45.55,0
C0107,2026-02-28,Standard,South,67,72.04,1,51.7,0
C0108,2026-02-28,Basic,North,9,36.13,0,37.6,0
C0109,2026-02-28,Basic,South,63,29.39,0,29.08,0
C0110,2026-02-28,Premium,North,11,102.33,5,39.08,1
C0111,2026-02-28,Standard,West,36,70.59,3,38.66,0
C0112,2026-02-28,Basic,North,63,39.34,3,39.52,0
C0113,2026-02-28,Basic,South,51,40.79,0,33.59,0
C0114,2026-02-28,Standard,West,32,74.22,1,41.6,0
C0115,2026-02-28,Basic,East,18,,1,44.12,0
C0116,2026-02-28,Premium,South,4,103.46,2,56.58,0
C0117,2026-02-28,Standard,East,11,60.67,2,53.03,0
C0118,2026-02-28,Standard,West,54,63.69,0,35.8,0
C0119,2026-02-28,Standard,South,37,70.48,0,52.42,0
C0120,2026-02-28,Standard,East,4,66.3,1,69.67,0
C0121,2026-02-28,Standard,West,51,65.19,0,49.67,0
C0122,2026-02-28,Standard,East,53,64.74,0,56.83,0
C0123,2026-02-28,Basic,South,37,31.42,0,48.68,0
C0124,2026-02-28,Basic,North,44,30.33,0,44.96,0
C0125,2026-02-28,Basic,North,57,44.18,1,36.57,0
C0126,2026-02-28,Standard,West,64,67.89,0,46.11,0
C0127,2026-02-28,Basic,East,21,40.61,2,41.27,0
C0128,2026-02-28,Basic,South,24,30.53,1,15.85,0
C0129,2026-02-28,Basic,South,64,35.44,1,35.98,0
C0130,2026-02-28,Standard,East,47,62.76,2,42.57,0
C0131,2026-02-28,Basic,East,61,32.02,0,18.92,0
C0132,2026-02-28,Premium,East,13,94.31,1,68.41,0
C0133,2026-02-28,Standard,South,10,69.38,1,41.55,0
C0134,2026-02-28,Basic,East,47,44.72,2,51.95,0
C0135,2026-02-28,Standard,South,15,63.58,1,45.61,0
C0136,2026-02-28,Basic,West,10,35.91,0,33.03,0
C0137,2026-02-28,Premium,North,4,92.68,2,45.77,0
C0138,2026-02-28,Standard,North,36,62.67,0,42.49,0
C0139,2026-02-28,Standard,South,29,62.33,0,46.93,0
C0140,2026-02-28,Basic,East,54,42.14,0,46.53,0
C0141,2026-02-28,Standard,East,61,71.18,1,43.31,0
C0142,2026-02-28,Standard,South,23,61.52,3,43.15,0
C0143,2026-02-28,Premium,West,48,94.06,0,36.63,0
C0144,2026-02-28,Standard,South,55,67.64,0,50.94,0
C0145,2026-02-28,Standard,North,65,69.09,0,38.04,0
C0146,2026-02-28,Basic,North,6,24.21,0,30.07,0
C0147,2026-02-28,Basic,West,34,37.12,0,34.97,0
C0148,2026-02-28,Standard,North,22,61.16,0,42.11,0
C0149,2026-02-28,Standard,West,29,63.66,2,39.69,1
C0150,2026-02-28,Basic,South,4,31.92,2,57.87,0
C0151,2026-02-28,Premium,North,8,107.13,0,48.03,0
C0152,2026-02-28,Premium,South,62,99.43,1,47.41,0
C0153,2026-02-28,Basic,East,48,37.16,4,19.27,0
C0154,2026-02-28,Standard,South,56,73.47,0,31.7,0
C0155,2026-02-28,Basic,West,30,30.15,2,36.25,0
C0156,2026-02-28,Standard,East,17,70.43,4,32.29,1
C0157,2026-02-28,Basic,South,10,,1,44.85,0
C0158,2026-02-28,Standard,East,69,64.15,0,49.88,0
C0159,2026-02-28,Standard,West,46,69.05,0,55.8,0
C0160,2026-02-28,Standard,South,37,59.72,0,47.15,0
C0161,2026-02-28,Basic,North,27,33.82,1,38.28,1
C0162,2026-02-28,Premium,South,21,96.45,1,61.17,0
C0163,2026-02-28,Basic,West,11,36.5,1,31.5,0
C0164,2026-02-28,Basic,North,3,36.36,0,43.21,0
C0165,2026-02-28,Standard,West,40,51.53,0,30.34,0
C0166,2026-02-28,,East,57,39.97,0,15.6,0
C0167,2026-02-28,Premium,East,58,96.8,1,50.42,0
C0168,2026-02-28,Premium,South,65,93.47,1,56.35,0
C0169,2026-02-28,Basic,West,70,,1,27.85,0
C0170,2026-02-28,Premium,North,5,97.23,0,56.74,0
C0171,2026-02-28,Basic,South,55,37.19,1,38.76,0
C0172,2026-02-28,Standard,South,70,62.61,1,57.98,0
C0173,2026-02-28,Basic,South,29,33.52,1,48.61,0
C0174,2026-02-28,Premium,South,48,92.71,1,58.9,0
C0175,2026-02-28,Basic,North,37,38.79,0,50.01,0
C0176,2026-02-28,Basic,North,32,44.45,1,43.17,0
C0177,2026-02-28,,North,26,59.71,2,46.43,0
C0178,2026-02-28,Premium,East,13,92.89,2,55.95,0
C0179,2026-02-28,Premium,South,11,108.66,1,56.95,1
C0180,2026-02-28,Standard,East,26,65.34,0,49.24,0
C0181,2026-02-28,Premium,East,33,91.51,1,61.09,0
C0182,2026-02-28,Premium,East,55,89.11,1,32.51,0
C0183,2026-02-28,Standard,East,16,72.6,2,29.17,0
C0184,2026-02-28,Basic,East,35,31.17,3,27.17,0
C0185,2026-02-28,Standard,East,8,67.13,0,39.49,0
C0186,2026-02-28,Standard,East,41,60.66,0,43.06,0
C0187,2026-02-28,Basic,East,36,33.21,0,26.27,0
C0188,2026-02-28,Basic,South,32,22.2,5,25.9,1
C0189,2026-02-28,Standard,North,58,71.6,0,39.16,0
C0190,2026-02-28,Basic,West,4,29.52,0,67.19,0
C0191,2026-02-28,Premium,South,41,91.75,0,65.67,0
C0192,2026-02-28,Basic,East,32,32.04,1,38.83,0
C0193,2026-02-28,Basic,North,15,34.53,3,39.12,0
C0194,2026-02-28,Premium,South,38,98.63,3,45.53,0
C0195,2026-02-28,Basic,East,23,37.76,0,21.96,0
C0196,2026-02-28,Basic,East,30,32.08,1,44.13,0
C0197,2026-02-28,Standard,East,48,65.77,0,22.29,0
C0198,2026-02-28,Premium,South,59,100.65,2,50.63,0
C0199,2026-02-28,Basic,West,43,33.54,1,33.81,0
C0200,2026-02-28,Basic,East,12,31.09,1,34.64,0
C0201,2026-02-28,Standard,West,49,64.44,0,45.81,0
C0202,2026-02-28,Premium,East,45,96.26,0,60.06,0
C0203,2026-02-28,Standard,East,43,69.33,0,50.01,0
C0204,2026-02-28,Basic,West,22,43.92,0,22.07,0
C0205,2026-02-28,Basic,North,22,32.27,0,45.59,0
C0206,2026-02-28,Basic,West,40,43.03,0,35.83,0
C0207,2026-02-28,Basic,West,50,43.0,1,43.7,0
C0208,2026-02-28,Standard,East,61,63.3,0,48.17,0
C0209,2026-02-28,Basic,East,49,34.64,1,24.77,0
C0210,2026-02-28,Standard,East,50,66.57,1,42.49,0
C0211,2026-02-28,Standard,South,70,67.9,1,39.66,0
C0212,2026-02-28,Standard,West,41,70.71,1,46.11,0
C0213,2026-02-28,Basic,North,28,35.13,2,38.44,0
C0214,2026-02-28,Premium,South,53,88.36,1,76.67,0
C0215,2026-02-28,Standard,East,27,64.8,3,54.94,0
C0216,2026-02-28,Standard,West,22,58.11,2,40.34,0
C0217,2026-02-28,Basic,South,45,32.74,2,42.52,0
C0218,2026-02-28,Basic,South,69,28.42,0,44.67,0
C0219,2026-02-28,Premium,North,45,91.33,0,60.57,0
C0220,2026-02-28,Basic,North,18,35.94,1,20.93,1
C0221,2026-02-28,Basic,North,17,39.34,0,33.17,1
C0222,2026-02-28,Standard,North,19,63.99,2,68.55,0
C0223,2026-02-28,Standard,West,30,61.78,1,32.83,0
C0224,2026-02-28,Premium,West,31,97.98,0,44.43,0
C0225,2026-02-28,Basic,West,16,33.34,1,43.39,1
C0226,2026-02-28,Premium,North,25,89.0,2,51.58,0
C0227,2026-02-28,Basic,North,68,,1,33.37,0
C0228,2026-02-28,Standard,South,35,63.61,0,41.35,0
C0229,2026-02-28,Standard,East,49,67.8,2,31.6,0
C0230,2026-02-28,Basic,South,47,30.73,0,30.14,0
C0231,2026-02-28,Basic,South,36,35.13,3,30.0,0
C0232,2026-02-28,Basic,North,43,30.19,1,54.97,1
C0233,2026-02-28,Premium,East,60,96.78,0,50.24,0
C0234,2026-02-28,Standard,South,60,64.74,1,54.39,0
C0235,2026-02-28,Premium,North,17,95.94,0,42.02,0
C0236,2026-02-28,Premium,East,13,100.98,0,52.94,0
C0237,2026-02-28,Standard,West,57,73.66,1,41.26,0
C0238,2026-02-28,Standard,North,18,56.64,1,24.63,0
C0239,2026-02-28,Basic,South,52,31.22,1,23.79,0
C0240,2026-02-28,Basic,West,13,34.87,1,24.93,0
C0241,2026-02-28,Premium,East,18,105.33,2,33.15,0
C0242,2026-02-28,Standard,West,33,61.68,1,37.37,0
C0243,2026-02-28,Basic,South,61,32.95,1,43.38,0
C0244,2026-02-28,Standard,South,66,57.93,1,49.55,0
C0245,2026-02-28,Standard,East,4,67.93,4,57.59,0
C0246,2026-02-28,Premium,North,40,96.95,2,58.08,0
C0247,2026-02-28,Standard,North,26,67.14,3,57.43,0
C0248,2026-02-28,Basic,East,14,35.25,0,24.43,0
C0249,2026-02-28,Basic,East,10,36.17,1,33.76,0
C0250,2026-02-28,Standard,North,32,68.9,2,45.2,0
C0251,2026-02-28,Standard,East,27,62.9,1,35.14,0
C0252,2026-02-28,Premium,South,62,100.47,2,56.03,0
C0253,2026-02-28,Standard,East,8,69.12,2,40.66,0
C0254,2026-02-28,Basic,West,63,41.26,0,31.79,0
C0255,2026-02-28,Basic,North,38,,1,21.27,1
C0256,2026-02-28,Standard,West,43,55.96,1,23.71,0
C0257,2026-02-28,Premium,South,19,89.75,0,53.76,0
C0258,2026-02-28,Basic,West,11,35.74,0,45.42,0
C0259,2026-02-28,Basic,South,44,33.05,1,30.23,1
C0260,2026-02-28,Standard,South,3,60.12,1,44.15,0
C0261,2026-02-28,Basic,West,33,32.61,3,41.89,0
C0262,2026-02-28,Premium,East,63,95.2,1,60.64,0
C0263,2026-02-28,Basic,North,50,30.08,0,47.77,0
C0264,2026-02-28,Basic,East,14,38.55,0,55.02,1
C0265,2026-02-28,Premium,West,64,105.15,0,45.51,0
C0266,2026-02-28,Basic,South,33,37.55,1,50.89,0
C0267,2026-02-28,Basic,West,36,30.61,1,40.25,0
C0268,2026-02-28,Basic,East,9,35.18,0,42.32,0
C0269,2026-02-28,Basic,South,69,33.83,2,37.66,0
C0270,2026-02-28,Basic,North,57,39.02,1,32.29,1
C0271,2026-02-28,Basic,East,10,33.36,1,20.32,1
C0272,2026-02-28,Basic,North,23,37.4,0,42.32,0
C0273,2026-02-28,Basic,West,29,33.38,4,25.03,0
C0274,2026-02-28,Standard,East,20,64.09,1,39.36,0
C0275,2026-02-28,Standard,South,52,58.48,4,66.79,0
C0276,2026-02-28,Basic,North,25,31.76,3,32.3,1
C0277,2026-02-28,Basic,East,68,43.08,1,40.6,0
C0278,2026-02-28,Standard,North,70,59.5,1,43.55,0
C0279,2026-02-28,Premium,South,29,94.06,3,57.92,0
C0280,2026-02-28,Premium,West,48,94.6,2,59.67,0
C0281,2026-02-28,Basic,West,42,36.14,0,39.74,0
C0282,2026-02-28,Basic,West,23,29.78,1,53.19,0
C0283,2026-02-28,Basic,West,8,39.68,1,33.02,0
C0284,2026-02-28,Basic,East,65,33.9,0,47.26,0
C0285,2026-02-28,Standard,North,20,63.83,1,38.53,0
C0286,2026-02-28,Basic,West,65,28.32,0,46.06,0
C0287,2026-02-28,Basic,West,51,31.43,1,29.06,0
C0288,2026-02-28,Basic,West,48,39.63,1,26.67,0
C0289,2026-02-28,Standard,East,11,66.94,0,44.21,0
C0290,2026-02-28,Basic,North,48,32.29,3,39.7,0
C0291,2026-02-28,Premium,East,31,96.68,0,55.28,0
C0292,2026-02-28,Basic,South,46,,2,48.13,0
C0293,2026-02-28,Premium,West,36,100.27,0,59.97,0
C0294,2026-02-28,Basic,South,70,42.13,0,59.38,0
C0295,2026-02-28,Premium,South,16,87.56,2,67.24,0
C0296,2026-02-28,Premium,North,17,97.49,0,52.28,0
C0297,2026-02-28,Premium,West,32,91.23,2,60.72,0
C0298,2026-02-28,Premium,West,29,91.69,1,38.16,0
C0299,2026-02-28,Standard,North,53,66.91,2,40.24,0
C0300,2026-02-28,Standard,South,12,66.9,0,34.88,0
C0301,2026-02-28,Standard,South,50,60.51,1,61.28,0
C0302,2026-02-28,,South,52,31.3,1,40.06,0
C0303,2026-02-28,Standard,West,12,74.02,4,43.71,0
C0304,2026-02-28,Standard,North,46,60.09,1,50.57,0
C0305,2026-02-28,Premium,South,54,100.36,0,37.26,0
C0306,2026-02-28,Standard,North,13,68.47,1,19.24,0
C0307,2026-02-28,Basic,North,48,43.14,0,54.28,0
C0308,2026-02-28,Standard,West,33,66.99,2,47.06,0
C0309,2026-02-28,Basic,West,46,,0,43.72,0
C0310,2026-02-28,Basic,North,49,35.61,2,14.97,0
C0311,2026-02-28,Standard,East,46,67.52,1,44.64,0
C0312,2026-02-28,Basic,North,7,30.87,1,55.01,0
C0313,2026-02-28,Basic,North,66,35.69,3,54.04,0
C0314,2026-02-28,Basic,South,27,32.25,1,47.6,0
C0315,2026-02-28,Basic,North,65,36.54,0,32.72,0
C0316,2026-02-28,Basic,South,68,34.93,1,31.87,0
C0317,2026-02-28,Basic,West,62,31.66,1,19.73,0
C0318,2026-02-28,,East,56,58.74,0,46.0,0
C0319,2026-02-28,Basic,East,33,31.8,2,40.47,0
C0320,2026-02-28,Premium,South,12,100.88,1,30.0,0
C0321,2026-02-28,Premium,North,58,95.02,1,48.23,0
C0322,2026-02-28,Standard,North,38,59.57,1,37.11,0
C0323,2026-02-28,Basic,South,32,41.8,1,20.1,0
C0324,2026-02-28,Standard,North,43,58.95,1,50.2,0
C0325,2026-02-28,Premium,West,18,91.87,1,30.82,0
C0326,2026-02-28,Standard,West,48,66.58,2,45.1,0
C0327,2026-02-28,Premium,West,44,92.05,0,59.4,0
C0328,2026-02-28,Standard,East,48,64.97,0,36.09,0
C0329,2026-02-28,Standard,East,3,,5,18.32,1
C0330,2026-02-28,Basic,East,11,25.72,2,34.41,0
C0331,2026-02-28,Standard,South,44,59.68,1,55.4,0
C0332,2026-02-28,Basic,East,56,42.38,1,13.86,1
C0333,2026-02-28,Standard,West,22,66.35,2,36.57,0
C0334,2026-02-28,Premium,West,64,90.07,1,45.73,0
C0335,2026-02-28,Basic,East,32,39.04,0,48.22,0
C0336,2026-02-28,Standard,North,45,60.07,0,35.31,0
C0337,2026-02-28,Basic,East,14,32.28,0,44.55,0
C0338,2026-02-28,Standard,South,44,67.95,0,53.71,0
C0339,2026-02-28,Basic,East,69,29.55,0,49.81,0
C0340,2026-02-28,Premium,East,31,88.87,1,52.03,0
C0341,2026-02-28,Basic,West,45,41.52,1,32.68,1
C0342,2026-02-28,Premium,South,56,95.37,1,46.76,0
C0343,2026-02-28,Premium,West,15,98.2,0,59.68,0
C0344,2026-02-28,Standard,West,27,57.95,0,40.43,1
C0345,2026-02-28,Standard,South,22,,0,43.0,0
C0346,2026-02-28,Standard,South,38,53.95,3,47.62,0
C0347,2026-02-28,Premium,East,18,88.98,1,38.61,0
C0348,2026-02-28,Basic,West,38,36.69,1,34.03,0
C0349,2026-02-28,Standard,East,59,61.84,0,52.84,0
C0350,2026-02-28,Basic,West,4,32.1,1,32.92,0
C0351,2026-02-28,Standard,South,3,67.24,0,24.08,1
C0352,2026-02-28,Basic,East,22,28.94,1,35.26,0
C0353,2026-02-28,Standard,South,9,70.62,2,51.27,0
C0354,2026-02-28,Standard,West,31,66.94,2,30.55,0
C0355,2026-02-28,Standard,South,11,65.79,0,32.51,0
C0356,2026-02-28,Standard,East,9,66.97,4,55.19,1
C0357,2026-02-28,Standard,North,43,73.45,2,54.14,0
C0358,2026-02-28,Standard,West,63,63.92,2,49.21,0
C0359,2026-02-28,Standard,South,27,61.54,0,58.32,0
C0360,2026-02-28,Standard,South,49,64.46,1,48.7,0
C0361,2026-02-28,Premium,East,16,98.31,1,50.49,0
C0362,2026-02-28,Basic,South,8,37.01,0,39.45,0
C0363,2026-02-28,Basic,West,67,21.14,1,39.77,0
C0364,2026-02-28,Basic,East,27,37.23,0,35.57,1
C0365,2026-02-28,Standard,East,49,73.75,2,54.5,0
C0366,2026-02-28,Basic,North,51,27.04,1,41.17,0
C0367,2026-02-28,Standard,North,56,55.25,3,38.6,0
C0368,2026-02-28,Standard,South,58,66.43,3,40.72,0
C0369,2026-02-28,Basic,West,53,32.22,2,59.72,0
C0370,2026-02-28,Premium,West,41,92.46,1,47.71,0
C0371,2026-02-28,Standard,East,44,62.34,0,47.89,0
C0372,2026-02-28,Basic,East,56,41.86,3,48.25,0
C0373,2026-02-28,Basic,South,52,38.29,2,47.02,0
C0374,2026-02-28,Basic,North,19,25.77,1,33.33,0
C0375,2026-02-28,Basic,North,8,36.13,1,47.12,0
C0376,2026-02-28,Basic,South,16,19.34,2,27.29,0
C0377,2026-02-28,Premium,South,60,94.96,0,53.86,0
C0378,2026-02-28,Standard,North,61,68.99,1,62.3,0
C0379,2026-02-28,Basic,South,41,28.32,3,30.41,1
C0380,2026-02-28,Standard,North,5,65.21,0,39.93,0
C0381,2026-02-28,Standard,East,35,70.67,1,44.26,0
C0382,2026-02-28,Premium,West,13,98.27,0,51.91,0
C0383,2026-02-28,Standard,East,51,64.35,1,44.66,0
C0384,2026-02-28,Standard,South,68,70.74,0,37.24,0
C0385,2026-02-28,Basic,South,39,36.61,0,28.2,0
C0386,2026-02-28,Premium,South,60,104.64,1,35.66,0
C0387,2026-02-28,Standard,North,56,71.02,2,55.68,0
C0388,2026-02-28,Premium,East,57,96.59,1,50.17,0
C0389,2026-02-28,Basic,East,40,32.41,3,40.11,0
C0390,2026-02-28,Premium,North,43,90.44,0,39.22,0
C0391,2026-02-28,Standard,South,52,70.62,1,51.99,0
C0392,2026-02-28,Basic,South,58,36.03,1,44.33,0
C0393,2026-02-28,Standard,North,46,63.11,3,48.83,0
C0394,2026-02-28,Standard,East,47,59.94,0,40.83,0
C0395,2026-02-28,Basic,East,64,32.93,1,45.82,0
C0396,2026-02-28,Standard,East,26,63.09,1,42.0,1
C0397,2026-02-28,Premium,East,8,99.83,1,51.19,0
C0398,2026-02-28,Basic,West,13,29.45,0,37.82,0
C0399,2026-02-28,Standard,West,29,64.83,3,41.15,0
C0400,2026-02-28,Standard,East,6,72.2,2,53.67,0
C0001,2026-03-31,Standard,North,50,64.82,0,47.33,0
C0002,2026-03-31,Standard,South,28,57.73,0,29.04,0
C0003,2026-03-31,Premium,East,70,101.58,1,63.99,0
C0004,2026-03-31,Standard,West,42,62.66,1,52.58,0
C0005,2026-03-31,Basic,East,13,47.24,4,25.11,0
C0006,2026-03-31,Premium,West,37,100.55,0,53.55,0
C0007,2026-03-31,Standard,East,38,64.7,3,56.53,0
C0008,2026-03-31,Standard,North,54,74.87,0,53.86,0
C0009,2026-03-31,Basic,South,32,33.74,1,49.62,0
C0010,2026-03-31,Standard,West,29,73.37,1,35.53,0
C0011,2026-03-31,Basic,North,58,35.68,3,49.57,0
C0012,2026-03-31,Premium,West,4,98.58,1,58.11,0
C0013,2026-03-31,Standard,East,21,64.23,0,44.29,0
C0014,2026-03-31,Premium,South,5,93.53,2,60.62,0
C0015,2026-03-31,Standard,West,68,60.21,1,58.8,0
C0016,2026-03-31,Basic,West,63,35.86,0,56.79,0
C0017,2026-03-31,Standard,North,12,59.19,1,52.23,0
C0018,2026-03-31,Basic,North,39,38.06,0,27.81,0
C0019,2026-03-31,Premium,East,50,85.88,1,61.39,0
C0020,2026-03-31,Standard,West,58,81.04,0,41.54,0
C0021,2026-03-31,Standard,North,53,67.13,0,46.06,0
C0022,2026-03-31,Basic,East,29,27.76,1,45.39,0
C0023,2026-03-31,Premium,North,64,104.54,1,67.52,0
C0024,2026-03-31,Premium,East,69,102.63,1,55.65,0
C0025,2026-03-31,Standard,East,36,71.52,0,39.45,0
C0026,2026-03-31,Basic,North,30,31.25,2,41.76,0
C0027,2026-03-31,Standard,East,69,67.84,1,50.9,0
C0028,2026-03-31,Basic,West,4,32.52,0,27.41,0
C0029,2026-03-31,Basic,West,48,30.17,0,33.71,0
C0030,2026-03-31,Standard,North,16,66.02,0,45.12,0
C0031,2026-03-31,Standard,North,30,67.73,2,37.61,0
C0032,2026-03-31,Premium,North,56,97.05,0,52.6,0
C0033,2026-03-31,Basic,South,38,30.66,0,36.51,0
C0034,2026-03-31,Basic,North,6,34.17,1,26.41,0
C0035,2026-03-31,Standard,West,53,58.32,1,61.47,0
C0036,2026-03-31,Basic,West,35,23.99,1,35.23,0
C0037,2026-03-31,Basic,West,70,31.82,1,21.59,0
C0038,2026-03-31,Standard,North,29,68.79,0,47.26,0
C0039,2026-03-31,Basic,North,52,39.38,2,26.14,1
C0040,2026-03-31,Standard,West,46,59.01,2,56.42,0
C0041,2026-03-31,Standard,South,32,62.32,1,38.28,0
C0042,2026-03-31,Premium,East,37,92.4,0,46.62,0
C0043,2026-03-31,Standard,West,37,66.77,2,54.8,0
C0044,2026-03-31,Basic,North,54,30.18,0,35.64,0
C0045,2026-03-31,Premium,North,22,95.4,0,43.88,0
C0046,2026-03-31,Premium,North,42,87.75,1,53.63,0
C0047,2026-03-31,Basic,North,69,29.63,0,36.68,0
C0048,2026-03-31,Basic,North,59,28.55,3,17.35,0
C0049,2026-03-31,Standard,West,13,69.96,0,38.51,0
C0050,2026-03-31,Basic,East,15,31.46,1,15.58,0
C0051,2026-03-31,Basic,West,24,41.53,2,34.72,0
C0052,2026-03-31,Basic,West,66,35.73,0,34.45,0
C0053,2026-03-31,Standard,West,29,59.36,0,52.99,0
C0054,2026-03-31,Standard,North,61,69.72,1,55.37,1
C0055,2026-03-31,Standard,South,30,67.05,2,46.77,1
C0056,2026-03-31,Standard,West,53,57.65,1,45.18,0
C0057,2026-03-31,Standard,North,18,72.24,1,58.74,0
C0058,2026-03-31,Standard,North,69,69.77,1,38.99,0
C0059,2026-03-31,Basic,East,55,31.79,1,33.98,0
C0060,2026-03-31,Basic,West,22,26.7,2,45.1,0
C0061,2026-03-31,Standard,West,6,61.82,0,41.34,0
C0062,2026-03-31,Standard,West,68,51.67,2,52.92,0
C0063,2026-03-31,Standard,North,22,58.99,1,60.65,0
C0064,2026-03-31,Standard,West,11,66.7,0,33.57,0
C0065,2026-03-31,Standard,West,35,55.29,2,52.86,0
C0066,2026-03-31,Standard,East,35,64.14,4,56.56,0
C0067,2026-03-31,Standard,West,38,67.77,4,43.17,0
C0068,2026-03-31,Basic,West,37,35.73,1,30.17,0
C0069,2026-03-31,Basic,South,68,40.13,1,27.16,0
C0070,2026-03-31,Standard,North,63,71.07,1,46.13,0
C0071,2026-03-31,Basic,South,47,34.96,0,39.58,0
C0072,2026-03-31,Basic,North,17,38.79,3,29.52,1
C0073,2026-03-31,Premium,North,13,94.37,1,57.99,0
C0074,2026-03-31,Basic,North,12,44.04,0,26.04,0
C0075,2026-03-31,Basic,East,35,,2,36.0,0
C0076,2026-03-31,Basic,East,14,41.28,1,34.72,0
C0077,2026-03-31,Basic,East,12,33.66,0,63.6,0
C0078,2026-03-31,Standard,East,18,69.63,1,27.8,0
C0079,2026-03-31,Standard,East,45,67.39,1,57.64,0
C0080,2026-03-31,Standard,East,50,59.27,0,49.49,0
C0081,2026-03-31,Standard,North,67,54.86,1,52.38,0
C0082,2026-03-31,Basic,West,13,38.72,1,47.29,0
C0083,2026-03-31,Premium,South,54,96.41,3,51.6,0
C0084,2026-03-31,Basic,North,37,32.27,2,44.05,0
C0085,2026-03-31,Basic,West,22,35.56,2,55.99,0
C0086,2026-03-31,Basic,East,49,,2,38.85,0
C0087,2026-03-31,Standard,North,62,71.32,2,48.96,0
C0088,2026-03-31,Standard,North,54,65.39,0,42.95,0
C0089,2026-03-31,Basic,North,32,39.88,2,30.6,0
C0090,2026-03-31,Standard,South,27,62.48,0,37.75,0
C0091,2026-03-31,Basic,North,28,42.2,2,42.92,0
C0092,2026-03-31,Standard,East,21,55.82,1,60.9,0
C0093,2026-03-31,Standard,East,21,68.11,2,41.28,0
C0094,2026-03-31,Basic,West,43,38.21,2,36.27,1
C0095,2026-03-31,Basic,East,4,34.06,2,32.0,0
C0096,2026-03-31,Standard,East,35,60.8,0,49.31,0
C0097,2026-03-31,Basic,East,16,35.17,0,21.05,0
C0098,2026-03-31,Basic,North,24,43.05,2,32.91,1
C0099,2026-03-31,Basic,North,68,38.42,3,41.66,0
C0100,2026-03-31,Premium,East,43,98.64,1,60.02,0
C0101,2026-03-31,Premium,North,24,87.47,0,76.6,0
C0102,2026-03-31,Standard,North,62,64.95,2,50.29,0
C0103,2026-03-31,Basic,North,36,29.86,0,54.53,0
C0104,2026-03-31,Premium,West,27,94.09,2,60.38,0
C0105,2026-03-31,Standard,South,65,73.79,1,45.0,0
C0106,2026-03-31,Standard,East,47,74.45,4,49.42,1
C0107,2026-03-31,Standard,South,6,72.43,2,51.38,0
C0108,2026-03-31,Basic,North,69,33.69,2,34.47,0
C0109,2026-03-31,Basic,South,41,36.7,0,35.35,0
C0110,2026-03-31,Premium,North,5,98.92,0,48.51,0
C0111,2026-03-31,Standard,West,24,65.17,1,40.72,0
C0112,2026-03-31,Basic,North,4,32.73,0,51.2,0
C0113,2026-03-31,Basic,South,5,34.89,1,32.19,1
C0114,2026-03-31,Standard,West,22,69.85,3,39.25,1
C0115,2026-03-31,Basic,East,46,47.97,2,45.36,0
C0116,2026-03-31,Premium,South,63,89.98,1,52.46,0
C0117,2026-03-31,Standard,East,54,62.28,0,46.39,0
C0118,2026-03-31,Standard,West,46,63.29,0,48.71,0
C0119,2026-03-31,Standard,South,38,61.16,1,53.19,0
C0120,2026-03-31,Standard,East,39,64.78,1,60.8,0
C0121,2026-03-31,Standard,West,67,71.26,2,57.7,0
C0122,2026-03-31,Standard,East,21,65.82,0,59.63,0
C0123,2026-03-31,Basic,South,6,31.57,2,51.25,0
C0124,2026-03-31,Basic,North,13,30.59,2,50.24,0
C0125,2026-03-31,Basic,North,28,38.04,1,44.58,0
C0126,2026-03-31,Standard,West,41,71.36,1,39.66,0
C0127,2026-03-31,Basic,East,42,42.86,0,35.43,0
C0128,2026-03-31,Basic,South,41,33.41,2,20.33,1
C0129,2026-03-31,Basic,South,14,34.8,1,44.15,0
C0130,2026-03-31,Standard,East,14,63.71,3,33.17,0
C0131,2026-03-31,Basic,East,8,32.73,1,30.02,0
C0132,2026-03-31,Premium,East,12,101.31,2,68.69,0
C0133,2026-03-31,Standard,South,45,,0,50.04,0
C0134,2026-03-31,Basic,East,70,32.71,1,51.01,0
C0135,2026-03-31,Standard,South,28,62.77,2,44.37,0
C0136,2026-03-31,Basic,West,10,36.43,2,24.39,0
C0137,2026-03-31,Premium,North,23,98.93,0,57.91,0
C0138,2026-03-31,Standard,North,32,64.28,1,41.88,0
C0139,2026-03-31,Standard,South,37,66.11,1,50.31,0
C0140,2026-03-31,Basic,East,59,38.12,1,45.06,0
C0141,2026-03-31,Standard,East,38,73.42,1,45.66,0
C0142,2026-03-31,Standard,South,53,62.05,1,48.47,0
C0143,2026-03-31,Premium,West,27,96.96,0,41.56,0
C0144,2026-03-31,Standard,South,29,61.73,2,51.75,0
C0145,2026-03-31,Standard,North,25,64.09,1,44.42,0
C0146,2026-03-31,Basic,North,49,33.8,2,28.42,0
C0147,2026-03-31,Basic,West,11,35.48,1,31.05,0
C0148,2026-03-31,Standard,North,11,67.12,3,51.22,0
C0149,2026-03-31,Standard,West,54,64.51,4,39.97,0
C0150,2026-03-31,Basic,South,5,39.06,0,53.38,0
C0151,2026-03-31,Premium,North,64,91.79,3,52.43,0
C0152,2026-03-31,Premium,South,64,103.86,0,54.7,0
C0153,2026-03-31,Basic,East,43,26.39,1,23.22,0
C0154,2026-03-31,Standard,South,52,74.1,0,36.71,0
C0155,2026-03-31,Basic,West,29,32.51,0,30.2,0
C0156,2026-03-31,Standard,East,9,63.37,0,44.58,0
C0157,2026-03-31,Basic,South,29,29.92,1,50.43,1
C0158,2026-03-31,Standard,East,42,72.5,1,50.47,0
C0159,2026-03-31,Standard,West,36,66.25,3,48.04,0
C0160,2026-03-31,Standard,South,31,62.07,1,39.57,0
C0161,2026-03-31,Basic,North,10,44.16,1,29.7,0
C0162,2026-03-31,Premium,South,12,97.98,2,56.58,0
C0163,2026-03-31,Basic,West,60,42.37,2,34.14,0
C0164,2026-03-31,Basic,North,58,33.47,3,56.77,0
C0165,2026-03-31,Standard,West,15,68.0,2,24.8,0
C0166,2026-03-31,Basic,East,57,28.95,0,28.66,0
C0167,2026-03-31,Premium,East,69,93.23,2,45.95,0
C0168,2026-03-31,Premium,South,43,103.84,0,47.14,0
C0169,2026-03-31,Basic,West,23,40.41,2,40.36,0
C0170,2026-03-31,Premium,North,44,94.84,2,52.49,0
C0171,2026-03-31,Basic,South,22,31.77,1,27.27,0
C0172,2026-03-31,Standard,South,23,66.78,1,51.55,0
C0173,2026-03-31,Basic,South,61,27.17,2,54.87,0
C0174,2026-03-31,Premium,South,15,98.06,1,59.01,0
C0175,2026-03-31,Basic,North,4,36.75,2,44.35,0
C0176,2026-03-31,Basic,North,51,35.22,1,37.75,0
C0177,2026-03-31,Standard,North,8,70.86,5,31.05,1
C0178,2026-03-31,Premium,East,21,89.31,4,62.28,1
C0179,2026-03-31,Premium,South,42,101.92,0,54.48,0
C0180,2026-03-31,Standard,East,39,68.71,0,45.71,0
C0181,2026-03-31,Premium,East,39,101.15,3,76.69,0
C0182,2026-03-31,Premium,East,5,89.96,2,40.19,1
C0183,2026-03-31,Standard,East,40,72.73,1,33.62,0
C0184,2026-03-31,Basic,East,15,35.73,1,20.1,0
C0185,2026-03-31,Standard,East,14,64.32,1,36.67,0
C0186,2026-03-31,Standard,East,29,65.01,1,44.31,0
C0187,2026-03-31,Basic,East,64,33.88,1,25.25,0
C0188,2026-03-31,Basic,South,13,34.82,0,34.1,0
C0189,2026-03-31,Standard,North,39,64.54,1,34.0,0
C0190,2026-03-31,Basic,West,68,27.7,2,54.78,0
C0191,2026-03-31,Premium,South,23,95.2,3,70.48,0
C0192,2026-03-31,Basic,East,69,32.04,0,37.72,0
C0193,2026-03-31,Basic,North,52,28.48,3,41.75,1
C0194,2026-03-31,Premium,South,43,100.23,0,43.51,0
C0195,2026-03-31,Basic,East,61,36.03,1,13.82,0
C0196,2026-03-31,Basic,East,8,35.95,0,44.15,0
C0197,2026-03-31,Standard,East,8,54.88,3,34.21,1
C0198,2026-03-31,Premium,South,40,101.0,0,63.01,0
C0199,2026-03-31,Basic,West,70,44.25,1,28.35,0
C0200,2026-03-31,Basic,East,71,33.31,1,34.25,0
C0201,2026-03-31,Standard,West,42,73.62,0,46.24,0
C0202,2026-03-31,Premium,East,13,88.79,2,69.28,0
C0203,2026-03-31,Standard,East,27,72.22,2,40.42,0
C0204,2026-03-31,Basic,West,55,32.76,4,20.01,0
C0205,2026-03-31,Basic,North,15,28.93,2,43.05,0
C0206,2026-03-31,Basic,West,42,35.17,0,34.28,0
C0207,2026-03-31,Basic,West,16,37.35,1,36.39,0
C0208,2026-03-31,Standard,East,48,63.96,0,42.1,0
C0209,2026-03-31,Basic,East,29,33.33,0,24.73,0
C0210,2026-03-31,Standard,East,28,62.99,0,41.19,0
C0211,2026-03-31,Standard,South,51,65.62,3,55.36,0
C0212,2026-03-31,Standard,West,41,,1,58.97,0
C0213,2026-03-31,Basic,North,71,34.1,1,45.13,0
C0214,2026-03-31,Premium,South,31,97.78,2,63.69,0
C0215,2026-03-31,Standard,East,65,70.75,0,44.31,0
C0216,2026-03-31,Standard,West,52,67.86,1,47.32,1
C0217,2026-03-31,Basic,South,20,43.8,0,47.36,0
C0218,2026-03-31,Basic,South,25,25.97,0,68.46,0
C0219,2026-03-31,Premium,North,68,91.56,1,74.77,0
C0220,2026-03-31,Basic,North,28,36.12,5,31.75,1
C0221,2026-03-31,Basic,North,38,30.44,3,31.34,0
C0222,2026-03-31,Standard,North,38,64.32,0,63.74,0
C0223,2026-03-31,Standard,West,18,69.19,1,36.26,0
C0224,2026-03-31,Premium,West,5,92.27,1,43.75,0
C0225,2026-03-31,Basic,West,61,36.9,1,39.82,0
C0226,2026-03-31,Premium,North,52,94.07,1,57.09,0
C0227,2026-03-31,Basic,North,16,30.09,1,42.03,0
C0228,2026-03-31,Standard,South,66,65.97,2,34.42,0
C0229,2026-03-31,Standard,East,6,64.72,3,42.51,0
C0230,2026-03-31,Basic,South,9,32.31,1,31.68,0
C0231,2026-03-31,Basic,South,19,33.24,0,42.62,0
C0232,2026-03-31,Basic,North,30,51.47,0,60.64,0
C0233,2026-03-31,Premium,East,49,99.55,0,55.62,0
C0234,2026-03-31,Standard,South,26,69.86,1,56.16,0
C0235,2026-03-31,Premium,North,47,95.67,0,58.61,0
C0236,2026-03-31,Premium,East,32,88.74,2,51.88,0
C0237,2026-03-31,Standard,West,12,65.11,0,43.45,0
C0238,2026-03-31,Standard,North,41,73.95,1,21.43,0
C0239,2026-03-31,Basic,South,9,42.72,0,32.53,0
C0240,2026-03-31,Basic,West,6,35.37,1,20.75,0
C0241,2026-03-31,Premium,East,42,,3,29.22,0
C0242,2026-03-31,Standard,West,36,60.15,2,31.75,0
C0243,2026-03-31,Basic,South,24,29.94,0,54.09,0
C0244,2026-03-31,Standard,South,41,65.37,1,42.98,0
C0245,2026-03-31,Standard,East,39,63.5,2,51.97,0
C0246,2026-03-31,Premium,North,12,90.24,0,50.3,0
C0247,2026-03-31,Standard,North,69,68.25,1,52.72,0
C0248,2026-03-31,Basic,East,65,35.57,1,23.58,0
C0249,2026-03-31,Basic,East,65,33.31,0,48.03,0
C0250,2026-03-31,Standard,North,44,73.33,2,52.77,0
C0251,2026-03-31,Standard,East,18,60.29,0,42.91,0
C0252,2026-03-31,Premium,South,10,88.44,1,61.17,0
C0253,2026-03-31,Standard,East,71,65.51,3,49.57,0
C0254,2026-03-31,Basic,West,67,29.79,1,33.42,0
C0255,2026-03-31,Basic,North,62,37.78,0,30.0,0
C0256,2026-03-31,Standard,West,52,68.08,1,44.66,0
C0257,2026-03-31,Premium,South,22,89.92,2,51.83,0
C0258,2026-03-31,Basic,West,32,40.76,1,36.2,0
C0259,2026-03-31,Basic,South,43,27.19,0,33.59,0
C0260,2026-03-31,Standard,South,68,70.26,1,55.12,0
C0261,2026-03-31,Basic,West,29,33.88,2,41.91,0
C0262,2026-03-31,Premium,East,30,92.22,3,58.97,1
C0263,2026-03-31,Basic,North,35,25.93,0,48.31,0
C0264,2026-03-31,Basic,East,14,35.88,2,47.08,0
C0265,2026-03-31,Premium,West,42,90.31,0,43.6,0
C0266,2026-03-31,Basic,South,53,32.74,5,47.97,0
C0267,2026-03-31,Basic,West,56,34.22,2,39.9,0
C0268,2026-03-31,Basic,East,38,29.84,1,41.25,0
C0269,2026-03-31,Basic,South,50,25.71,1,45.05,0
C0270,2026-03-31,Basic,North,56,38.1,0,41.14,0
C0271,2026-03-31,Basic,East,26,36.0,0,16.56,0
C0272,2026-03-31,Basic,North,59,32.97,3,34.14,0
C0273,2026-03-31,Basic,West,49,41.75,2,27.2,0
C0274,2026-03-31,Standard,East,4,58.1,0,50.33,0
C0275,2026-03-31,Standard,South,63,55.64,0,52.92,0
C0276,2026-03-31,Basic,North,66,35.39,1,28.66,0
C0277,2026-03-31,Basic,East,11,27.99,1,40.26,0
C0278,2026-03-31,Standard,North,48,,1,32.76,0
C0279,2026-03-31,Premium,South,50,99.54,0,44.52,0
C0280,2026-03-31,Premium,West,61,102.74,0,53.56,0
C0281,2026-03-31,Basic,West,6,30.44,5,35.3,1
C0282,2026-03-31,Basic,West,29,33.53,3,47.34,0
C0283,2026-03-31,Basic,West,13,27.77,2,36.12,0
C0284,2026-03-31,Basic,East,8,31.4,1,53.75,0
C0285,2026-03-31,Standard,North,68,54.07,0,52.27,0
C0286,2026-03-31,Basic,West,61,30.69,1,43.04,0
C0287,2026-03-31,Basic,West,29,41.24,2,39.64,1
C0288,2026-03-31,Basic,West,61,27.25,2,35.92,0
C0289,2026-03-31,Standard,East,7,66.75,2,44.19,0
C0290,2026-03-31,Basic,North,26,37.23,2,28.47,0
C0291,2026-03-31,Premium,East,18,91.84,2,56.8,0
C0292,2026-03-31,Basic,South,55,23.13,2,40.98,0
C0293,2026-03-31,Premium,West,32,96.69,2,61.67,0
C0294,2026-03-31,Basic,South,47,28.34,1,50.81,0
C0295,2026-03-31,Premium,South,29,93.65,1,68.14,0
C0296,2026-03-31,Premium,North,71,92.23,2,50.35,0
C0297,2026-03-31,Premium,West,68,90.99,0,53.61,0
C0298,2026-03-31,Premium,West,19,88.93,0,49.89,0
C0299,2026-03-31,Standard,North,71,64.14,1,48.38,0
C0300,2026-03-31,Standard,South,41,67.16,1,42.98,0
C0301,2026-03-31,Standard,South,21,67.1,0,63.55,0
C0302,2026-03-31,Basic,South,20,42.76,2,43.38,0
C0303,2026-03-31,Standard,West,58,64.02,1,39.16,0
C0304,2026-03-31,Standard,North,62,58.03,1,64.71,0
C0305,2026-03-31,Premium,South,40,98.42,2,35.13,0
C0306,2026-03-31,Standard,North,30,66.96,4,29.94,0
C0307,2026-03-31,Basic,North,34,32.54,0,37.87,0
C0308,2026-03-31,Standard,West,62,67.77,1,33.55,0
C0309,2026-03-31,Basic,West,61,34.04,1,39.74,1
C0310,2026-03-31,Basic,North,27,38.34,3,17.13,1
C0311,2026-03-31,Standard,East,50,59.07,1,55.67,0
C0312,2026-03-31,Basic,North,68,34.78,2,49.53,0
C0313,2026-03-31,Basic,North,62,27.59,2,49.68,0
C0314,2026-03-31,Basic,South,69,38.73,0,38.69,0
C0315,2026-03-31,Basic,North,7,32.97,1,39.95,0
C0316,2026-03-31,Basic,South,20,41.63,1,38.61,0
C0317,2026-03-31,Basic,West,51,34.17,1,20.48,0
C0318,2026-03-31,Standard,East,27,66.54,0,39.88,0
C0319,2026-03-31,Basic,East,27,39.8,3,45.39,0
C0320,2026-03-31,Premium,South,48,92.95,0,41.02,0
C0321,2026-03-31,Premium,North,43,101.13,2,37.04,0
C0322,2026-03-31,Standard,North,16,55.58,0,20.57,0
C0323,2026-03-31,Basic,South,66,38.17,0,26.56,0
C0324,2026-03-31,Standard,North,63,65.17,0,47.64,0
C0325,2026-03-31,Premium,West,6,100.37,2,34.58,0
C0326,2026-03-31,Standard,West,51,75.71,0,52.58,0
C0327,2026-03-31,Premium,West,55,95.13,0,54.37,1
C0328,2026-03-31,Standard,East,45,62.99,0,39.99,0
C0329,2026-03-31,Standard,East,71,61.27,1,16.08,0
C0330,2026-03-31,Basic,East,6,32.65,3,23.34,0
C0331,2026-03-31,Standard,South,9,70.9,1,54.63,0
C0332,2026-03-31,Basic,East,8,33.49,2,13.45,0
C0333,2026-03-31,Standard,West,35,62.18,0,38.35,0
C0334,2026-03-31,Premium,West,43,101.53,4,48.99,0
C0335,2026-03-31,Basic,East,14,37.75,1,34.91,0
C0336,2026-03-31,Standard,North,28,68.25,2,34.5,0
C0337,2026-03-31,Basic,East,49,40.39,3,39.45,1
C0338,2026-03-31,Standard,South,30,67.84,1,40.86,0
C0339,2026-03-31,Basic,East,21,38.11,1,48.03,0
C0340,2026-03-31,Premium,East,46,95.93,0,42.01,0
C0341,2026-03-31,Basic,West,54,36.12,1,38.68,0
C0342,2026-03-31,Premium,South,67,92.11,1,43.03,0
C0343,2026-03-31,Premium,West,32,87.78,0,65.94,0
C0344,2026-03-31,Standard,West,21,70.29,2,38.7,0
C0345,2026-03-31,Standard,South,59,64.68,0,42.69,0
C0346,2026-03-31,Standard,South,9,64.08,0,44.63,0
C0347,2026-03-31,Premium,East,38,,2,37.66,0
C0348,2026-03-31,Basic,West,69,40.86,1,34.08,0
C0349,2026-03-31,Standard,East,36,60.65,2,57.52,0
C0350,2026-03-31,Basic,West,62,28.12,0,33.82,0
C0351,2026-03-31,Standard,South,71,66.89,1,34.06,0
C0352,2026-03-31,Basic,East,42,38.24,3,31.7,0
C0353,2026-03-31,Standard,South,10,69.98,0,53.45,0
C0354,2026-03-31,Standard,West,28,64.96,0,32.46,0
C0355,2026-03-31,Standard,South,22,75.61,1,37.74,0
C0356,2026-03-31,Standard,East,68,66.37,3,52.76,1
C0357,2026-03-31,Standard,North,51,69.98,2,51.31,0
C0358,2026-03-31,Standard,West,62,75.59,3,41.24,0
C0359,2026-03-31,Standard,South,37,59.49,3,57.53,0
C0360,2026-03-31,Standard,South,51,58.86,0,49.97,0
C0361,2026-03-31,Premium,East,14,94.88,3,57.11,0
C0362,2026-03-31,Basic,South,19,30.94,2,66.19,0
C0363,2026-03-31,Basic,West,10,42.6,0,30.31,0
C0364,2026-03-31,Basic,East,37,28.08,0,23.91,0
C0365,2026-03-31,Standard,East,56,73.25,2,46.17,0
C0366,2026-03-31,Basic,North,12,33.92,0,52.14,0
C0367,2026-03-31,Standard,North,4,62.39,0,37.54,0
C0368,2026-03-31,Standard,South,62,57.95,0,31.07,0
C0369,2026-03-31,Basic,West,19,34.19,0,50.33,0
C0370,2026-03-31,Premium,West,51,95.59,1,59.86,0
C0371,2026-03-31,Standard,East,67,63.24,2,31.42,0
C0372,2026-03-31,Basic,East,12,32.31,2,38.06,0
C0373,2026-03-31,Basic,South,56,32.3,1,38.74,0
C0374,2026-03-31,Basic,North,51,37.64,1,39.45,0
C0375,2026-03-31,Basic,North,33,35.21,1,40.99,0
C0376,2026-03-31,Basic,South,56,36.59,2,24.4,1
C0377,2026-03-31,Premium,South,44,94.01,1,46.21,0
C0378,2026-03-31,Standard,North,38,72.14,1,58.55,0
C0379,2026-03-31,Basic,South,42,35.38,1,44.5,0
C0380,2026-03-31,Standard,North,41,64.34,1,51.26,0
C0381,2026-03-31,Standard,East,19,66.07,1,41.47,0
C0382,2026-03-31,Premium,West,44,94.64,1,49.96,0
C0383,2026-03-31,Standard,East,19,66.58,2,36.67,0
C0384,2026-03-31,,South,6,67.13,2,43.84,0
C0385,2026-03-31,Basic,South,53,41.08,0,43.99,0
C0386,2026-03-31,Premium,South,46,91.03,1,37.47,0
C0387,2026-03-31,Standard,North,52,58.87,1,49.51,0
C0388,2026-03-31,Premium,East,31,91.14,2,58.08,0
C0389,2026-03-31,Basic,East,12,38.07,1,46.12,0
C0390,2026-03-31,Premium,North,32,95.66,0,46.49,0
C0391,2026-03-31,Standard,South,5,56.86,1,57.3,0
C0392,2026-03-31,Basic,South,68,32.63,1,49.85,0
C0393,2026-03-31,Standard,North,55,66.82,0,40.15,0
C0394,2026-03-31,Standard,East,29,66.87,1,36.78,0
C0395,2026-03-31,Basic,East,6,31.84,1,51.78,0
C0396,2026-03-31,Standard,East,7,62.96,0,44.87,0
C0397,2026-03-31,Premium,East,7,103.16,5,43.1,1
C0398,2026-03-31,Basic,West,9,45.7,0,33.44,0
C0399,2026-03-31,Standard,West,48,61.34,1,44.33,0
C0400,2026-03-31,Standard,East,29,,2,54.08,0
C0001,2026-04-30,Standard,North,31,70.17,1,46.69,0
C0002,2026-04-30,Standard,South,67,58.51,0,31.06,0
C0003,2026-04-30,Premium,East,8,103.89,0,65.23,0
C0004,2026-04-30,Standard,West,23,71.69,0,50.93,0
C0005,2026-04-30,Basic,East,35,30.88,1,24.67,0
C0006,2026-04-30,Premium,West,52,,0,60.7,0
C0007,2026-04-30,Standard,East,29,68.78,1,54.88,0
C0008,2026-04-30,Standard,North,67,61.02,0,57.17,0
C0009,2026-04-30,Basic,South,63,33.95,3,38.21,0
C0010,2026-04-30,Standard,West,52,68.25,0,29.11,0
C0011,2026-04-30,Basic,North,11,40.29,1,44.36,0
C0012,2026-04-30,Premium,West,32,93.78,2,54.5,0
C0013,2026-04-30,Standard,East,53,66.75,2,37.56,0
C0014,2026-04-30,Premium,South,66,95.18,0,61.84,0
C0015,2026-04-30,Standard,West,38,75.93,1,65.7,0
C0016,2026-04-30,Basic,West,37,32.94,1,51.71,0
C0017,2026-04-30,Standard,North,65,61.59,2,58.03,0
C0018,2026-04-30,Basic,North,32,26.93,1,40.1,0
C0019,2026-04-30,Premium,East,28,98.3,2,59.17,0
C0020,2026-04-30,Standard,West,31,62.21,1,59.43,0
C0021,2026-04-30,Standard,North,53,56.49,3,50.58,0
C0022,2026-04-30,Basic,East,56,29.38,1,40.56,0
C0023,2026-04-30,Premium,North,69,97.96,1,57.39,0
C0024,2026-04-30,Premium,East,51,99.18,2,57.09,0
C0025,2026-04-30,Standard,East,40,69.53,1,38.33,0
C0026,2026-04-30,Basic,North,49,37.26,2,34.78,0
C0027,2026-04-30,Standard,East,63,62.87,1,53.86,0
C0028,2026-04-30,Basic,West,56,30.01,1,41.02,0
C0029,2026-04-30,Basic,West,57,30.28,2,36.38,1
C0030,2026-04-30,Standard,North,6,61.65,0,52.2,0
C0031,2026-04-30,Standard,North,26,66.37,4,35.86,0
C0032,2026-04-30,Premium,North,69,95.18,1,63.1,0
C0033,2026-04-30,Basic,South,25,37.3,2,56.18,0
C0034,2026-04-30,Basic,North,35,30.04,1,26.32,0
C0035,2026-04-30,Standard,West,44,69.2,4,54.95,0
C0036,2026-04-30,Basic,West,61,32.91,3,35.39,0
C0037,2026-04-30,Basic,West,8,33.67,0,21.54,1
C0038,2026-04-30,Standard,North,42,66.57,2,30.61,0
C0039,2026-04-30,Basic,North,40,32.46,0,29.85,0
C0040,2026-04-30,Standard,West,63,60.97,1,44.43,0
C0041,2026-04-30,Standard,South,6,67.64,1,48.02,0
C0042,2026-04-30,Premium,East,12,93.91,4,53.16,0
C0043,2026-04-30,Standard,West,71,76.19,1,60.74,0
C0044,2026-04-30,Basic,North,68,40.83,0,41.58,0
C0045,2026-04-30,Premium,North,71,88.87,1,54.91,0
C0046,2026-04-30,Premium,North,71,90.78,2,51.55,0
C0047,2026-04-30,Basic,North,59,23.06,2,33.62,0
C0048,2026-04-30,Basic,North,14,35.46,0,15.91,0
C0049,2026-04-30,Standard,West,67,62.37,3,45.19,0
C0050,2026-04-30,Basic,East,35,35.64,1,26.3,0
C0051,2026-04-30,Basic,West,35,35.14,1,48.94,0
C0052,2026-04-30,Basic,West,44,42.28,0,35.03,0
C0053,2026-04-30,Standard,West,6,72.83,0,58.65,0
C0054,2026-04-30,Standard,North,40,67.42,3,55.76,1
C0055,2026-04-30,Standard,South,18,63.04,3,51.98,1
C0056,2026-04-30,Standard,West,25,70.04,2,42.06,0
C0057,2026-04-30,Standard,North,31,60.43,0,54.64,0
C0058,2026-04-30,Standard,North,51,64.11,0,47.37,0
C0059,2026-04-30,Basic,East,63,34.73,2,41.64,1
C0060,2026-04-30,Basic,West,25,41.01,1,48.27,0
C0061,2026-04-30,Standard,West,5,66.55,0,46.23,0
C0062,2026-04-30,Standard,West,41,64.56,1,49.32,0
C0063,2026-04-30,Standard,North,33,68.84,1,60.08,0
C0064,2026-04-30,Standard,West,36,70.33,1,35.86,0
C0065,2026-04-30,Standard,West,62,68.72,1,52.93,0
C0066,2026-04-30,Standard,East,33,63.74,3,56.86,0
C0067,2026-04-30,Standard,West,46,65.08,0,50.72,0
C0068,2026-04-30,Basic,West,72,26.83,3,33.16,0
C0069,2026-04-30,Basic,South,35,33.87,0,31.75,1
C0070,2026-04-30,Standard,North,21,64.41,2,40.41,0
C0071,2026-04-30,Basic,South,44,45.27,0,46.17,0
C0072,2026-04-30,Basic,North,38,33.78,0,35.32,0
C0073,2026-04-30,Premium,North,28,96.05,1,55.17,0
C0074,2026-04-30,Basic,North,37,33.54,1,20.48,1
C0075,2026-04-30,Basic,East,52,33.15,0,35.56,0
C0076,2026-04-30,Basic,East,6,37.02,4,37.29,1
C0077,2026-04-30,Basic,East,12,33.38,1,60.74,0
C0078,2026-04-30,Standard,East,13,68.23,1,38.26,0
C0079,2026-04-30,Standard,East,58,62.12,0,61.88,0
C0080,2026-04-30,Standard,East,48,69.28,1,44.0,0
C0081,2026-04-30,Standard,North,58,62.58,1,61.61,0
C0082,2026-04-30,Basic,West,42,36.23,1,38.54,0
C0083,2026-04-30,Premium,South,67,93.24,0,63.58,0
C0084,2026-04-30,Basic,North,45,32.75,2,38.68,0
C0085,2026-04-30,Basic,West,23,29.67,3,54.36,0
C0086,2026-04-30,Basic,East,70,25.69,0,36.99,0
C0087,2026-04-30,Standard,North,14,55.97,1,58.68,0
C0088,2026-04-30,Standard,North,22,61.42,3,44.73,0
C0089,2026-04-30,Basic,North,37,33.99,1,37.75,0
C0090,2026-04-30,Standard,South,37,67.7,0,38.1,0
C0091,2026-04-30,Basic,North,58,30.25,7,54.03,0
C0092,2026-04-30,Standard,East,6,63.36,2,59.34,0
C0093,2026-04-30,Standard,East,72,69.08,3,40.8,0
C0094,2026-04-30,Basic,West,64,29.08,0,36.3,0
C0095,2026-04-30,Basic,East,43,40.24,1,25.71,0
C0096,2026-04-30,Standard,East,49,68.31,0,46.19,0
C0097,2026-04-30,Basic,East,51,33.34,3,24.01,0
C0098,2026-04-30,Basic,North,60,,1,38.13,0
C0099,2026-04-30,Basic,North,26,35.7,0,35.39,0
C0100,2026-04-30,Premium,East,19,98.42,0,65.03,0
C0101,2026-04-30,Premium,North,36,93.8,3,82.87,0
C0102,2026-04-30,Standard,North,32,58.51,2,49.26,0
C0103,2026-04-30,Basic,North,59,20.75,0,50.29,0
C0104,2026-04-30,Premium,West,48,98.48,1,64.18,0
C0105,2026-04-30,Standard,South,19,62.19,1,43.78,0
C0106,2026-04-30,Standard,East,21,63.51,0,50.09,0
C0107,2026-04-30,Standard,South,52,63.34,1,53.57,0
C0108,2026-04-30,Basic,North,28,28.93,0,40.04,0
C0109,2026-04-30,Basic,South,55,37.86,1,32.94,0
C0110,2026-04-30,Premium,North,32,95.45,2,38.72,0
C0111,2026-04-30,Standard,West,47,76.45,3,35.04,1
C0112,2026-04-30,Basic,North,36,36.59,3,38.95,0
C0113,2026-04-30,Basic,South,50,36.41,0,35.78,0
C0114,2026-04-30,Standard,West,14,72.45,1,38.85,0
C0115,2026-04-30,Basic,East,20,28.49,1,35.17,0
C0116,2026-04-30,Premium,South,25,84.05,2,53.04,0
C0117,2026-04-30,Standard,East,23,62.6,1,48.9,0
C0118,2026-04-30,Standard,West,53,70.46,3,37.67,0
C0119,2026-04-30,Standard,South,56,65.66,0,55.51,0
C0120,2026-04-30,Standard,East,10,63.98,1,53.73,0
C0121,2026-04-30,Standard,West,71,59.24,0,52.95,0
C0122,2026-04-30,Standard,East,55,65.79,1,42.21,0
C0123,2026-04-30,Basic,South,60,27.17,3,57.78,0
C0124,2026-04-30,Basic,North,68,35.83,0,56.07,0
C0125,2026-04-30,Basic,North,64,38.84,1,48.61,0
C0126,2026-04-30,Standard,West,42,70.67,0,60.71,0
C0127,2026-04-30,Basic,East,11,44.42,2,45.79,0
C0128,2026-04-30,Basic,South,31,27.56,4,32.86,0
C0129,2026-04-30,Basic,South,36,36.02,2,48.8,0
C0130,2026-04-30,Standard,East,32,56.63,0,34.21,0
C0131,2026-04-30,Basic,East,52,35.67,1,29.78,0
C0132,2026-04-30,Premium,East,46,89.82,1,63.86,0
C0133,2026-04-30,Standard,South,23,72.35,3,60.73,0
C0134,2026-04-30,Basic,East,61,27.92,2,46.65,0
C0135,2026-04-30,Standard,South,53,67.31,1,42.65,0
C0136,2026-04-30,Basic,West,50,41.99,1,33.1,0
C0137,2026-04-30,Premium,North,68,85.62,1,55.58,0
C0138,2026-04-30,Standard,North,27,66.31,0,41.17,0
C0139,2026-04-30,Standard,South,55,59.92,2,55.58,0
C0140,2026-04-30,Basic,East,33,32.26,1,58.0,0
C0141,2026-04-30,Standard,East,71,67.92,2,50.1,0
C0142,2026-04-30,Standard,South,40,60.69,1,60.72,0
C0143,2026-04-30,Premium,West,58,100.0,2,36.12,0
C0144,2026-04-30,Standard,South,37,67.57,3,56.36,0
C0145,2026-04-30,Standard,North,29,59.53,1,49.85,0
C0146,2026-04-30,Basic,North,46,29.16,1,35.7,0
C0147,2026-04-30,Basic,West,56,31.55,0,41.32,0
C0148,2026-04-30,Standard,North,26,73.07,1,50.61,0
C0149,2026-04-30,Standard,West,8,59.13,0,31.96,0
C0150,2026-04-30,Basic,South,30,23.86,3,53.1,0
C0151,2026-04-30,Premium,North,8,97.55,3,45.76,1
C0152,2026-04-30,Premium,South,27,100.19,0,51.9,0
C0153,2026-04-30,Basic,East,33,34.59,0,12.36,0
C0154,2026-04-30,Standard,South,6,66.8,2,33.3,0
C0155,2026-04-30,Basic,West,55,36.04,4,26.58,1
C0156,2026-04-30,Standard,East,71,54.23,1,41.86,0
C0157,2026-04-30,Basic,South,24,23.79,0,46.45,0
C0158,2026-04-30,Standard,East,21,62.76,1,52.64,0
C0159,2026-04-30,Standard,West,68,56.99,0,65.78,0
C0160,2026-04-30,Standard,South,33,59.41,0,48.06,0
C0161,2026-04-30,Basic,North,65,22.33,2,30.91,0
C0162,2026-04-30,Premium,South,71,98.28,1,61.61,0
C0163,2026-04-30,Basic,West,58,32.13,1,41.09,0
C0164,2026-04-30,Basic,North,58,37.19,0,60.22,0
C0165,2026-04-30,Standard,West,12,65.25,2,38.16,0
C0166,2026-04-30,Basic,East,58,43.82,1,13.8,0
C0167,2026-04-30,Premium,East,5,92.44,3,50.6,0
C0168,2026-04-30,Premium,South,28,91.32,2,48.65,0
C0169,2026-04-30,Basic,West,16,34.4,4,48.41,0
C0170,2026-04-30,Premium,North,53,100.25,1,55.93,0
C0171,2026-04-30,Basic,South,71,21.74,3,38.0,0
C0172,2026-04-30,Standard,South,67,59.63,1,53.56,0
C0173,2026-04-30,Basic,South,59,33.64,0,46.86,0
C0174,2026-04-30,Premium,South,52,92.05,2,48.13,0
C0175,2026-04-30,Basic,North,62,40.38,0,38.73,0
C0176,2026-04-30,Basic,North,43,40.38,1,39.22,0
C0177,2026-04-30,Standard,North,66,,2,44.05,1
C0178,2026-04-30,Premium,East,43,97.72,2,65.44,0
C0179,2026-04-30,Premium,South,36,90.63,0,49.39,0
C0180,2026-04-30,Standard,East,40,64.65,0,42.9,0
C0181,2026-04-30,Premium,East,16,89.85,1,70.3,0
C0182,2026-04-30,Premium,East,61,97.98,0,37.71,0
C0183,2026-04-30,Standard,East,6,64.11,2,32.31,0
C0184,2026-04-30,Basic,East,44,39.82,2,19.36,0
C0185,2026-04-30,Standard,East,43,62.92,0,39.01,0
C0186,2026-04-30,Standard,East,46,59.59,2,46.82,0
C0187,2026-04-30,Basic,East,7,31.88,1,31.84,0
C0188,2026-04-30,,South,57,41.17,0,28.67,0
C0189,2026-04-30,Standard,North,13,70.66,1,43.87,0
C0190,2026-04-30,Basic,West,16,36.17,3,60.81,0
C0191,2026-04-30,Premium,South,22,86.66,0,68.95,0
C0192,2026-04-30,Basic,East,42,31.88,3,33.95,0
C0193,2026-04-30,Basic,North,57,25.68,2,34.24,0
C0194,2026-04-30,Premium,South,53,89.71,1,45.94,0
C0195,2026-04-30,Basic,East,48,33.57,1,17.11,1
C0196,2026-04-30,Basic,East,40,31.69,2,42.27,0
C0197,2026-04-30,Standard,East,23,71.44,1,38.77,0
C0198,2026-04-30,Premium,South,38,94.83,0,55.28,0
C0199,2026-04-30,Basic,West,17,29.25,2,22.5,0
C0200,2026-04-30,Basic,East,43,23.95,1,34.49,0
C0201,2026-04-30,Standard,West,46,61.28,2,51.41,0
C0202,2026-04-30,Premium,East,59,93.84,2,57.5,0
C0203,2026-04-30,Standard,East,18,62.17,0,53.91,0
C0204,2026-04-30,Basic,West,21,34.68,1,31.15,0
C0205,2026-04-30,Basic,North,24,27.94,2,58.45,0
C0206,2026-04-30,Basic,West,71,34.63,3,30.82,0
C0207,2026-04-30,Basic,West,56,26.56,3,43.84,1
C0208,2026-04-30,Standard,East,66,67.64,0,38.02,0
C0209,2026-04-30,Basic,East,54,38.82,1,26.6,0
C0210,2026-04-30,Standard,East,48,56.59,0,35.98,0
C0211,2026-04-30,Standard,South,21,70.24,0,45.69,0
C0212,2026-04-30,Standard,West,34,66.93,1,52.19,0
C0213,2026-04-30,Basic,North,62,34.23,0,35.67,0
C0214,2026-04-30,Premium,South,47,89.9,1,67.58,0
C0215,2026-04-30,Standard,East,5,68.99,3,46.7,0
C0216,2026-04-30,Standard,West,48,75.85,0,53.08,0
C0217,2026-04-30,Basic,South,38,32.25,1,41.67,0
C0218,2026-04-30,Basic,South,40,39.35,0,46.72,0
C0219,2026-04-30,Premium,North,7,96.52,0,67.06,0
C0220,2026-04-30,Basic,North,12,31.16,3,27.98,0
C0221,2026-04-30,Basic,North,72,33.09,1,31.39,0
C0222,2026-04-30,Standard,North,42,66.94,2,57.84,0
C0223,2026-04-30,Standard,West,15,61.69,0,27.13,1
C0224,2026-04-30,Premium,West,51,101.68,0,39.69,0
C0225,2026-04-30,Basic,West,5,39.39,2,36.61,0
C0226,2026-04-30,Premium,North,27,89.01,2,63.13,0
C0227,2026-04-30,Basic,North,42,38.59,1,39.4,0
C0228,2026-04-30,Standard,South,41,69.79,4,36.83,0
C0229,2026-04-30,Standard,East,34,61.38,0,40.84,0
C0230,2026-04-30,Basic,South,20,38.27,1,25.94,0
C0231,2026-04-30,Basic,South,55,27.35,1,25.9,0
C0232,2026-04-30,Basic,North,58,29.99,2,58.55,0
C0233,2026-04-30,Premium,East,72,90.87,2,56.05,0
C0234,2026-04-30,Standard,South,43,59.16,0,65.07,0
C0235,2026-04-30,Premium,North,6,88.51,0,46.23,0
C0236,2026-04-30,Premium,East,39,90.11,0,56.8,0
C0237,2026-04-30,Standard,West,53,66.07,1,40.08,0
C0238,2026-04-30,Standard,North,68,58.61,0,29.67,0
C0239,2026-04-30,Basic,South,30,30.87,1,22.17,0
C0240,2026-04-30,Basic,West,67,41.25,1,29.25,0
C0241,2026-04-30,Premium,East,12,103.15,1,36.77,0
C0242,2026-04-30,Standard,West,32,73.7,0,29.07,0
C0243,2026-04-30,Basic,South,5,26.75,1,54.19,0
C0244,2026-04-30,Standard,South,15,61.64,1,45.26,0
C0245,2026-04-30,Standard,East,28,68.89,0,57.29,0
C0246,2026-04-30,Premium,North,9,95.65,0,56.6,0
C0247,2026-04-30,Standard,North,34,59.16,1,57.69,1
C0248,2026-04-30,Basic,East,46,26.57,1,34.36,1
C0249,2026-04-30,Basic,East,9,31.22,2,37.61,0
C0250,2026-04-30,Standard,North,54,69.67,0,52.13,0
C0251,2026-04-30,Standard,East,17,59.71,1,49.92,1
C0252,2026-04-30,Premium,South,30,80.85,0,63.21,0
C0253,2026-04-30,Standard,East,36,67.32,2,55.29,0
C0254,2026-04-30,Basic,West,31,32.48,1,35.05,0
C0255,2026-04-30,Basic,North,59,34.12,3,36.94,0
C0256,2026-04-30,Standard,West,6,76.76,0,38.36,0
C0257,2026-04-30,Premium,South,8,91.84,0,52.99,0
C0258,2026-04-30,Basic,West,41,30.91,1,39.62,0
C0259,2026-04-30,Basic,South,17,32.67,0,29.79,0
C0260,2026-04-30,Standard,South,12,64.3,0,45.16,0
C0261,2026-04-30,Basic,West,12,35.03,1,37.86,0
C0262,2026-04-30,Premium,East,40,98.18,1,59.33,0
C0263,2026-04-30,Basic,North,19,32.62,0,57.75,0
C0264,2026-04-30,Basic,East,46,42.71,0,48.65,0
C0265,2026-04-30,Premium,West,22,97.86,2,46.49,0
C0266,2026-04-30,Basic,South,20,31.69,2,50.62,1
C0267,2026-04-30,Basic,West,58,32.78,2,31.86,0
C0268,2026-04-30,Basic,East,5,39.18,1,48.94,0
C0269,2026-04-30,Basic,South,18,28.36,3,42.93,0
C0270,2026-04-30,Basic,North,20,36.14,3,28.37,1
C0271,2026-04-30,Basic,East,71,37.36,1,22.24,0
C0272,2026-04-30,Basic,North,61,41.01,1,46.81,0
C0273,2026-04-30,Basic,West,21,34.98,2,21.05,0
C0274,2026-04-30,Standard,East,46,,0,55.76,0
C0275,2026-04-30,Standard,South,27,67.53,1,64.55,0
C0276,2026-04-30,Basic,North,16,28.56,0,36.6,0
C0277,2026-04-30,Basic,East,40,38.69,1,45.26,0
C0278,2026-04-30,Standard,North,16,63.31,2,46.67,0
C0279,2026-04-30,Premium,South,5,,3,54.11,0
C0280,2026-04-30,Premium,West,5,89.36,0,53.47,0
C0281,2026-04-30,Basic,West,47,28.16,3,45.5,0
C0282,2026-04-30,Basic,West,45,40.72,1,50.88,0
C0283,2026-04-30,Basic,West,24,33.49,0,40.59,0
C0284,2026-04-30,Basic,East,33,47.05,1,45.05,0
C0285,2026-04-30,Standard,North,52,62.35,2,54.91,0
C0286,2026-04-30,Basic,West,7,36.31,1,47.94,0
C0287,2026-04-30,Basic,West,30,39.21,1,28.8,0
C0288,2026-04-30,Basic,West,53,39.2,0,29.68,0
C0289,2026-04-30,Standard,East,18,71.72,0,41.85,0
C0290,2026-04-30,Basic,North,42,26.21,1,30.68,0
C0291,2026-04-30,Premium,East,13,95.44,1,54.86,1
C0292,2026-04-30,Basic,South,27,27.55,0,58.98,0
C0293,2026-04-30,Premium,West,18,100.63,1,54.34,0
C0294,2026-04-30,Basic,South,41,39.51,0,44.66,0
C0295,2026-04-30,Premium,South,58,93.7,0,75.64,0
C0296,2026-04-30,Premium,North,13,105.11,4,54.19,0
C0297,2026-04-30,Premium,West,47,100.51,0,62.98,0
C0298,2026-04-30,Premium,West,30,82.32,0,51.45,0
C0299,2026-04-30,Standard,North,19,62.63,0,49.82,0
C0300,2026-04-30,Standard,South,53,56.79,2,32.45,0
C0301,2026-04-30,Standard,South,6,61.75,0,71.01,0
C0302,2026-04-30,Basic,South,7,40.01,1,45.15,0
C0303,2026-04-30,Standard,West,60,64.62,1,44.05,0
C0304,2026-04-30,Standard,North,26,58.29,3,59.68,0
C0305,2026-04-30,Premium,South,41,96.14,3,27.24,0
C0306,2026-04-30,Standard,North,69,56.53,0,29.46,0
C0307,2026-04-30,Basic,North,70,33.63,1,40.8,0
C0308,2026-04-30,Standard,West,70,65.44,1,46.96,0
C0309,2026-04-30,Basic,West,37,39.22,3,39.01,0
C0310,2026-04-30,Basic,North,71,33.09,2,27.43,0
C0311,2026-04-30,Standard,East,30,56.4,0,49.49,0
C0312,2026-04-30,Basic,North,59,29.88,2,56.95,0
C0313,2026-04-30,Basic,North,13,,3,48.7,0
C0314,2026-04-30,Basic,South,49,35.76,0,31.08,0
C0315,2026-04-30,Basic,North,56,25.11,1,41.43,0
C0316,2026-04-30,Basic,South,7,32.56,3,39.58,0
C0317,2026-04-30,Basic,West,24,42.54,1,30.13,1
C0318,2026-04-30,Standard,East,29,57.19,2,46.46,0
C0319,2026-04-30,Basic,East,40,35.07,0,48.03,0
C0320,2026-04-30,Premium,South,20,98.04,0,50.63,0
C0321,2026-04-30,Premium,North,66,92.25,0,42.43,0
C0322,2026-04-30,Standard,North,64,66.81,0,36.1,0
C0323,2026-04-30,Basic,South,65,33.78,1,28.37,0
C0324,2026-04-30,Standard,North,5,67.22,0,49.65,0
C0325,2026-04-30,Premium,West,6,104.19,1,45.66,0
C0326,2026-04-30,Standard,West,37,68.79,2,50.76,0
C0327,2026-04-30,Premium,West,29,98.22,1,60.48,0
C0328,2026-04-30,Standard,East,30,64.77,1,48.67,0
C0329,2026-04-30,Standard,East,70,58.38,1,19.56,0
C0330,2026-04-30,Basic,East,17,,3,29.2,1
C0331,2026-04-30,Standard,South,52,73.67,1,61.28,0
C0332,2026-04-30,Basic,East,44,26.18,0,14.03,0
C0333,2026-04-30,Standard,West,31,63.72,3,42.17,0
C0334,2026-04-30,Premium,West,11,84.3,2,43.64,0
C0335,2026-04-30,Basic,East,56,29.8,1,39.84,0
C0336,2026-04-30,Standard,North,5,69.77,1,45.5,0
C0337,2026-04-30,Basic,East,22,32.36,3,46.12,1
C0338,2026-04-30,Standard,South,53,65.43,1,57.71,0
C0339,2026-04-30,Basic,East,65,39.5,1,48.16,0
C0340,2026-04-30,Premium,East,58,102.34,1,45.29,0
C0341,2026-04-30,Basic,West,43,34.03,0,44.39,0
C0342,2026-04-30,Premium,South,58,94.01,4,40.41,0
C0343,2026-04-30,Premium,West,35,87.04,3,62.15,0
C0344,2026-04-30,Standard,West,30,67.75,1,50.59,0
C0345,2026-04-30,Standard,South,21,60.13,1,42.42,0
C0346,2026-04-30,Standard,South,62,75.71,1,45.02,0
C0347,2026-04-30,Premium,East,58,97.6,1,40.42,0
C0348,2026-04-30,Basic,West,34,40.02,1,41.16,0
C0349,2026-04-30,Standard,East,63,66.96,0,57.43,0
C0350,2026-04-30,Basic,West,28,28.09,1,37.15,0
C0351,2026-04-30,Standard,South,29,68.75,2,33.38,1
C0352,2026-04-30,Basic,East,64,,1,46.54,0
C0353,2026-04-30,Standard,South,29,73.96,2,54.34,0
C0354,2026-04-30,Standard,West,28,64.65,1,21.31,0
C0355,2026-04-30,Standard,South,36,65.39,3,42.64,0
C0356,2026-04-30,Standard,East,30,59.87,2,53.83,0
C0357,2026-04-30,Standard,North,57,68.02,3,60.95,0
C0358,2026-04-30,Standard,West,6,61.38,0,46.36,0
C0359,2026-04-30,Standard,South,20,59.95,2,61.9,0
C0360,2026-04-30,Standard,South,37,58.3,1,48.26,0
C0361,2026-04-30,Premium,East,6,94.59,1,64.89,0
C0362,2026-04-30,Basic,South,38,35.6,3,64.64,0
C0363,2026-04-30,Basic,West,38,32.79,0,37.61,0
C0364,2026-04-30,Basic,East,46,,2,28.29,0
C0365,2026-04-30,Standard,East,45,71.36,2,52.27,0
C0366,2026-04-30,Basic,North,44,34.73,2,34.24,0
C0367,2026-04-30,Standard,North,13,65.2,3,40.54,1
C0368,2026-04-30,Standard,South,18,61.13,1,43.12,0
C0369,2026-04-30,Basic,West,69,27.73,1,57.29,0
C0370,2026-04-30,Premium,West,6,92.56,2,62.37,0
C0371,2026-04-30,Standard,East,25,78.48,1,38.35,0
C0372,2026-04-30,Basic,East,5,31.17,0,49.88,0
C0373,2026-04-30,Basic,South,8,40.18,2,35.25,0
C0374,2026-04-30,Basic,North,25,30.99,0,35.49,0
C0375,2026-04-30,Basic,North,51,26.83,1,43.23,0
C0376,2026-04-30,Basic,South,65,32.59,0,27.47,0
C0377,2026-04-30,Premium,South,53,104.87,0,58.21,0
C0378,2026-04-30,Standard,North,50,67.17,1,64.35,0
C0379,2026-04-30,Basic,South,30,40.06,3,44.53,1
C0380,2026-04-30,Standard,North,43,68.74,2,41.3,0
C0381,2026-04-30,Standard,East,64,,0,30.7,0
C0382,2026-04-30,Premium,West,48,88.14,0,54.67,0
C0383,2026-04-30,Standard,East,60,66.9,2,43.89,0
C0384,2026-04-30,Standard,South,66,61.25,0,36.6,0
C0385,2026-04-30,Basic,South,40,33.65,1,49.9,0
C0386,2026-04-30,Premium,South,56,92.51,1,37.24,0
C0387,2026-04-30,Standard,North,52,63.81,4,59.98,0
C0388,2026-04-30,Premium,East,9,101.49,2,52.38,0
C0389,2026-04-30,Basic,East,69,37.81,1,46.49,0
C0390,2026-04-30,Premium,North,9,90.97,4,43.65,0
C0391,2026-04-30,Standard,South,60,63.21,1,62.93,0
C0392,2026-04-30,Basic,South,62,27.94,0,52.63,0
C0393,2026-04-30,Standard,North,44,59.98,1,51.43,0
C0394,2026-04-30,Standard,East,67,64.82,2,31.63,0
C0395,2026-04-30,Basic,East,54,29.07,0,52.99,0
C0396,2026-04-30,Standard,East,61,69.16,1,53.35,0
C0397,2026-04-30,Premium,East,31,92.14,0,37.01,0
C0398,2026-04-30,Basic,West,33,39.24,1,36.38,0
C0399,2026-04-30,Standard,West,13,61.5,0,45.4,0
C0400,2026-04-30,Standard,East,71,55.86,2,43.4,0
C0001,2026-05-31,Standard,North,11,73.11,5,34.82,0
C0002,2026-05-31,Standard,South,10,73.41,2,35.47,0
C0003,2026-05-31,Premium,East,40,91.25,1,53.14,0
C0004,2026-05-31,,West,45,66.37,1,47.29,0
C0005,2026-05-31,Basic,East,17,32.21,0,36.0,0
C0006,2026-05-31,Premium,West,52,91.63,0,49.86,0
C0007,2026-05-31,Standard,East,8,69.55,0,53.63,0
C0008,2026-05-31,Standard,North,49,62.46,1,53.67,0
C0009,2026-05-31,Basic,South,43,,2,38.47,0
C0010,2026-05-31,Standard,West,49,70.15,2,36.87,0
C0011,2026-05-31,Basic,North,15,34.34,1,34.74,0
C0012,2026-05-31,Premium,West,57,103.98,1,56.26,0
C0013,2026-05-31,Standard,East,13,59.43,0,38.56,0
C0014,2026-05-31,Premium,South,18,95.0,3,68.94,0
C0015,2026-05-31,Standard,West,51,68.1,4,69.89,0
C0016,2026-05-31,Basic,West,39,38.83,3,55.12,1
C0017,2026-05-31,Standard,North,39,63.79,4,57.27,0
C0018,2026-05-31,Basic,North,37,37.29,2,36.48,0
C0019,2026-05-31,Premium,East,64,98.49,1,60.63,0
C0020,2026-05-31,Standard,West,35,67.61,1,60.67,0
C0021,2026-05-31,Standard,North,54,58.39,0,57.4,0
C0022,2026-05-31,Basic,East,8,31.06,3,36.33,0
C0023,2026-05-31,Premium,North,42,92.95,1,65.53,0
C0024,2026-05-31,Premium,East,23,,2,53.84,0
C0025,2026-05-31,Standard,East,13,61.8,2,40.05,0
C0026,2026-05-31,Basic,North,39,35.93,0,41.73,0
C0027,2026-05-31,Standard,East,54,60.92,2,45.86,0
C0028,2026-05-31,Basic,West,38,29.09,1,45.26,0
C0029,2026-05-31,Basic,West,16,29.67,0,45.35,0
C0030,2026-05-31,Standard,North,60,57.79,0,54.53,0
C0031,2026-05-31,Standard,North,32,54.38,1,45.3,0
C0032,2026-05-31,Premium,North,56,92.98,3,59.39,0
C0033,2026-05-31,Basic,South,24,,2,48.56,0
C0034,2026-05-31,Basic,North,61,37.73,2,30.26,0
C0035,2026-05-31,Standard,West,7,69.59,0,58.21,0
C0036,2026-05-31,Basic,West,25,40.05,1,31.91,0
C0037,2026-05-31,Basic,West,49,43.71,1,19.26,1
C0038,2026-05-31,Standard,North,56,61.39,0,36.73,0
C0039,2026-05-31,Basic,North,47,,1,30.03,0
C0040,2026-05-31,Standard,West,52,62.22,1,56.14,0
C0041,2026-05-31,Standard,South,13,59.9,0,43.9,0
C0042,2026-05-31,Premium,East,54,97.47,0,59.41,0
C0043,2026-05-31,Standard,West,51,66.5,0,52.81,0
C0044,2026-05-31,Basic,North,54,29.34,1,44.17,0
C0045,2026-05-31,Premium,North,22,97.13,2,58.29,0
C0046,2026-05-31,Premium,North,48,101.7,0,58.08,0
C0047,2026-05-31,Basic,North,12,36.45,2,42.64,0
C0048,2026-05-31,Basic,North,9,43.17,2,25.86,0
C0049,2026-05-31,Standard,West,70,63.84,4,60.35,0
C0050,2026-05-31,Basic,East,13,29.96,0,29.24,0
C0051,2026-05-31,Basic,West,11,35.81,2,41.76,1
C0052,2026-05-31,Basic,West,37,31.87,0,40.28,0
C0053,2026-05-31,Standard,West,72,63.13,0,56.1,0
C0054,2026-05-31,Standard,North,22,66.2,4,52.26,0
C0055,2026-05-31,Standard,South,46,61.05,1,47.57,0
C0056,2026-05-31,Standard,West,47,62.65,1,37.11,0
C0057,2026-05-31,Standard,North,25,67.19,1,57.18,0
C0058,2026-05-31,Standard,North,66,63.1,1,53.18,0
C0059,2026-05-31,Basic,East,17,32.69,2,33.95,0
C0060,2026-05-31,Basic,West,68,34.86,3,53.84,0
C0061,2026-05-31,Standard,West,41,69.97,4,48.63,0
C0062,2026-05-31,Standard,West,57,65.9,3,52.63,0
C0063,2026-05-31,Standard,North,33,60.36,3,55.96,0
C0064,2026-05-31,Standard,West,33,67.08,0,34.58,0
C0065,2026-05-31,Standard,West,66,64.39,0,51.15,0
C0066,2026-05-31,Standard,East,24,49.4,0,53.63,0
C0067,2026-05-31,Standard,West,59,57.68,1,42.36,0
C0068,2026-05-31,Basic,West,54,33.32,3,33.32,0
C0069,2026-05-31,Basic,South,60,38.25,0,30.58,0
C0070,2026-05-31,Standard,North,56,70.44,4,38.39,0
C0071,2026-05-31,Basic,South,71,36.81,0,38.24,0
C0072,2026-05-31,Basic,North,33,38.34,2,33.14,0
C0073,2026-05-31,Premium,North,29,99.66,2,57.49,0
C0074,2026-05-31,Basic,North,39,42.16,3,20.68,1
C0075,2026-05-31,Basic,East,8,44.2,0,36.52,0
C0076,2026-05-31,Basic,East,56,35.36,1,41.31,0
C0077,2026-05-31,Basic,East,21,29.83,1,67.64,0
C0078,2026-05-31,Standard,East,65,62.18,1,33.24,0
C0079,2026-05-31,Standard,East,43,61.21,0,62.02,0
C0080,2026-05-31,Standard,East,25,75.79,1,59.95,0
C0081,2026-05-31,Standard,North,34,63.01,1,52.9,0
C0082,2026-05-31,Basic,West,28,40.3,3,36.82,0
C0083,2026-05-31,Premium,South,17,92.87,2,47.85,0
C0084,2026-05-31,Basic,North,55,38.95,1,40.73,0
C0085,2026-05-31,Basic,West,41,31.4,2,47.44,0
C0086,2026-05-31,Basic,East,16,36.01,0,42.31,0
C0087,2026-05-31,Standard,North,10,58.5,1,61.67,0
C0088,2026-05-31,Standard,North,30,59.3,1,43.96,0
C0089,2026-05-31,Basic,North,49,29.45,2,43.06,0
C0090,2026-05-31,Standard,South,67,55.65,0,35.73,0
C0091,2026-05-31,Basic,North,25,25.71,0,42.3,0
C0092,2026-05-31,Standard,East,25,72.78,3,64.58,0
C0093,2026-05-31,Standard,East,12,62.31,0,38.75,0
C0094,2026-05-31,Basic,West,7,33.09,0,37.71,0
C0095,2026-05-31,Basic,East,29,32.01,1,28.67,0
C0096,2026-05-31,Standard,East,21,63.98,0,50.38,0
C0097,2026-05-31,Basic,East,26,34.17,3,15.62,0
C0098,2026-05-31,Basic,North,23,43.73,0,34.62,0
C0099,2026-05-31,Basic,North,66,30.56,1,46.87,0
C0100,2026-05-31,Premium,East,45,90.07,1,76.75,0
C0101,2026-05-31,Premium,North,27,101.91,2,83.28,0
C0102,2026-05-31,Standard,North,33,56.26,2,41.1,0
C0103,2026-05-31,Basic,North,39,25.28,0,64.29,0
C0104,2026-05-31,Premium,West,17,87.93,0,63.18,0
C0105,2026-05-31,Standard,South,72,69.23,1,45.46,0
C0106,2026-05-31,Standard,East,49,61.79,0,59.87,0
C0107,2026-05-31,Standard,South,70,64.07,2,41.74,0
C0108,2026-05-31,Basic,North,31,39.26,0,39.8,0
C0109,2026-05-31,Basic,South,20,23.22,1,41.48,0
C0110,2026-05-31,Premium,North,51,95.26,2,33.04,0
C0111,2026-05-31,Standard,West,13,64.93,0,33.2,0
C0112,2026-05-31,Basic,North,59,44.37,1,45.87,0
C0113,2026-05-31,Basic,South,45,27.35,1,39.83,0
C0114,2026-05-31,Standard,West,37,73.21,0,52.82,0
C0115,2026-05-31,Basic,East,54,38.36,2,41.16,0
C0116,2026-05-31,Premium,South,44,90.79,1,64.72,0
C0117,2026-05-31,Standard,East,16,62.11,0,57.4,0
C0118,2026-05-31,Standard,West,71,64.12,0,47.76,0
C0119,2026-05-31,Standard,South,23,74.63,1,63.32,0
C0120,2026-05-31,Standard,East,47,72.39,2,57.61,0
C0121,2026-05-31,Standard,West,51,65.09,2,46.24,0
C0122,2026-05-31,Standard,East,43,62.29,4,56.02,0
C0123,2026-05-31,,South,45,36.36,0,44.16,0
C0124,2026-05-31,Basic,North,6,40.62,0,56.66,0
C0125,2026-05-31,Basic,North,6,37.15,1,40.15,0
C0126,2026-05-31,Standard,West,6,60.68,1,55.42,0
C0127,2026-05-31,Basic,East,33,33.45,3,52.39,1
C0128,2026-05-31,Basic,South,62,35.92,1,31.84,0
C0129,2026-05-31,Basic,South,24,32.88,0,40.16,0
C0130,2026-05-31,Standard,East,18,61.36,1,41.9,0
C0131,2026-05-31,Basic,East,45,34.68,0,24.98,0
C0132,2026-05-31,Premium,East,34,104.2,2,75.29,0
C0133,2026-05-31,Standard,South,48,67.93,1,59.67,0
C0134,2026-05-31,Basic,East,66,39.4,2,53.23,0
C0135,2026-05-31,Standard,South,63,66.29,0,48.15,0
C0136,2026-05-31,Basic,West,10,36.22,0,25.13,0
C0137,2026-05-31,Premium,North,30,96.96,1,49.59,0
C0138,2026-05-31,Standard,North,42,61.19,0,40.63,0
C0139,2026-05-31,Standard,South,61,75.66,4,50.75,0
C0140,2026-05-31,Basic,East,35,37.15,0,58.68,0
C0141,2026-05-31,Standard,East,33,57.97,1,42.43,0
C0142,2026-05-31,Standard,South,51,65.33,3,51.83,0
C0143,2026-05-31,Premium,West,31,94.36,1,63.1,0
C0144,2026-05-31,Standard,South,70,58.26,2,53.34,0
C0145,2026-05-31,Standard,North,17,57.58,3,44.29,0
C0146,2026-05-31,Basic,North,8,33.92,1,31.67,0
C0147,2026-05-31,Basic,West,34,33.63,0,37.41,0
C0148,2026-05-31,Standard,North,25,61.98,3,40.59,0
C0149,2026-05-31,Standard,West,45,62.02,1,43.56,0
C0150,2026-05-31,Basic,South,9,32.85,0,50.89,0
C0151,2026-05-31,Premium,North,27,98.8,1,58.93,0
C0152,2026-05-31,Premium,South,57,98.19,0,64.73,0
C0153,2026-05-31,Basic,East,58,30.38,2,17.49,0
C0154,2026-05-31,Standard,South,63,75.84,2,41.51,1
C0155,2026-05-31,Basic,West,58,27.43,0,33.43,1
C0156,2026-05-31,Standard,East,7,63.49,2,39.07,0
C0157,2026-05-31,Basic,South,60,28.12,1,52.75,0
C0158,2026-05-31,Standard,East,47,54.22,1,49.93,0
C0159,2026-05-31,Standard,West,71,67.66,2,65.25,0
C0160,2026-05-31,Standard,South,24,56.09,0,46.97,0
C0161,2026-05-31,Basic,North,7,36.32,0,41.46,0
C0162,2026-05-31,Premium,South,59,99.14,1,46.68,0
C0163,2026-05-31,Basic,West,24,38.37,1,44.52,0
C0164,2026-05-31,Basic,North,22,34.39,0,62.69,0
C0165,2026-05-31,Standard,West,59,63.72,1,25.17,0
C0166,2026-05-31,Basic,East,53,40.13,2,24.7,0
C0167,2026-05-31,Premium,East,26,101.54,3,52.24,0
C0168,2026-05-31,Premium,South,71,100.66,1,60.12,0
C0169,2026-05-31,Basic,West,21,32.21,3,40.69,1
C0170,2026-05-31,Premium,North,62,88.31,3,59.61,0
C0171,2026-05-31,Basic,South,17,26.0,1,30.32,0
C0172,2026-05-31,Standard,South,72,66.01,0,60.68,0
C0173,2026-05-31,Basic,South,67,38.62,1,41.24,0
C0174,2026-05-31,Premium,South,24,93.93,0,49.44,0
C0175,2026-05-31,Basic,North,59,30.6,1,48.52,0
C0176,2026-05-31,Basic,North,12,36.6,1,37.94,0
C0177,2026-05-31,Standard,North,67,63.56,0,52.46,0
C0178,2026-05-31,Premium,East,28,98.54,2,59.73,0
C0179,2026-05-31,Premium,South,70,89.61,1,57.48,0
C0180,2026-05-31,Standard,East,72,59.26,0,47.62,0
C0181,2026-05-31,Premium,East,31,,3,58.25,0
C0182,2026-05-31,Premium,East,54,91.19,0,41.43,0
C0183,2026-05-31,Standard,East,33,58.13,1,30.53,0
C0184,2026-05-31,Basic,East,62,32.85,1,30.02,0
C0185,2026-05-31,Standard,East,66,65.47,1,47.04,0
C0186,2026-05-31,Standard,East,58,64.43,3,44.08,0
C0187,2026-05-31,Basic,East,38,,0,31.72,0
C0188,2026-05-31,Basic,South,6,32.2,1,26.76,0
C0189,2026-05-31,Standard,North,14,65.6,1,48.14,0
C0190,2026-05-31,Basic,West,63,42.65,0,55.34,0
C0191,2026-05-31,Premium,South,18,98.48,2,63.02,0
C0192,2026-05-31,Basic,East,26,34.78,1,42.54,0
C0193,2026-05-31,Basic,North,13,38.97,0,39.09,0
C0194,2026-05-31,Premium,South,41,101.92,0,39.38,0
C0195,2026-05-31,Basic,East,63,45.39,2,18.51,0
C0196,2026-05-31,Basic,East,65,33.79,1,35.82,0
C0197,2026-05-31,Standard,East,73,70.79,1,39.1,0
C0198,2026-05-31,Premium,South,53,89.42,0,49.04,0
C0199,2026-05-31,Basic,West,19,43.46,1,24.26,0
C0200,2026-05-31,Basic,East,54,37.0,1,34.55,0
C0201,2026-05-31,Standard,West,6,59.59,0,51.19,0
C0202,2026-05-31,,East,64,96.72,2,64.28,0
C0203,2026-05-31,Standard,East,68,65.86,0,49.24,0
C0204,2026-05-31,Basic,West,38,42.96,2,28.01,0
C0205,2026-05-31,Basic,North,36,36.89,1,47.5,0
C0206,2026-05-31,Basic,West,29,36.54,2,39.35,0
C0207,2026-05-31,Basic,West,35,35.29,0,41.27,0
C0208,2026-05-31,Standard,East,49,71.43,0,47.85,0
C0209,2026-05-31,Basic,East,63,41.29,2,29.5,0
C0210,2026-05-31,Standard,East,17,62.2,1,51.82,0
C0211,2026-05-31,Standard,South,27,59.53,1,47.14,0
C0212,2026-05-31,Standard,West,51,67.78,3,55.16,0
C0213,2026-05-31,Basic,North,67,33.97,2,37.16,0
C0214,2026-05-31,Premium,South,9,88.42,0,75.52,0
C0215,2026-05-31,Standard,East,48,61.95,0,63.45,0
C0216,2026-05-31,Standard,West,12,59.1,0,43.96,0
C0217,2026-05-31,Basic,South,11,36.06,0,50.55,0
C0218,2026-05-31,Basic,South,49,47.77,1,55.98,0
C0219,2026-05-31,Premium,North,20,95.04,0,73.62,0
C0220,2026-05-31,Basic,North,17,43.76,1,32.91,0
C0221,2026-05-31,Basic,North,31,40.18,5,34.29,0
C0222,2026-05-31,Standard,North,47,59.49,0,55.31,0
C0223,2026-05-31,Standard,West,42,65.5,0,38.4,0
C0224,2026-05-31,Premium,West,52,91.9,0,37.07,0
C0225,2026-05-31,Basic,West,60,33.52,2,44.9,0
C0226,2026-05-31,Premium,North,62,100.46,1,61.26,0
C0227,2026-05-31,Basic,North,43,35.33,0,39.49,0
C0228,2026-05-31,Standard,South,60,70.33,1,36.92,0
C0229,2026-05-31,Standard,East,73,57.79,3,42.82,0
C0230,2026-05-31,Basic,South,24,25.8,1,37.17,0
C0231,2026-05-31,Basic,South,48,29.73,2,34.51,0
C0232,2026-05-31,Basic,North,51,27.9,0,58.76,0
C0233,2026-05-31,Premium,East,42,95.21,3,59.69,0
C0234,2026-05-31,Standard,South,54,59.83,2,52.33,0
C0235,2026-05-31,Premium,North,31,92.91,0,52.09,0
C0236,2026-05-31,Premium,East,22,93.83,1,58.4,0
C0237,2026-05-31,Standard,West,29,65.73,4,37.34,0
C0238,2026-05-31,Standard,North,11,64.78,0,17.78,0
C0239,2026-05-31,Basic,South,33,36.43,1,37.0,0
C0240,2026-05-31,Basic,West,13,38.23,0,29.33,0
C0241,2026-05-31,Premium,East,73,98.34,0,35.73,0
C0242,2026-05-31,Standard,West,22,73.1,1,31.74,0
C0243,2026-05-31,Basic,South,43,30.85,0,48.61,0
C0244,2026-05-31,Standard,South,26,,1,59.23,0
C0245,2026-05-31,Standard,East,31,61.74,0,69.18,0
C0246,2026-05-31,Premium,North,60,92.97,1,56.51,0
C0247,2026-05-31,Standard,North,34,63.42,0,54.59,0
C0248,2026-05-31,Basic,East,23,33.81,1,28.93,0
C0249,2026-05-31,Basic,East,36,,3,52.57,0
C0250,2026-05-31,Standard,North,9,66.75,0,45.45,0
C0251,2026-05-31,Standard,East,20,59.43,1,42.77,0
C0252,2026-05-31,Premium,South,38,90.48,0,65.53,0
C0253,2026-05-31,Standard,East,26,69.85,2,49.11,0
C0254,2026-05-31,Basic,West,42,31.72,0,28.06,0
C0255,2026-05-31,Basic,North,47,40.28,2,26.84,0
C0256,2026-05-31,Standard,West,42,67.65,1,36.67,0
C0257,2026-05-31,Premium,South,9,92.69,3,58.42,0
C0258,2026-05-31,Basic,West,13,37.57,0,38.62,0
C0259,2026-05-31,Basic,South,40,32.59,0,26.24,0
C0260,2026-05-31,Standard,South,30,63.47,1,50.41,0
C0261,2026-05-31,Basic,West,20,27.38,4,48.46,1
C0262,2026-05-31,Premium,East,28,96.62,1,75.71,0
C0263,2026-05-31,Basic,North,48,42.64,0,48.17,0
C0264,2026-05-31,Basic,East,32,41.72,2,50.1,0
C0265,2026-05-31,Premium,West,8,96.67,0,51.2,0
C0266,2026-05-31,Basic,South,13,34.5,1,53.51,0
C0267,2026-05-31,Basic,West,28,28.18,0,33.79,0
C0268,2026-05-31,Basic,East,54,40.37,0,45.31,0
C0269,2026-05-31,Basic,South,73,27.78,1,41.97,0
C0270,2026-05-31,Basic,North,26,35.04,4,41.22,1
C0271,2026-05-31,Basic,East,34,35.8,2,28.2,0
C0272,2026-05-31,Basic,North,32,33.54,1,39.69,0
C0273,2026-05-31,Basic,West,17,39.37,2,33.67,1
C0274,2026-05-31,Standard,East,61,65.21,1,55.71,0
C0275,2026-05-31,Standard,South,21,71.4,0,67.08,0
C0276,2026-05-31,Basic,North,10,32.73,3,38.36,1
C0277,2026-05-31,Basic,East,33,35.35,1,48.24,0
C0278,2026-05-31,Standard,North,35,64.52,3,44.35,0
C0279,2026-05-31,Premium,South,24,87.04,1,49.98,0
C0280,2026-05-31,Premium,West,13,96.22,0,63.46,0
C0281,2026-05-31,Basic,West,49,36.31,4,38.82,0
C0282,2026-05-31,Basic,West,57,33.62,0,54.26,0
C0283,2026-05-31,Basic,West,10,32.31,2,30.74,0
C0284,2026-05-31,Basic,East,51,42.8,2,52.75,0
C0285,2026-05-31,Standard,North,40,65.32,0,48.82,0
C0286,2026-05-31,Basic,West,21,30.92,2,49.83,0
C0287,2026-05-31,Basic,West,29,27.56,0,36.79,0
C0288,2026-05-31,Basic,West,52,35.78,0,36.57,0
C0289,2026-05-31,Standard,East,30,68.25,2,50.13,0
C0290,2026-05-31,Basic,North,44,36.68,1,34.6,0
C0291,2026-05-31,Premium,East,63,94.28,0,65.73,0
C0292,2026-05-31,Basic,South,6,42.6,1,39.53,0
C0293,2026-05-31,Premium,West,53,96.53,0,54.88,0
C0294,2026-05-31,Basic,South,17,34.27,0,48.2,0
C0295,2026-05-31,Premium,South,29,99.19,2,64.38,0
C0296,2026-05-31,Premium,North,70,88.8,1,45.69,0
C0297,2026-05-31,Premium,West,13,91.84,1,65.11,0
C0298,2026-05-31,Premium,West,69,89.32,3,49.76,0
C0299,2026-05-31,Standard,North,48,64.9,2,51.93,0
C0300,2026-05-31,Standard,South,36,63.25,1,56.72,0
C0301,2026-05-31,Standard,South,43,67.44,1,65.96,0
C0302,2026-05-31,Basic,South,51,41.23,1,33.11,0
C0303,2026-05-31,Standard,West,73,66.83,1,40.74,0
C0304,2026-05-31,Standard,North,18,65.75,2,52.36,0
C0305,2026-05-31,Premium,South,54,95.32,3,41.13,0
C0306,2026-05-31,Standard,North,55,63.67,0,32.63,0
C0307,2026-05-31,Basic,North,55,40.62,1,39.44,0
C0308,2026-05-31,Standard,West,65,61.57,1,37.77,0
C0309,2026-05-31,Basic,West,26,46.38,0,49.29,0
C0310,2026-05-31,Basic,North,42,33.16,1,24.77,0
C0311,2026-05-31,Standard,East,57,63.83,0,51.44,0
C0312,2026-05-31,Basic,North,18,26.98,0,59.08,0
C0313,2026-05-31,Basic,North,10,41.95,1,43.52,0
C0314,2026-05-31,Basic,South,59,31.12,0,41.45,0
C0315,2026-05-31,Basic,North,46,29.07,2,36.1,0
C0316,2026-05-31,Basic,South,30,41.4,1,30.56,0
C0317,2026-05-31,Basic,West,28,33.28,2,24.45,0
C0318,2026-05-31,Standard,East,50,67.65,2,48.95,0
C0319,2026-05-31,Basic,East,69,35.51,1,46.52,0
C0320,2026-05-31,Premium,South,71,92.47,0,41.09,0
C0321,2026-05-31,Premium,North,58,95.6,3,45.08,0
C0322,2026-05-31,Standard,North,7,65.89,3,35.55,0
C0323,2026-05-31,Basic,South,59,25.72,1,37.67,0
C0324,2026-05-31,Standard,North,63,65.67,3,45.56,0
C0325,2026-05-31,,West,34,97.66,2,33.31,0
C0326,2026-05-31,Standard,West,54,64.97,1,48.77,0
C0327,2026-05-31,Premium,West,48,101.62,1,67.39,0
C0328,2026-05-31,Standard,East,58,67.97,0,44.32,0
C0329,2026-05-31,Standard,East,31,67.11,4,21.55,0
C0330,2026-05-31,,East,52,32.84,2,31.46,0
C0331,2026-05-31,Standard,South,39,73.99,0,50.12,0
C0332,2026-05-31,Basic,East,6,30.83,2,10.34,0
C0333,2026-05-31,Standard,West,34,65.59,0,40.93,0
C0334,2026-05-31,Premium,West,11,89.69,2,45.81,0
C0335,2026-05-31,Basic,East,38,34.3,2,45.24,1
C0336,2026-05-31,Standard,North,23,62.95,0,46.89,0
C0337,2026-05-31,Basic,East,53,39.05,1,44.36,0
C0338,2026-05-31,Standard,South,22,62.02,0,59.91,0
C0339,2026-05-31,Basic,East,9,39.75,2,53.4,0
C0340,2026-05-31,Premium,East,38,99.11,1,55.93,0
C0341,2026-05-31,Basic,West,34,44.44,1,41.53,0
C0342,2026-05-31,Premium,South,57,90.71,2,44.31,1
C0343,2026-05-31,Premium,West,27,93.86,1,73.41,0
C0344,2026-05-31,Standard,West,26,66.06,1,38.22,0
C0345,2026-05-31,Standard,South,32,66.68,1,43.24,0
C0346,2026-05-31,Standard,South,73,61.36,1,36.02,0
C0347,2026-05-31,Premium,East,10,98.95,0,47.93,0
C0348,2026-05-31,Basic,West,37,31.42,1,46.59,0
C0349,2026-05-31,Standard,East,60,65.67,3,65.18,0
C0350,2026-05-31,Basic,West,58,35.7,1,48.75,0
C0351,2026-05-31,Standard,South,16,60.89,0,33.78,0
C0352,2026-05-31,Basic,East,68,40.99,1,37.07,0
C0353,2026-05-31,Standard,South,71,60.88,1,56.51,0
C0354,2026-05-31,Standard,West,14,69.51,0,34.56,0
C0355,2026-05-31,Standard,South,33,64.08,3,36.37,0
C0356,2026-05-31,Standard,East,58,55.36,3,60.43,1
C0357,2026-05-31,Standard,North,53,63.64,2,44.07,0
C0358,2026-05-31,Standard,West,59,66.93,2,54.21,0
C0359,2026-05-31,Standard,South,19,68.23,1,65.49,0
C0360,2026-05-31,Standard,South,15,63.42,0,46.76,0
C0361,2026-05-31,Premium,East,19,97.67,0,58.77,0
C0362,2026-05-31,Basic,South,70,38.61,1,68.64,0
C0363,2026-05-31,Basic,West,59,32.36,1,35.91,0
C0364,2026-05-31,Basic,East,24,36.99,0,41.79,0
C0365,2026-05-31,Standard,East,51,63.63,1,43.0,0
C0366,2026-05-31,Basic,North,72,33.03,1,44.4,0
C0367,2026-05-31,Standard,North,68,,2,43.15,0
C0368,2026-05-31,Standard,South,45,70.92,1,35.19,0
C0369,2026-05-31,Basic,West,34,33.28,1,68.03,0
C0370,2026-05-31,Premium,West,31,97.19,1,59.41,0
C0371,2026-05-31,Standard,East,60,70.99,2,40.27,0
C0372,2026-05-31,Basic,East,23,39.27,0,42.11,0
C0373,2026-05-31,Basic,South,33,36.21,1,36.2,0
C0374,2026-05-31,Basic,North,65,27.95,0,40.15,0
C0375,2026-05-31,Basic,North,50,35.79,2,46.19,0
C0376,2026-05-31,Basic,South,27,44.92,2,23.71,0
C0377,2026-05-31,Premium,South,16,90.52,1,57.36,0
C0378,2026-05-31,Standard,North,29,67.75,1,64.75,0
C0379,2026-05-31,Basic,South,36,41.07,2,44.3,1
C0380,2026-05-31,Standard,North,61,,0,39.84,0
C0381,2026-05-31,Standard,East,22,67.2,0,38.02,0
C0382,2026-05-31,Premium,West,53,88.99,0,51.19,0
C0383,2026-05-31,Standard,East,32,61.64,2,48.19,0
C0384,2026-05-31,Standard,South,55,63.21,2,36.29,1
C0385,2026-05-31,Basic,South,65,37.9,2,47.95,0
C0386,2026-05-31,Premium,South,19,93.66,1,41.13,0
C0387,2026-05-31,Standard,North,26,69.06,2,54.65,1
C0388,2026-05-31,Premium,East,69,98.59,0,44.6,0
C0389,2026-05-31,Basic,East,58,33.64,0,42.81,0
C0390,2026-05-31,Premium,North,63,96.66,3,54.43,0
C0391,2026-05-31,Standard,South,38,65.91,1,62.47,0
C0392,2026-05-31,Basic,South,31,20.28,2,59.6,0
C0393,2026-05-31,Standard,North,40,63.32,0,53.82,0
C0394,2026-05-31,Standard,East,69,75.15,1,38.47,0
C0395,2026-05-31,Basic,East,73,34.34,0,47.99,0
C0396,2026-05-31,Standard,East,15,62.87,0,55.92,0
C0397,2026-05-31,Premium,East,66,93.52,0,34.35,0
C0398,2026-05-31,Basic,West,65,33.65,0,40.99,0
C0399,2026-05-31,Standard,West,42,63.73,0,53.33,0
C0400,2026-05-31,Standard,East,67,64.02,2,58.75,0
C0001,2026-06-30,Standard,North,37,71.7,4,43.69,0
C0002,2026-06-30,Standard,South,53,54.29,2,35.36,0
C0003,2026-06-30,Premium,East,16,87.8,1,63.77,0
C0004,2026-06-30,Standard,West,60,65.89,0,54.55,0
C0005,2026-06-30,Basic,East,25,35.5,0,23.68,0
C0006,2026-06-30,Premium,West,28,99.43,1,58.68,0
C0007,2026-06-30,Standard,East,67,61.09,2,65.26,0
C0008,2026-06-30,Standard,North,26,65.45,0,55.13,0
C0009,2026-06-30,Basic,South,48,30.56,2,57.28,0
C0010,2026-06-30,Standard,West,47,60.53,0,35.25,0
C0011,2026-06-30,Basic,North,24,38.74,1,42.89,0
C0012,2026-06-30,Premium,West,53,96.78,0,54.64,0
C0013,2026-06-30,Standard,East,72,59.3,0,43.21,0
C0014,2026-06-30,Premium,South,33,93.85,0,68.22,0
C0015,2026-06-30,Standard,West,57,72.49,0,63.13,0
C0016,2026-06-30,Basic,West,64,32.44,3,52.09,1
C0017,2026-06-30,Standard,North,28,67.32,2,58.52,0
C0018,2026-06-30,Basic,North,33,32.11,0,45.14,0
C0019,2026-06-30,Premium,East,24,101.76,1,58.3,0
C0020,2026-06-30,Standard,West,57,57.08,1,59.58,0
C0021,2026-06-30,Standard,North,17,58.6,3,47.19,0
C0022,2026-06-30,Basic,East,19,33.15,2,47.29,0
C0023,2026-06-30,Premium,North,22,90.86,1,72.54,0
C0024,2026-06-30,Premium,East,35,107.95,0,53.07,0
C0025,2026-06-30,Standard,East,42,63.59,1,38.14,0
C0026,2026-06-30,Basic,North,37,39.99,0,34.84,0
C0027,2026-06-30,Standard,East,15,68.44,0,55.03,0
C0028,2026-06-30,Basic,West,39,34.82,0,40.94,0
C0029,2026-06-30,Basic,West,63,26.39,1,49.48,0
C0030,2026-06-30,Standard,North,70,61.35,0,63.72,0
C0031,2026-06-30,Standard,North,37,63.34,2,41.1,0
C0032,2026-06-30,Premium,North,49,85.91,1,60.9,0
C0033,2026-06-30,Basic,South,64,31.95,1,51.45,0
C0034,2026-06-30,Basic,North,34,36.22,1,26.22,1
C0035,2026-06-30,Standard,West,18,67.29,1,72.84,1
C0036,2026-06-30,Basic,West,49,42.35,3,33.97,0
C0037,2026-06-30,Basic,West,71,39.48,2,26.48,0
C0038,2026-06-30,Standard,North,26,,1,46.96,0
C0039,2026-06-30,Basic,North,42,31.06,1,34.17,0
C0040,2026-06-30,Standard,West,33,66.7,0,47.34,0
C0041,2026-06-30,Standard,South,17,61.63,2,46.58,0
C0042,2026-06-30,Premium,East,31,92.06,0,60.6,0
C0043,2026-06-30,Standard,West,40,67.01,3,56.53,0
C0044,2026-06-30,Basic,North,63,27.19,2,43.49,0
C0045,2026-06-30,Premium,North,58,93.65,2,68.08,0
C0046,2026-06-30,Premium,North,15,98.29,0,56.95,0
C0047,2026-06-30,Basic,North,27,32.31,0,46.56,0
C0048,2026-06-30,Basic,North,54,29.12,0,24.48,0
C0049,2026-06-30,Standard,West,37,68.82,2,47.36,0
C0050,2026-06-30,Basic,East,23,35.61,1,23.92,1
C0051,2026-06-30,Basic,West,53,31.79,1,41.08,0
C0052,2026-06-30,Basic,West,20,24.36,0,33.21,0
C0053,2026-06-30,Standard,West,10,57.5,2,58.43,0
C0054,2026-06-30,Standard,North,18,60.21,2,55.43,0
C0055,2026-06-30,Standard,South,14,72.74,1,45.93,0
C0056,2026-06-30,Standard,West,47,60.69,0,41.32,0
C0057,2026-06-30,Standard,North,52,63.66,3,50.37,1
C0058,2026-06-30,Standard,North,32,67.07,1,42.22,0
C0059,2026-06-30,Basic,East,45,42.87,3,41.67,0
C0060,2026-06-30,Basic,West,67,31.46,0,45.3,0
C0061,2026-06-30,Standard,West,48,53.16,2,42.05,0
C0062,2026-06-30,Standard,West,42,49.86,2,51.19,0
C0063,2026-06-30,Standard,North,57,70.95,2,58.18,0
C0064,2026-06-30,Standard,West,52,64.85,0,34.43,0
C0065,2026-06-30,Standard,West,12,65.29,3,56.42,0
C0066,2026-06-30,Standard,East,17,61.7,0,40.2,0
C0067,2026-06-30,Standard,West,11,62.91,2,46.08,0
C0068,2026-06-30,Basic,West,8,29.52,0,39.8,0
C0069,2026-06-30,Basic,South,65,32.66,1,34.8,0
C0070,2026-06-30,Standard,North,50,69.28,1,46.89,0
C0071,2026-06-30,Basic,South,62,39.81,0,40.0,1
C0072,2026-06-30,Basic,North,73,40.95,1,34.24,0
C0073,2026-06-30,Premium,North,20,93.28,3,68.67,1
C0074,2026-06-30,Basic,North,72,33.2,1,30.71,0
C0075,2026-06-30,,East,61,40.42,4,36.11,1
C0076,2026-06-30,Basic,East,51,35.63,2,46.37,1
C0077,2026-06-30,Basic,East,7,38.39,0,63.68,0
C0078,2026-06-30,,East,27,65.99,0,38.11,0
C0079,2026-06-30,Standard,East,21,61.35,2,62.66,0
C0080,2026-06-30,Standard,East,51,61.18,1,61.79,0
C0081,2026-06-30,Standard,North,74,70.74,2,50.65,0
C0082,2026-06-30,Basic,West,14,32.92,0,45.33,0
C0083,2026-06-30,Premium,South,27,93.72,2,72.31,0
C0084,2026-06-30,Basic,North,60,30.86,2,35.7,0
C0085,2026-06-30,Basic,West,48,38.87,0,45.77,0
C0086,2026-06-30,Basic,East,18,33.53,0,33.96,0
C0087,2026-06-30,Standard,North,46,63.9,0,61.04,0
C0088,2026-06-30,Standard,North,50,61.03,2,41.99,0
C0089,2026-06-30,,North,18,32.64,1,41.88,0
C0090,2026-06-30,Standard,South,24,62.05,0,46.34,0
C0091,2026-06-30,Basic,North,56,33.65,2,46.38,0
C0092,2026-06-30,Standard,East,60,56.81,0,58.03,0
C0093,2026-06-30,Standard,East,9,67.63,0,58.38,0
C0094,2026-06-30,Basic,West,40,37.69,1,36.93,0
C0095,2026-06-30,Basic,East,69,33.9,2,31.11,0
C0096,2026-06-30,Standard,East,27,55.91,2,50.37,0
C0097,2026-06-30,Basic,East,21,40.1,3,16.18,0
C0098,2026-06-30,Basic,North,19,37.07,1,19.29,0
C0099,2026-06-30,Basic,North,21,33.18,2,37.75,1
C0100,2026-06-30,Premium,East,14,98.48,1,69.3,0
C0101,2026-06-30,Premium,North,24,97.39,0,82.91,0
C0102,2026-06-30,Standard,North,43,68.55,1,42.28,0
C0103,2026-06-30,Basic,North,20,46.31,0,50.85,0
C0104,2026-06-30,Premium,West,12,95.09,2,63.22,0
C0105,2026-06-30,Standard,South,10,67.86,3,46.54,1
C0106,2026-06-30,Standard,East,37,65.72,2,52.38,0
C0107,2026-06-30,Standard,South,68,74.87,2,44.51,0
C0108,2026-06-30,Basic,North,19,29.99,1,38.07,0
C0109,2026-06-30,Basic,South,51,34.95,0,34.71,0
C0110,2026-06-30,Premium,North,45,99.51,1,38.06,0
C0111,2026-06-30,Standard,West,31,58.86,1,26.77,1
C0112,2026-06-30,Basic,North,58,27.26,1,42.33,0
C0113,2026-06-30,Basic,South,44,40.16,0,44.76,0
C0114,2026-06-30,Standard,West,22,62.73,2,47.94,0
C0115,2026-06-30,Basic,East,14,34.51,2,39.55,1
C0116,2026-06-30,Premium,South,45,93.27,1,70.68,0
C0117,2026-06-30,Standard,East,16,58.61,0,49.64,0
C0118,2026-06-30,Standard,West,73,67.9,1,45.84,0
C0119,2026-06-30,Standard,South,34,58.41,3,56.39,0
C0120,2026-06-30,Standard,East,43,62.69,2,62.54,0
C0121,2026-06-30,,West,14,61.6,0,55.82,0
C0122,2026-06-30,Standard,East,29,67.65,3,52.1,0
C0123,2026-06-30,Basic,South,71,28.03,2,54.92,0
C0124,2026-06-30,Basic,North,51,31.91,1,52.09,0
C0125,2026-06-30,Basic,North,45,33.56,1,43.91,0
C0126,2026-06-30,Standard,West,61,62.28,1,47.23,0
C0127,2026-06-30,Basic,East,60,38.46,0,46.11,0
C0128,2026-06-30,,South,51,33.18,3,36.52,0
C0129,2026-06-30,Basic,South,37,,2,62.1,0
C0130,2026-06-30,Standard,East,7,66.16,2,40.65,0
C0131,2026-06-30,Basic,East,24,34.92,1,27.97,1
C0132,2026-06-30,Premium,East,65,85.62,0,69.58,0
C0133,2026-06-30,Standard,South,28,74.65,1,57.66,0
C0134,2026-06-30,Basic,East,57,38.36,1,51.1,0
C0135,2026-06-30,Standard,South,8,69.66,1,54.49,0
C0136,2026-06-30,Basic,West,18,25.96,1,33.79,0
C0137,2026-06-30,Premium,North,20,87.57,1,48.54,0
C0138,2026-06-30,Standard,North,35,69.76,3,46.24,0
C0139,2026-06-30,Standard,South,53,60.19,0,48.52,0
C0140,2026-06-30,Basic,East,40,33.77,0,62.31,0
C0141,2026-06-30,Standard,East,73,65.48,1,49.6,1
C0142,2026-06-30,Standard,South,18,60.79,1,59.54,0
C0143,2026-06-30,Premium,West,29,98.98,1,53.42,0
C0144,2026-06-30,Standard,South,17,65.98,0,42.09,0
C0145,2026-06-30,Standard,North,32,72.51,2,53.73,0
C0146,2026-06-30,Basic,North,11,33.18,1,32.58,0
C0147,2026-06-30,Basic,West,21,36.2,0,28.93,0
C0148,2026-06-30,Standard,North,48,67.13,3,46.23,0
C0149,2026-06-30,Standard,West,60,64.74,1,50.68,0
C0150,2026-06-30,Basic,South,48,31.22,1,56.45,0
C0151,2026-06-30,Premium,North,50,94.99,2,49.55,0
C0152,2026-06-30,Premium,South,47,99.03,0,61.6,0
C0153,2026-06-30,Basic,East,44,38.16,0,11.03,0
C0154,2026-06-30,Standard,South,67,67.04,1,32.25,0
C0155,2026-06-30,Basic,West,71,37.88,0,46.11,0
C0156,2026-06-30,Standard,East,25,76.21,1,47.4,0
C0157,2026-06-30,Basic,South,28,31.25,2,59.21,0
C0158,2026-06-30,Standard,East,48,62.27,1,50.4,1
C0159,2026-06-30,Standard,West,24,66.18,2,60.42,0
C0160,2026-06-30,Standard,South,64,64.12,1,42.25,0
C0161,2026-06-30,Basic,North,24,41.36,1,37.09,0
C0162,2026-06-30,Premium,South,10,90.85,0,53.23,0
C0163,2026-06-30,Basic,West,22,29.72,0,47.5,0
C0164,2026-06-30,Basic,North,9,36.79,3,56.34,0
C0165,2026-06-30,Standard,West,66,67.41,4,26.39,1
C0166,2026-06-30,Basic,East,24,34.31,1,31.4,1
C0167,2026-06-30,Premium,East,74,95.21,4,52.43,0
C0168,2026-06-30,Premium,South,36,99.27,2,64.92,0
C0169,2026-06-30,Basic,West,71,32.72,1,35.39,0
C0170,2026-06-30,Premium,North,21,92.42,1,62.9,0
C0171,2026-06-30,Basic,South,26,31.5,3,35.42,1
C0172,2026-06-30,Standard,South,41,66.69,2,49.99,0
C0173,2026-06-30,Basic,South,38,32.04,2,49.06,0
C0174,2026-06-30,Premium,South,67,99.56,0,53.81,0
C0175,2026-06-30,Basic,North,53,25.15,1,48.48,0
C0176,2026-06-30,Basic,North,30,36.85,0,43.07,0
C0177,2026-06-30,Standard,North,49,65.74,1,53.13,0
C0178,2026-06-30,Premium,East,39,92.66,2,62.74,1
C0179,2026-06-30,Premium,South,13,98.06,1,64.84,0
C0180,2026-06-30,Standard,East,70,55.47,0,41.64,0
C0181,2026-06-30,Premium,East,40,100.67,0,66.36,0
C0182,2026-06-30,Premium,East,49,104.93,2,33.62,0
C0183,2026-06-30,Standard,East,71,73.32,1,32.43,0
C0184,2026-06-30,Basic,East,34,39.68,3,35.09,0
C0185,2026-06-30,Standard,East,69,63.03,2,40.23,0
C0186,2026-06-30,Standard,East,67,62.69,1,52.73,0
C0187,2026-06-30,Basic,East,19,33.84,4,27.33,1
C0188,2026-06-30,Basic,South,60,35.07,1,27.53,0
C0189,2026-06-30,Standard,North,45,59.79,1,37.81,0
C0190,2026-06-30,Basic,West,72,34.13,0,60.67,0
C0191,2026-06-30,Premium,South,65,100.57,0,65.65,0
C0192,2026-06-30,Basic,East,62,32.36,1,41.92,0
C0193,2026-06-30,Basic,North,59,25.65,0,36.97,0
C0194,2026-06-30,Premium,South,32,100.58,0,55.93,0
C0195,2026-06-30,Basic,East,56,25.38,1,31.96,0
C0196,2026-06-30,Basic,East,23,36.56,2,50.61,0
C0197,2026-06-30,Standard,East,51,56.54,4,42.31,0
C0198,2026-06-30,Premium,South,73,100.99,1,61.13,0
C0199,2026-06-30,Basic,West,12,32.76,1,18.19,0
C0200,2026-06-30,Basic,East,23,36.44,3,29.33,0
C0201,2026-06-30,Standard,West,57,75.52,2,46.67,0
C0202,2026-06-30,Premium,East,46,104.65,4,56.49,0
C0203,2026-06-30,Standard,East,16,68.4,0,48.53,0
C0204,2026-06-30,Basic,West,10,33.81,1,29.0,1
C0205,2026-06-30,Basic,North,69,40.39,0,48.84,0
C0206,2026-06-30,Basic,West,14,28.75,4,29.28,1
C0207,2026-06-30,Basic,West,58,34.4,2,55.96,0
C0208,2026-06-30,Standard,East,40,60.4,1,50.81,0
C0209,2026-06-30,Basic,East,65,41.9,1,34.86,0
C0210,2026-06-30,Standard,East,55,62.77,1,48.36,0
C0211,2026-06-30,Standard,South,49,68.39,1,50.95,0
C0212,2026-06-30,Standard,West,32,67.71,0,56.99,0
C0213,2026-06-30,Basic,North,18,35.87,1,49.32,0
C0214,2026-06-30,Premium,South,28,84.49,1,73.97,0
C0215,2026-06-30,Standard,East,42,61.03,0,56.74,0
C0216,2026-06-30,Standard,West,65,61.24,1,48.04,0
C0217,2026-06-30,Basic,South,63,38.65,2,50.51,0
C0218,2026-06-30,Basic,South,29,26.21,2,47.42,0
C0219,2026-06-30,Premium,North,64,93.65,1,71.17,0
C0220,2026-06-30,Basic,North,60,37.85,3,28.95,0
C0221,2026-06-30,Basic,North,27,36.52,0,34.68,0
C0222,2026-06-30,Standard,North,68,75.38,4,67.74,0
C0223,2026-06-30,Standard,West,50,63.93,2,48.63,0
C0224,2026-06-30,Premium,West,31,86.87,2,43.66,0
C0225,2026-06-30,Basic,West,67,24.56,0,30.07,0
C0226,2026-06-30,Premium,North,38,92.26,2,64.36,0
C0227,2026-06-30,Basic,North,69,37.29,0,41.94,0
C0228,2026-06-30,Standard,South,63,58.33,2,46.22,0
C0229,2026-06-30,Standard,East,45,65.33,4,37.19,1
C0230,2026-06-30,Basic,South,43,36.41,0,32.67,0
C0231,2026-06-30,Basic,South,69,37.56,0,33.37,0
C0232,2026-06-30,Basic,North,25,38.15,1,68.62,0
C0233,2026-06-30,Premium,East,22,100.47,2,61.45,0
C0234,2026-06-30,Standard,South,71,63.49,1,61.92,0
C0235,2026-06-30,Premium,North,38,90.87,3,54.12,0
C0236,2026-06-30,Premium,East,37,98.62,0,46.85,0
C0237,2026-06-30,Standard,West,13,62.51,0,52.1,1
C0238,2026-06-30,Standard,North,34,77.96,2,20.43,0
C0239,2026-06-30,Basic,South,73,32.28,1,24.28,0
C0240,2026-06-30,Basic,West,43,36.5,3,21.58,0
C0241,2026-06-30,Premium,East,14,99.95,1,40.08,0
C0242,2026-06-30,Standard,West,74,71.94,1,45.5,0
C0243,2026-06-30,Basic,South,74,38.87,0,47.18,0
C0244,2026-06-30,Standard,South,43,63.33,1,41.42,0
C0245,2026-06-30,Standard,East,35,70.91,1,70.68,0
C0246,2026-06-30,Premium,North,35,90.69,3,58.38,0
C0247,2026-06-30,Standard,North,21,68.37,1,58.16,0
C0248,2026-06-30,Basic,East,74,22.2,2,27.85,0
C0249,2026-06-30,Basic,East,49,41.39,3,45.11,0
C0250,2026-06-30,Standard,North,43,71.4,0,56.85,0
C0251,2026-06-30,Standard,East,11,63.79,0,38.62,0
C0252,2026-06-30,Premium,South,49,93.07,2,56.99,0
C0253,2026-06-30,Standard,East,47,64.44,1,54.59,0
C0254,2026-06-30,Basic,West,36,34.97,2,37.33,1
C0255,2026-06-30,Basic,North,12,39.51,1,30.99,0
C0256,2026-06-30,Standard,West,70,66.18,0,43.14,0
C0257,2026-06-30,Premium,South,36,91.63,6,70.18,0
C0258,2026-06-30,Basic,West,24,38.86,1,42.2,0
C0259,2026-06-30,Basic,South,71,27.75,1,36.55,0
C0260,2026-06-30,Standard,South,44,57.65,1,51.66,0
C0261,2026-06-30,Basic,West,52,36.84,3,46.53,1
C0262,2026-06-30,Premium,East,35,97.4,1,63.05,0
C0263,2026-06-30,Basic,North,22,35.24,1,55.19,0
C0264,2026-06-30,Basic,East,70,40.95,1,54.04,0
C0265,2026-06-30,Premium,West,74,92.08,2,49.74,0
C0266,2026-06-30,Basic,South,47,24.48,2,48.16,1
C0267,2026-06-30,Basic,West,62,37.67,1,41.0,0
C0268,2026-06-30,Basic,East,34,35.67,0,48.32,0
C0269,2026-06-30,Basic,South,68,32.81,1,41.63,0
C0270,2026-06-30,Basic,North,32,27.56,3,31.77,1
C0271,2026-06-30,Basic,East,9,30.11,0,16.01,1
C0272,2026-06-30,Basic,North,68,33.33,0,36.85,0
C0273,2026-06-30,Basic,West,65,37.01,2,24.22,1
C0274,2026-06-30,Standard,East,52,,0,51.1,0
C0275,2026-06-30,Standard,South,69,67.25,0,60.83,0
C0276,2026-06-30,Basic,North,8,32.03,2,32.91,0
C0277,2026-06-30,Basic,East,21,35.07,0,39.05,0
C0278,2026-06-30,Standard,North,64,68.86,1,44.41,0
C0279,2026-06-30,Premium,South,40,95.8,1,42.3,0
C0280,2026-06-30,Premium,West,67,90.78,2,54.36,0
C0281,2026-06-30,Basic,West,18,35.11,2,39.58,0
C0282,2026-06-30,Basic,West,49,39.59,3,54.97,0
C0283,2026-06-30,Basic,West,29,30.16,1,39.2,0
C0284,2026-06-30,Basic,East,49,37.59,3,44.37,0
C0285,2026-06-30,Standard,North,56,61.63,0,57.83,0
C0286,2026-06-30,Basic,West,46,38.39,6,52.28,0
C0287,2026-06-30,Basic,West,42,37.44,0,33.08,0
C0288,2026-06-30,Basic,West,9,38.38,2,42.29,0
C0289,2026-06-30,Standard,East,36,59.59,1,41.19,0
C0290,2026-06-30,Basic,North,16,34.38,2,34.74,0
C0291,2026-06-30,Premium,East,12,82.44,0,69.93,0
C0292,2026-06-30,,South,73,33.05,0,53.3,0
C0293,2026-06-30,Premium,West,74,98.94,1,60.22,0
C0294,2026-06-30,Basic,South,25,33.36,1,55.37,0
C0295,2026-06-30,Premium,South,52,97.27,3,64.87,0
C0296,2026-06-30,Premium,North,70,91.0,3,48.01,0
C0297,2026-06-30,Premium,West,57,92.66,0,68.47,0
C0298,2026-06-30,Premium,West,64,101.34,0,49.77,0
C0299,2026-06-30,Standard,North,36,58.69,0,41.92,0
C0300,2026-06-30,Standard,South,62,70.31,0,42.23,0
C0301,2026-06-30,Standard,South,29,65.68,1,64.97,0
C0302,2026-06-30,Basic,South,57,38.29,1,40.46,0
C0303,2026-06-30,Standard,West,69,59.05,2,46.74,0
C0304,2026-06-30,Standard,North,18,61.01,3,57.1,0
C0305,2026-06-30,Premium,South,31,98.96,2,28.5,1
C0306,2026-06-30,Standard,North,67,72.87,0,35.33,0
C0307,2026-06-30,Basic,North,62,36.75,1,47.18,0
C0308,2026-06-30,Standard,West,24,71.65,1,41.6,0
C0309,2026-06-30,Basic,West,13,39.33,0,40.77,0
C0310,2026-06-30,Basic,North,38,31.43,0,25.56,1
C0311,2026-06-30,Standard,East,65,68.03,4,38.56,0
C0312,2026-06-30,Basic,North,50,39.34,3,56.59,0
C0313,2026-06-30,Basic,North,27,42.66,0,42.87,0
C0314,2026-06-30,Basic,South,54,39.06,3,40.03,0
C0315,2026-06-30,Basic,North,37,45.9,2,42.62,0
C0316,2026-06-30,Basic,South,30,32.73,1,30.39,1
C0317,2026-06-30,Basic,West,58,27.38,1,32.4,0
C0318,2026-06-30,Standard,East,29,68.1,2,37.38,0
C0319,2026-06-30,Basic,East,58,29.33,0,44.91,0
C0320,2026-06-30,Premium,South,21,90.78,2,35.87,0
C0321,2026-06-30,Premium,North,64,89.67,3,46.41,0
C0322,2026-06-30,Standard,North,59,65.89,0,45.92,0
C0323,2026-06-30,Basic,South,29,34.25,1,34.69,0
C0324,2026-06-30,Standard,North,70,66.6,1,59.8,0
C0325,2026-06-30,Premium,West,68,97.31,0,33.21,0
C0326,2026-06-30,Standard,West,61,62.11,0,53.31,0
C0327,2026-06-30,Premium,West,60,95.91,0,63.57,0
C0328,2026-06-30,Standard,East,63,60.54,2,48.19,0
C0329,2026-06-30,Standard,East,9,70.46,4,27.2,1
C0330,2026-06-30,Basic,East,67,40.48,1,21.66,1
C0331,2026-06-30,Standard,South,9,60.84,0,69.58,0
C0332,2026-06-30,Basic,East,53,31.77,1,16.67,0
C0333,2026-06-30,Standard,West,39,59.76,1,39.04,0
C0334,2026-06-30,Premium,West,25,98.45,2,41.08,0
C0335,2026-06-30,Basic,East,32,42.13,3,47.2,0
C0336,2026-06-30,Standard,North,68,63.36,2,42.13,0
C0337,2026-06-30,Basic,East,25,30.48,1,48.78,0
C0338,2026-06-30,Standard,South,29,62.27,1,61.91,0
C0339,2026-06-30,Basic,East,70,24.63,0,65.49,0
C0340,2026-06-30,Premium,East,23,107.08,2,50.56,0
C0341,2026-06-30,Basic,West,52,30.09,0,49.36,0
C0342,2026-06-30,Premium,South,39,95.09,0,41.42,1
C0343,2026-06-30,Premium,West,42,91.95,0,64.08,0
C0344,2026-06-30,Standard,West,43,59.03,1,41.37,0
C0345,2026-06-30,Standard,South,19,64.46,1,41.66,0
C0346,2026-06-30,Standard,South,13,69.47,2,56.72,0
C0347,2026-06-30,Premium,East,71,99.24,1,46.49,0
C0348,2026-06-30,Basic,West,74,30.16,0,45.85,0
C0349,2026-06-30,Standard,East,48,57.95,1,61.67,0
C0350,2026-06-30,Basic,West,63,33.09,1,45.35,0
C0351,2026-06-30,Standard,South,40,62.16,1,44.05,0
C0352,2026-06-30,Basic,East,34,31.3,0,33.65,0
C0353,2026-06-30,Standard,South,67,68.15,1,58.6,0
C0354,2026-06-30,Standard,West,59,67.11,2,25.77,0
C0355,2026-06-30,Standard,South,35,64.19,1,37.23,0
C0356,2026-06-30,Standard,East,13,66.4,0,61.91,0
C0357,2026-06-30,Standard,North,60,73.97,2,61.21,0
C0358,2026-06-30,Standard,West,19,,2,60.86,0
C0359,2026-06-30,Standard,South,66,70.11,2,65.43,0
C0360,2026-06-30,Standard,South,18,62.35,3,51.82,0
C0361,2026-06-30,Premium,East,20,92.8,1,55.66,0
C0362,2026-06-30,Basic,South,57,34.0,1,62.3,1
C0363,2026-06-30,Basic,West,37,27.07,5,47.84,0
C0364,2026-06-30,Basic,East,56,37.16,0,36.68,0
C0365,2026-06-30,Standard,East,9,69.09,1,56.15,0
C0366,2026-06-30,Basic,North,66,36.65,0,38.81,0
C0367,2026-06-30,Standard,North,66,68.82,2,45.48,0
C0368,2026-06-30,Standard,South,18,64.0,2,39.11,0
C0369,2026-06-30,Basic,West,37,37.25,1,61.13,0
C0370,2026-06-30,Premium,West,9,86.31,2,61.58,0
C0371,2026-06-30,Standard,East,31,60.41,1,50.02,0
C0372,2026-06-30,Basic,East,67,35.71,1,47.0,0
C0373,2026-06-30,Basic,South,28,36.24,0,42.41,0
C0374,2026-06-30,Basic,North,62,32.66,0,37.69,0
C0375,2026-06-30,Basic,North,36,44.41,2,54.97,0
C0376,2026-06-30,Basic,South,64,38.94,2,23.05,0
C0377,2026-06-30,Premium,South,61,87.14,1,63.59,0
C0378,2026-06-30,Standard,North,18,65.77,1,63.42,0
C0379,2026-06-30,Basic,South,16,29.5,3,32.9,1
C0380,2026-06-30,Standard,North,45,66.05,0,49.93,0
C0381,2026-06-30,Standard,East,63,67.1,1,51.42,0
C0382,2026-06-30,Premium,West,16,96.87,0,55.21,0
C0383,2026-06-30,Standard,East,72,64.59,2,45.58,0
C0384,2026-06-30,Standard,South,55,59.58,0,47.64,0
C0385,2026-06-30,Basic,South,72,42.75,2,40.23,0
C0386,2026-06-30,Premium,South,23,92.76,0,38.82,0
C0387,2026-06-30,Standard,North,54,70.82,1,58.23,0
C0388,2026-06-30,Premium,East,37,98.56,1,55.3,0
C0389,2026-06-30,Basic,East,12,37.43,1,44.42,0
C0390,2026-06-30,Premium,North,35,93.02,1,52.36,0
C0391,2026-06-30,Standard,South,51,56.75,1,56.32,0
C0392,2026-06-30,Basic,South,10,46.06,2,48.39,1
C0393,2026-06-30,Standard,North,45,71.2,1,57.34,0
C0394,2026-06-30,Standard,East,47,53.2,0,35.72,0
C0395,2026-06-30,Basic,East,22,39.03,1,50.88,0
C0396,2026-06-30,Standard,East,20,65.94,2,53.95,1
C0397,2026-06-30,Premium,East,14,99.79,0,46.0,0
C0398,2026-06-30,Basic,West,45,32.18,2,33.34,0
C0399,2026-06-30,Standard,West,70,61.36,0,49.3,0
C0400,2026-06-30,Standard,East,18,64.28,3,66.4,1
