customer_id,snapshot_date,tenure_months,monthly_charge,support_contacts,usage_hours,plan,region,churned_next_month
C0001,2026-01-31,43,63.37,3,43.27,Standard,South,0
C0002,2026-01-31,5,76.5,2,24.83,Standard,East,0
C0003,2026-01-31,31,97.3,2,57.27,Premium,West,0
C0004,2026-01-31,47,56.16,2,44.51,Standard,North,0
C0005,2026-01-31,27,,2,38.12,Basic,North,1
C0006,2026-01-31,44,,0,65.51,Premium,North,0
C0007,2026-01-31,51,69.39,1,38.96,Standard,North,0
C0008,2026-01-31,53,61.92,0,39.38,Standard,North,0
C0009,2026-01-31,58,29.48,0,41.98,Basic,West,0
C0010,2026-01-31,49,61.88,2,45.87,Standard,East,0
C0011,2026-01-31,17,34.78,1,45.98,Basic,West,0
C0012,2026-01-31,33,97.74,0,65.35,Premium,West,0
C0013,2026-01-31,63,55.33,3,32.64,Standard,West,0
C0014,2026-01-31,18,100.99,3,58.4,Premium,North,0
C0015,2026-01-31,33,59.18,2,60.14,Standard,South,0
C0016,2026-01-31,35,36.18,5,26.88,Basic,West,0
C0017,2026-01-31,44,67.76,1,54.74,Standard,North,0
C0018,2026-01-31,65,32.09,0,40.46,Basic,North,0
C0019,2026-01-31,2,98.86,0,56.96,Premium,East,0
C0020,2026-01-31,48,60.92,1,31.4,Standard,West,0
C0021,2026-01-31,67,68.65,1,28.33,Standard,West,0
C0022,2026-01-31,20,27.73,2,24.85,Basic,West,1
C0023,2026-01-31,40,100.95,1,56.12,Premium,North,0
C0024,2026-01-31,40,94.4,0,35.29,Premium,West,0
C0025,2026-01-31,18,62.72,0,41.01,Standard,West,0
C0026,2026-01-31,14,36.6,3,26.02,Basic,East,1
C0027,2026-01-31,69,71.32,1,35.05,Standard,West,0
C0028,2026-01-31,51,35.98,1,35.9,Basic,West,0
C0029,2026-01-31,45,34.79,0,58.4,Basic,South,0
C0030,2026-01-31,20,56.12,1,33.22,Standard,North,1
C0031,2026-01-31,7,65.96,2,62.91,Standard,South,0
C0032,2026-01-31,13,96.88,0,58.74,Premium,North,0
C0033,2026-01-31,8,36.42,1,45.12,Basic,North,0
C0034,2026-01-31,44,27.64,2,39.58,Basic,North,0
C0035,2026-01-31,44,57.54,0,48.27,Standard,East,0
C0036,2026-01-31,21,31.53,1,32.08,Basic,East,0
C0037,2026-01-31,54,36.94,2,40.29,Basic,East,0
C0038,2026-01-31,52,70.96,4,36.41,Standard,East,1
C0039,2026-01-31,43,31.51,0,45.74,Basic,East,0
C0040,2026-01-31,61,63.86,1,30.13,Standard,East,0
C0041,2026-01-31,22,57.5,1,38.33,Standard,North,0
C0042,2026-01-31,46,98.2,1,39.66,Premium,West,1
C0043,2026-01-31,59,57.14,1,41.19,Standard,South,0
C0044,2026-01-31,28,37.05,1,46.68,Basic,North,0
C0045,2026-01-31,56,89.36,0,48.84,Premium,West,0
C0046,2026-01-31,17,96.3,3,55.35,Premium,East,0
C0047,2026-01-31,58,34.43,1,20.91,Basic,North,0
C0048,2026-01-31,57,28.31,2,39.17,Basic,North,1
C0049,2026-01-31,27,65.49,1,24.96,Standard,North,0
C0050,2026-01-31,6,27.79,4,25.2,Basic,South,1
C0051,2026-01-31,13,30.9,0,38.6,Basic,North,0
C0052,2026-01-31,33,37.53,0,41.31,Basic,East,0
C0053,2026-01-31,45,66.57,0,66.82,Standard,East,0
C0054,2026-01-31,60,62.17,2,44.22,Standard,West,0
C0055,2026-01-31,21,59.12,2,53.03,Standard,East,0
C0056,2026-01-31,44,59.74,0,45.47,Standard,East,0
C0057,2026-01-31,69,62.74,1,43.0,Standard,East,0
C0058,2026-01-31,17,66.48,1,41.16,Standard,North,0
C0059,2026-01-31,45,35.48,1,24.38,Basic,North,0
C0060,2026-01-31,42,40.55,1,29.03,Basic,East,0
C0061,2026-01-31,30,64.96,0,41.69,Standard,North,0
C0062,2026-01-31,16,63.36,1,30.68,Standard,North,0
C0063,2026-01-31,67,63.48,1,28.06,Standard,North,0
C0064,2026-01-31,13,67.39,0,49.88,Standard,West,0
C0065,2026-01-31,35,66.37,1,41.47,Standard,South,0
C0066,2026-01-31,59,54.46,4,42.48,Standard,East,0
C0067,2026-01-31,27,69.3,1,51.87,Standard,South,0
C0068,2026-01-31,37,29.41,2,45.23,Basic,North,0
C0069,2026-01-31,13,42.39,1,33.12,Basic,South,0
C0070,2026-01-31,36,69.39,0,30.61,Standard,North,0
C0071,2026-01-31,5,38.31,2,43.83,Basic,West,0
C0072,2026-01-31,17,37.38,1,46.75,Basic,North,1
C0073,2026-01-31,3,88.02,0,59.73,Premium,South,0
C0074,2026-01-31,59,40.12,0,46.21,Basic,West,1
C0075,2026-01-31,39,39.36,2,44.37,Basic,East,0
C0076,2026-01-31,14,44.04,3,53.3,Basic,South,0
C0077,2026-01-31,51,35.51,1,31.49,Basic,East,0
C0078,2026-01-31,5,61.08,4,43.7,Standard,West,1
C0079,2026-01-31,14,57.24,0,50.94,Standard,South,0
C0080,2026-01-31,4,68.01,2,33.47,Standard,East,0
C0081,2026-01-31,37,65.74,0,47.96,Standard,West,0
C0082,2026-01-31,66,20.41,2,29.75,Basic,East,0
C0083,2026-01-31,34,87.67,1,39.38,Premium,South,0
C0084,2026-01-31,30,29.04,2,44.82,Basic,North,0
C0085,2026-01-31,3,26.4,0,41.54,Basic,North,0
C0086,2026-01-31,27,43.02,1,49.22,Basic,West,0
C0087,2026-01-31,55,58.86,2,30.65,Standard,East,0
C0088,2026-01-31,18,61.24,0,29.08,Standard,South,1
C0089,2026-01-31,30,26.12,1,30.57,Basic,South,0
C0090,2026-01-31,34,62.07,3,45.74,Standard,East,0
C0091,2026-01-31,21,31.33,0,39.14,Basic,East,0
C0092,2026-01-31,11,62.85,0,58.19,Standard,East,0
C0093,2026-01-31,20,73.48,0,34.05,Standard,South,0
C0094,2026-01-31,21,36.09,0,47.04,Basic,East,0
C0095,2026-01-31,24,33.74,1,23.17,Basic,South,1
C0096,2026-01-31,28,60.97,1,41.25,Standard,West,0
C0097,2026-01-31,58,39.83,0,36.47,Basic,North,0
C0098,2026-01-31,66,31.67,4,31.42,Basic,North,0
C0099,2026-01-31,55,29.45,1,39.82,Basic,South,0
C0100,2026-01-31,24,94.95,2,58.29,Premium,East,0
C0101,2026-01-31,55,97.91,0,51.95,Premium,East,0
C0102,2026-01-31,36,64.65,1,53.27,Standard,South,0
C0103,2026-01-31,10,41.54,2,32.65,Basic,West,0
C0104,2026-01-31,21,95.57,0,53.49,Premium,South,0
C0105,2026-01-31,33,69.61,1,28.42,Standard,North,0
C0106,2026-01-31,14,60.03,1,39.25,Standard,North,0
C0107,2026-01-31,4,58.88,1,47.43,Standard,West,0
C0108,2026-01-31,63,37.92,1,27.36,Basic,North,0
C0109,2026-01-31,12,36.36,2,50.33,Basic,West,0
C0110,2026-01-31,50,99.82,0,50.35,Premium,South,0
C0111,2026-01-31,43,57.97,0,45.71,Standard,North,0
C0112,2026-01-31,19,32.13,0,30.12,Basic,South,0
C0113,2026-01-31,30,37.04,1,38.27,Basic,East,0
C0114,2026-01-31,28,61.85,4,45.54,Standard,South,0
C0115,2026-01-31,51,38.92,2,40.39,Basic,West,0
C0116,2026-01-31,59,102.72,0,68.75,Premium,East,0
C0117,2026-01-31,20,63.6,0,20.56,Standard,South,0
C0118,2026-01-31,46,66.06,1,27.94,Standard,East,0
C0119,2026-01-31,46,67.45,0,37.82,Standard,West,0
C0120,2026-01-31,32,66.08,0,47.99,Standard,South,0
C0121,2026-01-31,52,64.86,1,51.18,Standard,North,0
C0122,2026-01-31,36,70.34,1,48.75,Standard,South,0
C0123,2026-01-31,2,36.24,2,36.77,Basic,West,0
C0124,2026-01-31,55,33.34,1,58.69,Basic,North,0
C0125,2026-01-31,28,30.29,0,49.95,Basic,West,0
C0126,2026-01-31,51,68.66,1,41.42,Standard,East,0
C0127,2026-01-31,19,36.66,0,40.62,Basic,East,0
C0128,2026-01-31,62,30.28,1,44.96,Basic,South,0
C0129,2026-01-31,54,49.06,0,22.4,Basic,West,0
C0130,2026-01-31,64,59.61,1,48.78,Standard,North,0
C0131,2026-01-31,39,37.41,0,39.53,Basic,South,0
C0132,2026-01-31,63,96.17,1,42.7,Premium,South,0
C0133,2026-01-31,62,62.66,1,67.31,Standard,South,0
C0134,2026-01-31,52,30.34,0,8.95,Basic,South,0
C0135,2026-01-31,47,64.1,0,31.31,Standard,North,0
C0136,2026-01-31,28,34.12,1,25.77,Basic,North,0
C0137,2026-01-31,20,92.83,3,52.68,Premium,North,0
C0138,2026-01-31,67,60.67,1,41.78,Standard,East,0
C0139,2026-01-31,4,65.43,3,26.46,Standard,South,0
C0140,2026-01-31,36,35.75,0,30.03,Basic,East,0
C0141,2026-01-31,53,58.57,1,44.17,Standard,East,0
C0142,2026-01-31,46,64.8,0,65.67,Standard,East,0
C0143,2026-01-31,20,97.46,3,65.11,Premium,East,0
C0144,2026-01-31,21,64.73,0,46.12,Standard,East,0
C0145,2026-01-31,23,70.17,1,34.82,Standard,East,0
C0146,2026-01-31,53,37.75,1,13.77,Basic,East,1
C0147,2026-01-31,28,37.39,0,22.77,Basic,East,0
C0148,2026-01-31,28,59.55,3,46.1,Standard,South,0
C0149,2026-01-31,21,62.27,2,25.1,Standard,North,0
C0150,2026-01-31,19,37.29,2,37.05,Basic,West,0
C0151,2026-01-31,58,97.23,1,43.31,Premium,South,0
C0152,2026-01-31,27,100.82,0,49.78,Premium,East,0
C0153,2026-01-31,50,33.47,0,34.89,Basic,North,0
C0154,2026-01-31,58,62.83,0,49.14,Standard,South,0
C0155,2026-01-31,62,39.13,2,41.15,Basic,East,0
C0156,2026-01-31,35,67.02,3,43.29,Standard,East,0
C0157,2026-01-31,20,35.06,1,31.78,Basic,East,0
C0158,2026-01-31,33,70.0,2,32.29,Standard,South,0
C0159,2026-01-31,31,62.54,0,50.12,Standard,West,0
C0160,2026-01-31,12,70.25,0,48.12,Standard,East,0
C0161,2026-01-31,25,39.06,1,18.76,Basic,West,0
C0162,2026-01-31,53,102.51,0,52.9,Premium,East,0
C0163,2026-01-31,17,35.75,3,40.91,Basic,East,0
C0164,2026-01-31,55,37.4,3,54.18,Basic,West,0
C0165,2026-01-31,28,68.94,1,37.23,Standard,North,0
C0166,2026-01-31,18,33.23,1,37.59,Basic,West,1
C0167,2026-01-31,5,92.41,4,64.49,Premium,West,0
C0168,2026-01-31,49,94.78,2,39.89,Premium,East,0
C0169,2026-01-31,2,32.79,2,41.83,Basic,East,0
C0170,2026-01-31,15,96.41,2,65.92,Premium,East,0
C0171,2026-01-31,66,36.45,1,51.87,Basic,South,0
C0172,2026-01-31,38,72.88,1,24.43,Standard,West,0
C0173,2026-01-31,63,38.08,2,16.03,Basic,North,0
C0174,2026-01-31,58,92.82,1,65.87,Premium,South,0
C0175,2026-01-31,12,27.39,2,31.61,Basic,East,0
C0176,2026-01-31,27,30.21,1,19.18,Basic,West,0
C0177,2026-01-31,15,68.7,3,43.72,Standard,South,0
C0178,2026-01-31,5,92.71,0,59.63,Premium,South,0
C0179,2026-01-31,50,97.71,0,46.94,Premium,North,0
C0180,2026-01-31,20,61.98,1,28.93,Standard,North,0
C0181,2026-01-31,49,89.06,1,42.42,Premium,North,0
C0182,2026-01-31,17,101.61,0,48.9,Premium,North,0
C0183,2026-01-31,21,66.64,0,39.01,Standard,West,0
C0184,2026-01-31,64,38.81,2,55.13,Basic,West,0
C0185,2026-01-31,63,64.5,1,46.11,Standard,West,0
C0186,2026-01-31,41,64.99,1,56.06,Standard,North,0
C0187,2026-01-31,43,40.45,0,42.65,Basic,North,0
C0188,2026-01-31,23,41.16,1,37.09,Basic,South,0
C0189,2026-01-31,19,71.09,0,42.18,Standard,East,0
C0190,2026-01-31,33,33.46,1,9.13,Basic,South,0
C0191,2026-01-31,33,92.07,1,39.65,Premium,South,0
C0192,2026-01-31,46,43.91,2,18.64,Basic,North,0
C0193,2026-01-31,26,34.65,0,13.89,Basic,East,0
C0194,2026-01-31,7,100.74,0,43.95,Premium,South,0
C0195,2026-01-31,45,,1,43.6,Basic,North,0
C0196,2026-01-31,62,,3,39.54,Basic,East,0
C0197,2026-01-31,35,75.1,0,46.94,Standard,West,0
C0198,2026-01-31,4,84.57,2,57.64,Premium,North,0
C0199,2026-01-31,11,42.18,0,50.49,Basic,South,0
C0200,2026-01-31,35,40.67,2,23.18,Basic,West,0
C0201,2026-01-31,50,76.36,1,51.92,Standard,East,0
C0202,2026-01-31,40,90.92,2,53.74,Premium,West,0
C0203,2026-01-31,18,69.84,0,38.38,Standard,South,0
C0204,2026-01-31,57,35.41,1,48.09,Basic,South,0
C0205,2026-01-31,2,26.96,3,36.98,Basic,East,0
C0206,2026-01-31,47,40.19,1,28.34,Basic,North,0
C0207,2026-01-31,48,30.51,1,20.93,Basic,North,0
C0208,2026-01-31,28,58.35,0,25.0,Standard,East,0
C0209,2026-01-31,40,31.61,1,36.74,Basic,East,0
C0210,2026-01-31,32,61.58,2,54.63,Standard,North,0
C0211,2026-01-31,7,71.77,0,44.2,Standard,East,0
C0212,2026-01-31,41,65.45,0,39.31,Standard,South,0
C0213,2026-01-31,6,41.04,2,39.49,Basic,East,0
C0214,2026-01-31,61,90.15,3,52.78,Premium,West,0
C0215,2026-01-31,36,62.43,0,59.42,Standard,North,0
C0216,2026-01-31,62,55.51,0,61.93,Standard,West,0
C0217,2026-01-31,24,30.25,1,26.09,Basic,South,0
C0218,2026-01-31,36,,1,44.01,Basic,West,0
C0219,2026-01-31,22,91.72,2,50.68,Premium,South,0
C0220,2026-01-31,11,37.43,0,44.21,Basic,South,0
C0221,2026-01-31,19,37.27,1,42.78,Basic,West,0
C0222,2026-01-31,50,57.57,1,41.0,Standard,East,0
C0223,2026-01-31,69,55.45,0,21.33,Standard,North,0
C0224,2026-01-31,4,96.97,5,46.15,Premium,East,1
C0225,2026-01-31,41,40.93,0,23.02,Basic,West,0
C0226,2026-01-31,23,94.43,2,60.45,Premium,South,0
C0227,2026-01-31,16,35.57,2,50.46,Basic,West,1
C0228,2026-01-31,53,65.88,0,43.28,Standard,East,0
C0229,2026-01-31,53,74.21,3,40.4,Standard,South,0
C0230,2026-01-31,49,32.99,3,24.75,Basic,North,0
C0231,2026-01-31,24,38.24,1,26.19,Basic,East,0
C0232,2026-01-31,69,40.8,0,48.2,Basic,North,0
C0233,2026-01-31,3,93.03,2,43.56,Premium,West,0
C0234,2026-01-31,5,68.75,3,64.02,Standard,East,0
C0235,2026-01-31,68,91.53,2,38.55,Premium,South,0
C0236,2026-01-31,68,97.88,2,59.77,Premium,North,0
C0237,2026-01-31,35,62.68,1,47.2,Standard,East,0
C0238,2026-01-31,20,67.51,1,56.49,Standard,North,1
C0239,2026-01-31,7,32.12,1,29.73,Basic,South,0
C0240,2026-01-31,54,38.38,3,38.36,Basic,West,0
C0241,2026-01-31,16,93.7,0,55.81,Premium,West,0
C0242,2026-01-31,23,73.63,2,26.9,Standard,West,1
C0243,2026-01-31,31,31.83,0,40.14,Basic,West,0
C0244,2026-01-31,18,62.32,1,42.54,Standard,East,0
C0245,2026-01-31,23,66.49,1,52.72,Standard,North,0
C0246,2026-01-31,24,94.42,0,75.04,Premium,West,0
C0247,2026-01-31,45,69.9,1,61.9,Standard,West,0
C0248,2026-01-31,43,37.77,1,33.78,Basic,West,0
C0249,2026-01-31,34,38.66,2,36.03,Basic,East,0
C0250,2026-01-31,27,61.9,0,42.32,Standard,North,0
C0251,2026-01-31,24,71.84,0,45.43,Standard,East,0
C0252,2026-01-31,12,95.63,1,44.9,Premium,South,0
C0253,2026-01-31,13,59.57,2,52.29,Standard,West,0
C0254,2026-01-31,42,25.78,2,35.89,Basic,South,0
C0255,2026-01-31,64,23.79,0,27.43,Basic,South,0
C0256,2026-01-31,18,66.98,0,56.27,Standard,North,0
C0257,2026-01-31,38,,2,33.17,Premium,West,0
C0258,2026-01-31,56,37.11,1,17.4,Basic,West,0
C0259,2026-01-31,48,39.89,2,43.56,Basic,North,0
C0260,2026-01-31,64,62.2,0,37.51,Standard,South,0
C0261,2026-01-31,19,40.71,1,38.35,Basic,South,0
C0262,2026-01-31,33,94.99,2,28.89,Premium,South,0
C0263,2026-01-31,52,29.9,1,40.35,Basic,West,0
C0264,2026-01-31,8,28.64,0,50.81,Basic,North,0
C0265,2026-01-31,11,88.25,1,57.86,Premium,South,0
C0266,2026-01-31,23,40.28,1,33.75,Basic,North,0
C0267,2026-01-31,21,32.99,0,28.29,Basic,North,0
C0268,2026-01-31,52,35.12,0,30.98,Basic,West,0
C0269,2026-01-31,35,38.63,1,22.68,Basic,West,1
C0270,2026-01-31,53,33.53,0,25.74,Basic,North,0
C0271,2026-01-31,9,35.57,0,44.53,Basic,East,0
C0272,2026-01-31,40,36.52,1,18.14,Basic,North,0
C0273,2026-01-31,28,40.14,3,29.78,Basic,North,0
C0274,2026-01-31,17,61.08,2,32.96,Standard,South,0
C0275,2026-01-31,55,64.02,1,36.61,Standard,North,0
C0276,2026-01-31,18,36.05,1,44.41,Basic,South,0
C0277,2026-01-31,17,34.7,1,29.19,Basic,West,0
C0278,2026-01-31,42,76.66,1,53.63,Standard,East,0
C0279,2026-01-31,38,85.13,4,64.09,Premium,East,0
C0280,2026-01-31,67,106.8,0,47.97,Premium,South,0
C0281,2026-01-31,57,31.85,1,18.96,Basic,North,0
C0282,2026-01-31,53,31.19,5,26.18,Basic,North,1
C0283,2026-01-31,12,30.8,1,48.46,Basic,South,0
C0284,2026-01-31,13,36.79,1,16.46,Basic,North,0
C0285,2026-01-31,21,60.83,0,40.51,Standard,West,0
C0286,2026-01-31,22,32.54,1,26.38,Basic,West,0
C0287,2026-01-31,46,39.44,0,50.36,Basic,West,0
C0288,2026-01-31,13,30.48,0,29.55,Basic,East,0
C0289,2026-01-31,51,63.42,2,53.53,Standard,East,0
C0290,2026-01-31,66,33.55,1,41.11,Basic,East,0
C0291,2026-01-31,42,99.3,1,69.56,Premium,South,0
C0292,2026-01-31,13,34.96,2,25.55,Basic,East,0
C0293,2026-01-31,56,89.46,0,56.53,Premium,West,0
C0294,2026-01-31,10,30.47,2,23.4,Basic,West,0
C0295,2026-01-31,7,91.08,1,71.84,Premium,East,0
C0296,2026-01-31,42,98.91,5,50.42,Premium,North,1
C0297,2026-01-31,4,88.53,1,42.89,Premium,East,1
C0298,2026-01-31,36,103.08,0,55.7,Premium,South,0
C0299,2026-01-31,41,60.88,1,23.69,Standard,East,0
C0300,2026-01-31,21,67.73,1,47.27,Standard,East,0
C0301,2026-01-31,38,61.88,5,50.07,Standard,West,1
C0302,2026-01-31,53,37.69,1,48.5,Basic,South,0
C0303,2026-01-31,59,66.28,1,27.71,Standard,West,0
C0304,2026-01-31,52,66.35,3,38.34,Standard,West,0
C0305,2026-01-31,22,108.36,1,57.36,Premium,South,0
C0306,2026-01-31,46,64.74,0,29.83,Standard,South,0
C0307,2026-01-31,18,30.62,1,23.23,Basic,East,0
C0308,2026-01-31,26,70.32,0,55.33,Standard,West,0
C0309,2026-01-31,43,35.89,2,41.57,Basic,East,1
C0310,2026-01-31,61,31.44,1,42.53,Basic,West,1
C0311,2026-01-31,2,63.21,1,53.93,Standard,South,0
C0312,2026-01-31,7,35.43,0,34.31,Basic,East,1
C0313,2026-01-31,65,32.91,2,39.05,Basic,South,0
C0314,2026-01-31,67,37.14,1,58.68,Basic,West,1
C0315,2026-01-31,4,32.26,0,34.28,Basic,South,0
C0316,2026-01-31,20,40.08,1,31.15,Basic,East,0
C0317,2026-01-31,51,42.13,1,40.28,Basic,North,0
C0318,2026-01-31,41,62.04,1,43.38,Standard,West,0
C0319,2026-01-31,61,27.74,1,29.02,Basic,South,0
C0320,2026-01-31,69,99.35,0,40.28,Premium,South,0
C0321,2026-01-31,55,89.24,1,78.36,Premium,East,0
C0322,2026-01-31,43,66.29,0,49.37,Standard,South,0
C0323,2026-01-31,11,40.75,2,29.19,Basic,West,1
C0324,2026-01-31,56,66.71,1,49.01,Standard,East,0
C0325,2026-01-31,14,96.65,2,59.08,Premium,East,0
C0326,2026-01-31,25,51.25,0,41.53,Standard,North,0
C0327,2026-01-31,58,93.11,2,47.48,Premium,North,1
C0328,2026-01-31,56,61.17,1,30.37,Standard,South,0
C0329,2026-01-31,40,70.05,2,40.38,Standard,West,0
C0330,2026-01-31,48,33.91,1,54.6,Basic,West,0
C0331,2026-01-31,2,68.1,0,50.41,Standard,East,0
C0332,2026-01-31,62,37.75,1,42.92,Basic,East,0
C0333,2026-01-31,4,59.96,3,37.22,Standard,South,0
C0334,2026-01-31,21,95.69,1,53.74,Premium,North,0
C0335,2026-01-31,46,26.97,2,32.15,Basic,North,0
C0336,2026-01-31,3,69.55,0,42.02,Standard,South,0
C0337,2026-01-31,5,34.83,2,34.82,Basic,South,0
C0338,2026-01-31,61,63.59,0,27.17,Standard,North,0
C0339,2026-01-31,43,43.44,2,47.67,Basic,South,0
C0340,2026-01-31,17,95.89,1,51.28,Premium,North,0
C0341,2026-01-31,61,21.48,3,36.29,Basic,East,0
C0342,2026-01-31,61,94.72,1,30.56,Premium,West,0
C0343,2026-01-31,53,88.59,0,64.11,Premium,East,0
C0344,2026-01-31,14,57.32,2,47.82,Standard,South,0
C0345,2026-01-31,45,68.13,0,51.24,Standard,South,0
C0346,2026-01-31,2,66.62,1,39.76,Standard,South,0
C0347,2026-01-31,25,92.5,1,51.72,Premium,North,0
C0348,2026-01-31,2,29.76,2,42.56,Basic,East,0
C0349,2026-01-31,27,66.99,2,33.68,Standard,East,0
C0350,2026-01-31,39,38.55,2,44.14,Basic,North,0
C0351,2026-01-31,43,54.02,1,37.17,Standard,South,0
C0352,2026-01-31,35,39.72,3,41.69,Basic,South,0
C0353,2026-01-31,28,66.88,3,47.5,Standard,North,1
C0354,2026-01-31,2,67.63,6,43.36,Standard,East,0
C0355,2026-01-31,37,65.23,1,57.58,Standard,East,0
C0356,2026-01-31,37,63.36,0,52.93,Standard,East,0
C0357,2026-01-31,34,57.09,0,21.72,Standard,East,0
C0358,2026-01-31,5,60.77,1,42.32,Standard,West,0
C0359,2026-01-31,25,58.42,2,35.61,Standard,West,0
C0360,2026-01-31,62,55.52,1,35.34,Standard,East,0
C0361,2026-01-31,21,97.75,1,46.3,Premium,West,0
C0362,2026-01-31,25,40.69,1,47.33,Basic,South,0
C0363,2026-01-31,62,38.66,3,27.55,Basic,West,0
C0364,2026-01-31,14,28.94,0,34.25,Basic,West,0
C0365,2026-01-31,42,70.02,1,41.15,Standard,East,0
C0366,2026-01-31,28,41.61,1,33.13,Basic,West,0
C0367,2026-01-31,69,67.73,2,52.11,Standard,East,0
C0368,2026-01-31,28,61.87,0,44.5,Standard,East,0
C0369,2026-01-31,52,34.7,2,40.22,Basic,South,0
C0370,2026-01-31,62,93.44,1,27.23,Premium,West,0
C0371,2026-01-31,19,57.3,1,60.2,Standard,East,0
C0372,2026-01-31,17,37.36,2,34.75,Basic,West,0
C0373,2026-01-31,18,36.76,2,33.59,Basic,South,0
C0374,2026-01-31,20,43.03,1,46.42,Basic,West,0
C0375,2026-01-31,54,40.17,1,14.79,Basic,North,0
C0376,2026-01-31,30,37.05,1,49.55,Basic,North,0
C0377,2026-01-31,31,94.15,1,55.99,Premium,East,0
C0378,2026-01-31,5,59.05,0,44.62,Standard,East,0
C0379,2026-01-31,53,36.82,0,31.21,Basic,West,0
C0380,2026-01-31,23,,0,39.7,Standard,South,0
C0381,2026-01-31,28,65.39,1,49.94,Standard,East,0
C0382,2026-01-31,18,96.02,1,50.3,Premium,East,0
C0383,2026-01-31,55,67.24,1,47.98,Standard,West,0
C0384,2026-01-31,61,62.14,0,35.05,Standard,East,0
C0385,2026-01-31,53,42.29,1,40.97,Basic,South,0
C0386,2026-01-31,8,98.93,1,48.04,Premium,West,0
C0387,2026-01-31,21,62.68,0,54.8,Standard,North,0
C0388,2026-01-31,22,96.74,1,36.56,Premium,West,0
C0389,2026-01-31,57,38.63,7,53.3,Basic,North,1
C0390,2026-01-31,31,88.55,1,62.99,Premium,South,0
C0391,2026-01-31,54,73.32,1,35.88,Standard,West,0
C0392,2026-01-31,56,41.84,3,56.32,Basic,East,0
C0393,2026-01-31,67,68.12,1,54.7,Standard,West,0
C0394,2026-01-31,56,60.47,0,52.76,Standard,East,0
C0395,2026-01-31,53,,0,35.41,Basic,East,0
C0396,2026-01-31,23,65.68,2,44.48,Standard,South,0
C0397,2026-01-31,18,104.87,1,44.88,Premium,North,0
C0398,2026-01-31,13,37.81,2,40.2,Basic,North,0
C0399,2026-01-31,27,71.75,3,60.2,Standard,South,0
C0400,2026-01-31,67,71.41,1,41.68,Standard,North,0
C0401,2026-01-31,26,30.54,2,24.09,Basic,East,1
C0402,2026-01-31,37,94.11,1,62.4,Premium,West,0
C0403,2026-01-31,38,64.26,1,52.69,Standard,West,0
C0404,2026-01-31,46,37.22,1,44.17,Basic,South,0
C0405,2026-01-31,55,101.93,3,59.85,Premium,West,0
C0406,2026-01-31,44,91.32,1,53.07,Premium,West,0
C0407,2026-01-31,45,42.72,2,24.27,Basic,West,1
C0408,2026-01-31,54,91.21,0,35.64,Premium,South,0
C0409,2026-01-31,30,39.5,1,17.65,Basic,South,0
C0410,2026-01-31,44,91.84,0,53.24,Premium,West,0
C0411,2026-01-31,60,58.64,3,45.23,Standard,North,0
C0412,2026-01-31,45,68.8,0,41.56,Standard,South,0
C0413,2026-01-31,59,37.23,1,14.04,Basic,North,0
C0414,2026-01-31,28,88.28,0,42.88,Premium,West,0
C0415,2026-01-31,2,34.64,2,36.66,Basic,East,0
C0416,2026-01-31,25,41.76,1,39.14,Basic,North,0
C0417,2026-01-31,45,,0,36.78,Basic,North,0
C0418,2026-01-31,30,64.14,3,23.19,Standard,East,0
C0419,2026-01-31,58,33.4,0,45.2,Basic,East,0
C0420,2026-01-31,65,90.84,2,51.5,Premium,West,0
C0001,2026-02-28,40,63.48,0,39.09,Standard,South,0
C0002,2026-02-28,16,61.34,1,25.06,Standard,East,0
C0003,2026-02-28,50,101.16,1,53.01,Premium,West,0
C0004,2026-02-28,58,63.72,0,49.23,Standard,North,0
C0005,2026-02-28,55,30.16,0,57.13,Basic,North,0
C0006,2026-02-28,32,102.16,0,65.1,Premium,North,0
C0007,2026-02-28,9,64.56,2,48.31,Standard,North,0
C0008,2026-02-28,12,53.33,0,40.03,Standard,North,0
C0009,2026-02-28,57,37.96,0,37.66,Basic,West,0
C0010,2026-02-28,9,65.46,0,30.89,Standard,East,0
C0011,2026-02-28,61,36.97,0,30.91,Basic,West,0
C0012,2026-02-28,62,86.42,1,56.41,Premium,West,0
C0013,2026-02-28,48,65.09,1,34.85,Standard,West,0
C0014,2026-02-28,10,97.01,1,54.64,Premium,North,0
C0015,2026-02-28,45,,0,58.13,Standard,South,0
C0016,2026-02-28,67,31.22,0,28.69,Basic,West,0
C0017,2026-02-28,68,61.37,0,47.69,Standard,North,0
C0018,2026-02-28,47,38.14,1,35.29,Basic,North,0
C0019,2026-02-28,35,98.31,2,46.31,Premium,East,1
C0020,2026-02-28,70,77.23,0,30.16,Standard,West,0
C0021,2026-02-28,46,77.11,1,34.89,Standard,West,0
C0022,2026-02-28,51,33.42,1,28.9,Basic,West,0
C0023,2026-02-28,70,89.49,1,61.21,Premium,North,0
C0024,2026-02-28,14,87.89,1,37.23,Premium,West,0
C0025,2026-02-28,31,71.0,4,51.29,Standard,West,0
C0026,2026-02-28,24,30.81,2,29.34,Basic,East,0
C0027,2026-02-28,39,61.37,3,55.08,Standard,West,1
C0028,2026-02-28,28,35.13,0,27.97,Basic,West,0
C0029,2026-02-28,15,41.55,1,65.71,Basic,South,0
C0030,2026-02-28,48,60.03,2,27.38,Standard,North,0
C0031,2026-02-28,33,66.1,0,59.42,Standard,South,0
C0032,2026-02-28,42,96.56,1,53.08,Premium,North,0
C0033,2026-02-28,70,33.72,0,38.91,Basic,North,0
C0034,2026-02-28,14,31.89,0,32.45,Basic,North,0
C0035,2026-02-28,22,59.83,1,47.48,Standard,East,0
C0036,2026-02-28,52,31.61,0,40.68,Basic,East,0
C0037,2026-02-28,42,36.27,0,54.56,Basic,East,0
C0038,2026-02-28,59,67.35,3,36.7,Standard,East,0
C0039,2026-02-28,24,38.43,0,55.8,Basic,East,0
C0040,2026-02-28,64,69.84,1,37.6,Standard,East,0
C0041,2026-02-28,26,58.22,0,36.75,Standard,North,0
C0042,2026-02-28,55,88.88,4,41.04,Premium,West,0
C0043,2026-02-28,57,61.53,3,48.23,Standard,South,0
C0044,2026-02-28,35,34.84,0,42.79,Basic,North,0
C0045,2026-02-28,14,94.11,1,52.61,Premium,West,0
C0046,2026-02-28,57,92.29,1,54.09,Premium,East,0
C0047,2026-02-28,70,38.57,1,29.91,Basic,North,1
C0048,2026-02-28,19,31.74,1,31.79,Basic,North,0
C0049,2026-02-28,46,53.92,2,29.57,Standard,North,0
C0050,2026-02-28,22,28.92,1,24.66,Basic,South,0
C0051,2026-02-28,20,39.3,2,39.43,Basic,North,0
C0052,2026-02-28,23,30.91,1,40.29,Basic,East,0
C0053,2026-02-28,68,65.31,0,66.46,Standard,East,0
C0054,2026-02-28,57,56.18,0,42.47,Standard,West,0
C0055,2026-02-28,64,65.85,1,54.03,Standard,East,0
C0056,2026-02-28,22,68.88,0,35.1,Standard,East,0
C0057,2026-02-28,4,67.79,1,40.42,Standard,East,0
C0058,2026-02-28,53,70.63,1,53.77,Standard,North,0
C0059,2026-02-28,8,30.0,1,39.34,Basic,North,0
C0060,2026-02-28,15,40.05,0,36.47,Basic,East,0
C0061,2026-02-28,41,66.75,1,40.97,Standard,North,0
C0062,2026-02-28,62,71.91,0,33.43,Standard,North,0
C0063,2026-02-28,40,66.43,2,29.2,Standard,North,0
C0064,2026-02-28,14,74.97,1,50.3,Standard,West,0
C0065,2026-02-28,24,66.88,0,38.32,Standard,South,0
C0066,2026-02-28,4,66.81,0,46.33,Standard,East,0
C0067,2026-02-28,60,58.27,2,43.95,Standard,South,0
C0068,2026-02-28,5,37.52,2,49.46,Basic,North,0
C0069,2026-02-28,4,32.45,3,40.67,Basic,South,0
C0070,2026-02-28,54,71.02,1,39.49,Standard,North,0
C0071,2026-02-28,11,36.92,0,50.03,Basic,West,0
C0072,2026-02-28,44,39.11,2,54.09,Basic,North,1
C0073,2026-02-28,54,84.8,2,59.04,Premium,South,0
C0074,2026-02-28,43,33.71,3,45.81,Basic,West,0
C0075,2026-02-28,15,37.77,2,47.51,Basic,East,0
C0076,2026-02-28,26,41.9,0,53.22,Basic,South,0
C0077,2026-02-28,4,51.36,2,36.56,Basic,East,1
C0078,2026-02-28,61,74.75,1,47.04,Standard,West,0
C0079,2026-02-28,67,72.04,1,55.82,Standard,South,0
C0080,2026-02-28,9,66.13,0,34.73,Standard,East,0
C0081,2026-02-28,63,59.39,0,47.06,Standard,West,0
C0082,2026-02-28,11,42.33,5,23.46,Basic,East,1
C0083,2026-02-28,36,100.59,3,53.4,Premium,South,0
C0084,2026-02-28,63,39.34,3,45.38,Basic,North,0
C0085,2026-02-28,51,40.79,0,43.64,Basic,North,0
C0086,2026-02-28,32,44.22,1,52.36,Basic,West,0
C0087,2026-02-28,18,60.21,1,49.6,Standard,East,0
C0088,2026-02-28,4,73.46,2,31.06,Standard,South,1
C0089,2026-02-28,11,30.67,2,41.24,Basic,South,0
C0090,2026-02-28,54,63.69,0,42.62,Standard,East,0
C0091,2026-02-28,37,40.48,0,34.1,Basic,East,0
C0092,2026-02-28,4,66.3,1,65.66,Standard,East,0
C0093,2026-02-28,51,65.19,0,41.97,Standard,South,0
C0094,2026-02-28,53,34.74,0,43.23,Basic,East,0
C0095,2026-02-28,37,31.42,0,28.6,Basic,South,0
C0096,2026-02-28,44,60.33,0,46.84,Standard,West,0
C0097,2026-02-28,57,44.18,1,31.07,Basic,North,0
C0098,2026-02-28,64,37.89,0,25.98,Basic,North,0
C0099,2026-02-28,21,40.61,2,34.47,Basic,South,0
C0100,2026-02-28,24,90.53,1,40.07,Premium,East,0
C0101,2026-02-28,64,95.44,1,43.25,Premium,East,0
C0102,2026-02-28,47,62.76,2,70.72,Standard,South,0
C0103,2026-02-28,61,32.02,0,25.18,Basic,West,0
C0104,2026-02-28,13,94.31,1,54.49,Premium,South,0
C0105,2026-02-28,10,69.38,1,15.11,Standard,North,0
C0106,2026-02-28,47,74.72,2,38.51,Standard,North,0
C0107,2026-02-28,15,63.58,1,45.69,Standard,West,0
C0108,2026-02-28,10,35.91,0,37.23,Basic,North,0
C0109,2026-02-28,4,32.68,2,44.37,Basic,West,0
C0110,2026-02-28,36,92.67,0,48.09,Premium,South,0
C0111,2026-02-28,29,62.33,0,57.82,Standard,North,0
C0112,2026-02-28,54,42.14,0,36.88,Basic,South,0
C0113,2026-02-28,61,41.18,1,38.89,Basic,East,0
C0114,2026-02-28,23,61.52,3,39.18,Standard,South,0
C0115,2026-02-28,48,34.06,0,29.56,Basic,West,0
C0116,2026-02-28,55,97.64,0,70.36,Premium,East,0
C0117,2026-02-28,65,69.09,0,17.14,Standard,South,0
C0118,2026-02-28,6,,0,26.8,Standard,East,0
C0119,2026-02-28,34,67.12,0,40.21,Standard,West,0
C0120,2026-02-28,22,61.16,0,43.9,Standard,South,0
C0121,2026-02-28,29,63.66,2,48.33,Standard,North,0
C0122,2026-02-28,4,61.92,2,54.19,Standard,South,0
C0123,2026-02-28,8,47.13,0,29.46,Basic,West,0
C0124,2026-02-28,62,39.43,1,42.78,Basic,North,0
C0125,2026-02-28,48,37.16,4,47.42,Basic,West,0
C0126,2026-02-28,56,73.47,0,41.4,Standard,East,0
C0127,2026-02-28,30,30.15,2,47.28,Basic,East,0
C0128,2026-02-28,17,40.43,4,32.92,Basic,South,1
C0129,2026-02-28,10,29.96,1,27.36,Basic,West,0
C0130,2026-02-28,69,64.15,0,57.64,Standard,North,0
C0131,2026-02-28,46,39.05,0,37.2,Basic,South,0
C0132,2026-02-28,37,89.72,0,54.6,Premium,South,0
C0133,2026-02-28,27,63.82,1,59.2,Standard,South,0
C0134,2026-02-28,21,36.45,1,23.91,Basic,South,0
C0135,2026-02-28,11,66.5,1,26.71,Standard,North,0
C0136,2026-02-28,3,,0,17.05,Basic,North,0
C0137,2026-02-28,40,81.53,0,55.94,Premium,North,0
C0138,2026-02-28,57,69.97,0,39.32,Standard,East,0
C0139,2026-02-28,58,66.8,1,33.75,Standard,South,0
C0140,2026-02-28,65,33.47,1,31.35,Basic,East,0
C0141,2026-02-28,70,65.59,1,21.89,Standard,East,0
C0142,2026-02-28,5,67.23,0,66.6,Standard,East,0
C0143,2026-02-28,55,97.19,1,74.44,Premium,East,0
C0144,2026-02-28,70,62.61,1,45.1,Standard,East,0
C0145,2026-02-28,29,63.52,1,44.07,Standard,East,0
C0146,2026-02-28,48,32.71,1,30.9,Basic,East,0
C0147,2026-02-28,37,38.79,0,24.17,Basic,East,0
C0148,2026-02-28,32,74.45,1,47.66,Standard,South,0
C0149,2026-02-28,26,59.71,2,42.5,Standard,North,0
C0150,2026-02-28,13,32.89,2,32.91,Basic,West,0
C0151,2026-02-28,11,108.66,1,41.55,Premium,South,1
C0152,2026-02-28,26,95.34,0,50.37,Premium,East,0
C0153,2026-02-28,33,31.51,1,33.17,Basic,North,0
C0154,2026-02-28,55,59.11,1,49.86,Standard,South,0
C0155,2026-02-28,16,42.6,2,37.69,Basic,East,0
C0156,2026-02-28,35,61.17,3,33.97,Standard,East,0
C0157,2026-02-28,8,37.13,0,42.45,Basic,East,0
C0158,2026-02-28,41,60.66,0,38.15,Standard,South,0
C0159,2026-02-28,36,63.21,0,53.53,Standard,West,0
C0160,2026-02-28,32,52.2,5,42.67,Standard,East,0
C0161,2026-02-28,58,41.6,0,26.52,Basic,West,0
C0162,2026-02-28,4,89.52,0,58.22,Premium,East,0
C0163,2026-02-28,41,31.75,0,36.74,Basic,East,0
C0164,2026-02-28,32,32.04,1,48.05,Basic,West,0
C0165,2026-02-28,15,64.53,3,49.13,Standard,North,0
C0166,2026-02-28,38,38.63,3,53.66,Basic,West,0
C0167,2026-02-28,23,97.76,0,64.2,Premium,West,0
C0168,2026-02-28,30,92.08,1,58.87,Premium,East,0
C0169,2026-02-28,48,35.77,0,30.02,Basic,East,0
C0170,2026-02-28,59,100.65,2,68.8,Premium,East,0
C0171,2026-02-28,43,33.54,1,65.85,Basic,South,0
C0172,2026-02-28,12,61.09,1,38.45,Standard,West,0
C0173,2026-02-28,49,34.44,0,28.14,Basic,North,0
C0174,2026-02-28,45,96.26,0,70.13,Premium,South,0
C0175,2026-02-28,43,39.33,0,28.73,Basic,East,0
C0176,2026-02-28,22,43.92,0,22.05,Basic,West,0
C0177,2026-02-28,22,62.27,0,41.52,Standard,South,0
C0178,2026-02-28,40,103.03,0,62.81,Premium,South,0
C0179,2026-02-28,50,103.0,1,53.08,Premium,North,0
C0180,2026-02-28,61,63.3,0,42.41,Standard,North,0
C0181,2026-02-28,49,94.64,1,47.09,Premium,North,0
C0182,2026-02-28,50,96.57,1,46.93,Premium,North,0
C0183,2026-02-28,70,67.9,1,28.46,Standard,West,0
C0184,2026-02-28,41,40.71,1,53.13,Basic,West,0
C0185,2026-02-28,28,65.13,2,50.39,Standard,West,0
C0186,2026-02-28,53,58.36,1,62.87,Standard,North,0
C0187,2026-02-28,27,34.8,3,33.47,Basic,North,0
C0188,2026-02-28,22,28.11,2,32.97,Basic,South,0
C0189,2026-02-28,45,62.74,2,37.35,Standard,East,0
C0190,2026-02-28,69,28.42,0,3.4,Basic,South,0
C0191,2026-02-28,45,91.33,0,30.52,Premium,South,0
C0192,2026-02-28,18,35.94,1,15.69,Basic,North,1
C0193,2026-02-28,17,39.34,0,21.26,Basic,East,1
C0194,2026-02-28,19,93.99,2,52.43,Premium,South,0
C0195,2026-02-28,30,31.78,1,46.28,Basic,North,0
C0196,2026-02-28,31,37.98,0,39.93,Basic,East,0
C0197,2026-02-28,16,,1,67.38,Standard,West,1
C0198,2026-02-28,25,89.0,2,51.49,Premium,North,0
C0199,2026-02-28,68,29.51,1,41.34,Basic,South,0
C0200,2026-02-28,35,33.61,0,31.1,Basic,West,0
C0201,2026-02-28,49,67.8,2,42.38,Standard,East,0
C0202,2026-02-28,47,90.73,0,59.11,Premium,West,0
C0203,2026-02-28,36,65.13,3,40.72,Standard,South,0
C0204,2026-02-28,43,30.19,1,39.47,Basic,South,1
C0205,2026-02-28,60,36.78,0,36.65,Basic,East,0
C0206,2026-02-28,60,34.74,1,33.46,Basic,North,0
C0207,2026-02-28,17,35.94,0,20.32,Basic,North,0
C0208,2026-02-28,13,70.98,0,35.96,Standard,East,0
C0209,2026-02-28,57,43.66,1,40.46,Basic,East,0
C0210,2026-02-28,18,56.64,1,51.44,Standard,North,0
C0211,2026-02-28,52,61.22,1,37.06,Standard,East,0
C0212,2026-02-28,13,64.87,1,49.46,Standard,South,0
C0213,2026-02-28,18,45.33,2,42.54,Basic,East,0
C0214,2026-02-28,33,91.68,1,61.7,Premium,West,0
C0215,2026-02-28,61,62.95,1,53.42,Standard,North,0
C0216,2026-02-28,66,57.93,1,61.44,Standard,West,0
C0217,2026-02-28,4,37.93,4,28.97,Basic,South,1
C0218,2026-02-28,40,36.95,2,53.53,Basic,West,0
C0219,2026-02-28,26,97.14,3,53.61,Premium,South,0
C0220,2026-02-28,14,35.25,0,41.94,Basic,South,0
C0221,2026-02-28,10,36.17,1,29.66,Basic,West,0
C0222,2026-02-28,32,68.9,2,34.94,Standard,East,0
C0223,2026-02-28,27,62.9,1,24.06,Standard,North,0
C0224,2026-02-28,62,100.47,2,49.45,Premium,East,0
C0225,2026-02-28,8,39.12,2,13.53,Basic,West,0
C0226,2026-02-28,63,101.26,0,61.44,Premium,South,0
C0227,2026-02-28,38,26.74,1,45.03,Basic,West,1
C0228,2026-02-28,43,55.96,1,27.19,Standard,East,0
C0229,2026-02-28,19,59.75,0,47.7,Standard,South,0
C0230,2026-02-28,11,35.74,0,35.95,Basic,North,0
C0231,2026-02-28,44,33.05,1,31.71,Basic,East,1
C0232,2026-02-28,3,30.12,1,42.88,Basic,North,0
C0233,2026-02-28,33,92.61,3,52.41,Premium,West,0
C0234,2026-02-28,63,65.2,1,62.73,Standard,East,0
C0235,2026-02-28,50,90.08,0,45.47,Premium,South,0
C0236,2026-02-28,14,98.55,0,68.52,Premium,North,0
C0237,2026-02-28,64,75.15,0,47.4,Standard,East,0
C0238,2026-02-28,33,67.55,1,50.9,Standard,North,0
C0239,2026-02-28,36,30.61,1,41.01,Basic,South,0
C0240,2026-02-28,9,35.18,0,32.47,Basic,West,0
C0241,2026-02-28,69,93.83,2,52.01,Premium,West,0
C0242,2026-02-28,57,67.93,0,41.49,Standard,West,0
C0243,2026-02-28,69,27.89,1,41.32,Basic,West,0
C0244,2026-02-28,22,72.41,0,53.25,Standard,East,0
C0245,2026-02-28,47,65.06,1,50.41,Standard,North,0
C0246,2026-02-28,7,97.07,1,69.14,Premium,West,0
C0247,2026-02-28,30,62.58,1,63.44,Standard,West,0
C0248,2026-02-28,13,35.23,6,40.4,Basic,West,1
C0249,2026-02-28,53,24.41,2,40.09,Basic,East,0
C0250,2026-02-28,15,65.88,0,34.86,Standard,North,0
C0251,2026-02-28,37,76.16,1,48.84,Standard,East,0
C0252,2026-02-28,44,94.06,2,58.18,Premium,South,0
C0253,2026-02-28,7,64.6,1,59.28,Standard,West,0
C0254,2026-02-28,44,29.61,0,41.42,Basic,South,0
C0255,2026-02-28,70,29.78,1,35.57,Basic,South,1
C0256,2026-02-28,20,69.68,2,56.1,Standard,North,0
C0257,2026-02-28,26,96.26,0,31.07,Premium,West,0
C0258,2026-02-28,5,33.83,1,11.52,Basic,West,1
C0259,2026-02-28,33,38.7,1,41.42,Basic,North,0
C0260,2026-02-28,13,61.43,0,41.63,Standard,South,0
C0261,2026-02-28,51,25.11,1,46.02,Basic,South,0
C0262,2026-02-28,42,96.94,0,41.31,Premium,South,0
C0263,2026-02-28,45,45.22,3,33.66,Basic,West,0
C0264,2026-02-28,47,36.68,0,51.35,Basic,North,0
C0265,2026-02-28,32,100.27,2,61.12,Premium,South,0
C0266,2026-02-28,67,40.27,0,40.15,Basic,North,0
C0267,2026-02-28,23,42.39,1,36.97,Basic,North,0
C0268,2026-02-28,20,27.56,1,34.64,Basic,West,1
C0269,2026-02-28,16,34.48,2,10.3,Basic,West,0
C0270,2026-02-28,15,39.36,1,44.86,Basic,North,0
C0271,2026-02-28,9,35.62,1,42.25,Basic,East,0
C0272,2026-02-28,5,36.91,1,17.85,Basic,North,0
C0273,2026-02-28,64,31.17,1,35.68,Basic,North,0
C0274,2026-02-28,21,60.51,0,36.28,Standard,South,0
C0275,2026-02-28,69,68.1,2,38.3,Standard,North,0
C0276,2026-02-28,29,44.02,3,38.15,Basic,South,0
C0277,2026-02-28,27,30.09,0,13.07,Basic,West,0
C0278,2026-02-28,52,64.87,0,55.89,Standard,East,0
C0279,2026-02-28,3,98.47,1,52.15,Premium,East,0
C0280,2026-02-28,53,103.14,1,60.85,Premium,South,0
C0281,2026-02-28,68,,1,16.19,Basic,North,1
C0282,2026-02-28,66,38.98,1,32.49,Basic,North,1
C0283,2026-02-28,24,35.61,1,38.0,Basic,South,0
C0284,2026-02-28,58,29.07,0,19.17,Basic,North,0
C0285,2026-02-28,6,66.48,0,46.83,Standard,West,0
C0286,2026-02-28,11,34.98,0,30.72,Basic,West,0
C0287,2026-02-28,5,35.69,2,53.86,Basic,West,0
C0288,2026-02-28,63,32.25,1,40.0,Basic,East,0
C0289,2026-02-28,65,66.54,0,48.31,Standard,East,0
C0290,2026-02-28,68,34.93,1,40.51,Basic,East,0
C0291,2026-02-28,62,91.66,1,71.42,Premium,South,0
C0292,2026-02-28,56,28.74,0,33.85,Basic,East,0
C0293,2026-02-28,33,86.91,1,52.24,Premium,West,0
C0294,2026-02-28,12,40.88,1,14.82,Basic,West,0
C0295,2026-02-28,58,95.02,1,64.9,Premium,East,0
C0296,2026-02-28,38,89.57,1,48.68,Premium,North,0
C0297,2026-02-28,32,101.8,1,39.74,Premium,East,0
C0298,2026-02-28,43,88.95,1,57.51,Premium,South,0
C0299,2026-02-28,18,61.58,2,31.43,Standard,East,0
C0300,2026-02-28,48,66.58,1,41.63,Standard,East,0
C0301,2026-02-28,44,62.05,0,53.33,Standard,West,0
C0302,2026-02-28,48,34.97,0,32.99,Basic,South,0
C0303,2026-02-28,3,65.8,4,29.7,Standard,West,0
C0304,2026-02-28,11,55.72,3,50.26,Standard,West,0
C0305,2026-02-28,44,89.68,1,58.98,Premium,South,0
C0306,2026-02-28,56,72.38,1,29.96,Standard,South,0
C0307,2026-02-28,22,36.35,2,22.02,Basic,East,0
C0308,2026-02-28,64,60.07,1,56.24,Standard,West,0
C0309,2026-02-28,32,39.04,0,43.41,Basic,East,0
C0310,2026-02-28,45,30.07,0,37.1,Basic,West,0
C0311,2026-02-28,14,62.28,0,65.65,Standard,South,0
C0312,2026-02-28,44,37.95,0,44.83,Basic,East,0
C0313,2026-02-28,69,29.55,0,39.21,Basic,South,0
C0314,2026-02-28,31,28.87,1,62.25,Basic,West,0
C0315,2026-02-28,45,41.52,1,27.37,Basic,South,0
C0316,2026-02-28,56,35.37,1,36.95,Basic,East,0
C0317,2026-02-28,15,38.2,0,36.82,Basic,North,0
C0318,2026-02-28,27,57.95,0,51.23,Standard,West,1
C0319,2026-02-28,22,31.4,0,35.31,Basic,South,0
C0320,2026-02-28,38,83.95,3,46.53,Premium,South,0
C0321,2026-02-28,18,88.98,1,73.46,Premium,East,0
C0322,2026-02-28,38,66.69,1,42.92,Standard,South,0
C0323,2026-02-28,59,31.84,0,29.54,Basic,West,0
C0324,2026-02-28,4,62.1,1,46.53,Standard,East,0
C0325,2026-02-28,3,97.24,0,45.4,Premium,East,0
C0326,2026-02-28,22,58.94,1,42.1,Standard,North,0
C0327,2026-02-28,9,100.62,2,57.65,Premium,North,0
C0328,2026-02-28,31,66.94,2,35.82,Standard,South,0
C0329,2026-02-28,11,65.79,0,45.35,Standard,West,1
C0330,2026-02-28,9,36.97,4,56.52,Basic,West,0
C0331,2026-02-28,43,73.45,2,55.91,Standard,East,0
C0332,2026-02-28,63,33.92,2,34.12,Basic,East,0
C0333,2026-02-28,27,61.54,0,37.02,Standard,South,0
C0334,2026-02-28,49,94.46,1,48.79,Premium,North,0
C0335,2026-02-28,16,38.31,1,26.28,Basic,North,1
C0336,2026-02-28,8,67.01,0,19.65,Standard,South,0
C0337,2026-02-28,67,21.14,1,49.94,Basic,South,0
C0338,2026-02-28,27,67.23,0,35.16,Standard,North,1
C0339,2026-02-28,49,43.75,2,50.41,Basic,South,0
C0340,2026-02-28,51,87.04,1,49.8,Premium,North,0
C0341,2026-02-28,56,34.14,2,30.64,Basic,East,0
C0342,2026-02-28,58,96.22,2,41.54,Premium,West,0
C0343,2026-02-28,57,91.77,2,67.57,Premium,East,0
C0344,2026-02-28,44,65.14,0,54.69,Standard,South,0
C0345,2026-02-28,46,69.25,2,50.98,Standard,South,0
C0346,2026-02-28,49,60.03,1,22.7,Standard,South,0
C0347,2026-02-28,33,90.52,0,69.52,Premium,North,0
C0348,2026-02-28,27,46.01,2,41.89,Basic,East,0
C0349,2026-02-28,18,67.99,2,30.65,Standard,East,0
C0350,2026-02-28,9,40.06,0,38.93,Basic,North,0
C0351,2026-02-28,50,66.91,1,61.13,Standard,South,0
C0352,2026-02-28,67,34.96,0,39.69,Basic,South,0
C0353,2026-02-28,60,80.9,2,47.35,Standard,North,0
C0354,2026-02-28,42,58.32,2,36.83,Standard,East,0
C0355,2026-02-28,17,55.71,1,60.52,Standard,East,0
C0356,2026-02-28,16,70.66,2,58.95,Standard,East,0
C0357,2026-02-28,17,64.35,3,21.14,Standard,East,0
C0358,2026-02-28,18,70.74,0,37.78,Standard,West,0
C0359,2026-02-28,39,66.61,0,26.47,Standard,West,0
C0360,2026-02-28,60,74.64,1,27.49,Standard,East,0
C0361,2026-02-28,56,101.02,2,56.77,Premium,West,0
C0362,2026-02-28,57,36.59,1,48.82,Basic,South,0
C0363,2026-02-28,40,32.41,3,26.94,Basic,West,0
C0364,2026-02-28,43,31.36,1,46.9,Basic,West,0
C0365,2026-02-28,46,70.62,0,31.79,Standard,East,0
C0366,2026-02-28,62,33.75,0,31.98,Basic,West,0
C0367,2026-02-28,41,63.45,3,56.41,Standard,East,1
C0368,2026-02-28,29,62.19,0,35.06,Standard,East,0
C0369,2026-02-28,55,38.86,1,39.09,Basic,South,0
C0370,2026-02-28,47,93.09,2,29.51,Premium,West,1
C0371,2026-02-28,8,,1,74.4,Standard,East,0
C0372,2026-02-28,13,36.04,1,43.44,Basic,West,1
C0373,2026-02-28,53,34.83,2,28.22,Basic,South,0
C0374,2026-02-28,39,42.2,2,45.84,Basic,West,0
C0375,2026-02-28,49,34.82,0,29.36,Basic,North,0
C0376,2026-02-28,27,27.73,0,43.44,Basic,North,0
C0377,2026-02-28,69,101.58,1,56.08,Premium,East,0
C0378,2026-02-28,41,62.66,1,45.58,Standard,East,0
C0379,2026-02-28,12,,5,32.69,Basic,West,1
C0380,2026-02-28,36,62.49,0,36.54,Standard,South,0
C0381,2026-02-28,50,,2,55.16,Standard,East,0
C0382,2026-02-28,67,104.87,0,59.79,Premium,East,0
C0383,2026-02-28,31,63.74,1,56.8,Standard,West,0
C0384,2026-02-28,28,73.37,1,47.09,Standard,East,0
C0385,2026-02-28,57,35.68,3,50.21,Basic,South,0
C0386,2026-02-28,3,98.58,1,56.06,Premium,West,0
C0387,2026-02-28,20,64.23,0,67.71,Standard,North,0
C0388,2026-02-28,4,93.79,3,47.43,Premium,West,0
C0389,2026-02-28,23,34.48,1,52.83,Basic,North,1
C0390,2026-02-28,36,97.64,0,61.85,Premium,South,0
C0391,2026-02-28,50,59.39,1,41.15,Standard,West,1
C0392,2026-02-28,45,27.58,1,60.38,Basic,East,0
C0393,2026-02-28,10,60.56,1,59.2,Standard,West,0
C0394,2026-02-28,19,61.92,2,55.87,Standard,East,0
C0395,2026-02-28,29,27.76,1,43.46,Basic,East,0
C0396,2026-02-28,12,74.54,2,49.15,Standard,South,0
C0397,2026-02-28,38,102.63,0,53.3,Premium,North,0
C0398,2026-02-28,29,41.52,1,40.53,Basic,North,0
C0399,2026-02-28,37,61.25,1,65.1,Standard,South,0
C0400,2026-02-28,27,68.52,0,34.24,Standard,North,0
C0401,2026-02-28,25,32.52,1,18.18,Basic,East,0
C0402,2026-02-28,46,93.43,0,55.59,Premium,West,0
C0403,2026-02-28,54,66.02,0,46.38,Standard,West,0
C0404,2026-02-28,13,38.03,1,27.96,Basic,South,0
C0405,2026-02-28,22,97.05,1,51.51,Premium,West,0
C0406,2026-02-28,52,95.23,0,46.22,Premium,West,0
C0407,2026-02-28,3,34.17,1,28.16,Basic,West,0
C0408,2026-02-28,41,98.07,1,38.5,Premium,South,0
C0409,2026-02-28,41,23.99,1,24.01,Basic,South,0
C0410,2026-02-28,29,93.49,1,51.95,Premium,West,0
C0411,2026-02-28,44,68.79,0,54.91,Standard,North,0
C0412,2026-02-28,47,64.7,2,45.42,Standard,South,0
C0413,2026-02-28,55,33.0,1,4.41,Basic,North,0
C0414,2026-02-28,6,98.11,1,45.0,Premium,West,0
C0415,2026-02-28,60,32.4,1,42.73,Basic,East,1
C0416,2026-02-28,49,37.5,1,39.23,Basic,North,0
C0417,2026-02-28,48,30.18,1,34.83,Basic,North,0
C0418,2026-02-28,39,65.4,1,19.52,Standard,East,0
C0419,2026-02-28,13,30.94,1,38.93,Basic,East,0
C0420,2026-02-28,24,89.63,0,44.84,Premium,West,0
C0001,2026-03-31,60,63.32,3,40.13,Standard,South,0
C0002,2026-03-31,49,69.96,0,22.16,Standard,East,0
C0003,2026-03-31,20,,1,63.04,Premium,West,0
C0004,2026-03-31,29,71.53,2,42.35,Standard,North,0
C0005,2026-03-31,34,31.49,0,49.6,Basic,North,0
C0006,2026-03-31,13,89.36,0,62.27,Premium,North,0
C0007,2026-03-31,59,69.72,0,46.5,Standard,North,0
C0008,2026-03-31,35,67.46,1,47.93,Standard,North,0
C0009,2026-03-31,51,27.65,1,46.05,Basic,West,0
C0010,2026-03-31,22,64.32,1,48.49,Standard,East,0
C0011,2026-03-31,62,39.77,1,35.73,Basic,West,0
C0012,2026-03-31,65,91.79,2,58.87,Premium,West,0
C0013,2026-03-31,9,56.7,1,39.21,Standard,West,0
C0014,2026-03-31,51,91.82,1,61.61,Premium,North,0
C0015,2026-03-31,27,64.67,2,62.51,Standard,South,0
C0016,2026-03-31,52,28.99,1,37.96,Basic,West,0
C0017,2026-03-31,8,51.96,2,49.34,Standard,North,0
C0018,2026-03-31,20,33.09,1,49.34,Basic,North,0
C0019,2026-03-31,71,94.14,2,59.19,Premium,East,0
C0020,2026-03-31,65,62.72,2,38.44,Standard,West,0
C0021,2026-03-31,57,61.26,1,38.95,Standard,West,0
C0022,2026-03-31,22,34.03,1,32.85,Basic,West,0
C0023,2026-03-31,65,91.89,1,55.76,Premium,North,0
C0024,2026-03-31,28,98.81,1,43.96,Premium,West,0
C0025,2026-03-31,21,72.43,1,48.36,Standard,West,0
C0026,2026-03-31,23,35.12,0,25.33,Basic,East,1
C0027,2026-03-31,66,65.05,1,48.49,Standard,West,0
C0028,2026-03-31,70,28.42,3,33.8,Basic,West,0
C0029,2026-03-31,25,32.58,0,66.14,Basic,South,0
C0030,2026-03-31,18,62.52,1,42.67,Standard,North,1
C0031,2026-03-31,30,66.1,2,63.88,Standard,South,0
C0032,2026-03-31,55,92.18,2,57.73,Premium,North,0
C0033,2026-03-31,21,29.27,0,43.84,Basic,North,0
C0034,2026-03-31,9,33.99,0,40.93,Basic,North,0
C0035,2026-03-31,44,64.4,1,53.72,Standard,East,0
C0036,2026-03-31,66,37.82,1,49.48,Basic,East,0
C0037,2026-03-31,61,28.6,0,57.25,Basic,East,0
C0038,2026-03-31,19,72.43,2,42.41,Standard,East,0
C0039,2026-03-31,70,39.9,2,45.39,Basic,East,0
C0040,2026-03-31,54,59.6,1,45.15,Standard,East,0
C0041,2026-03-31,62,71.32,2,38.22,Standard,North,0
C0042,2026-03-31,54,95.39,0,47.1,Premium,West,0
C0043,2026-03-31,32,69.88,2,43.24,Standard,South,0
C0044,2026-03-31,27,32.48,0,52.41,Basic,North,0
C0045,2026-03-31,28,102.2,2,54.13,Premium,West,0
C0046,2026-03-31,21,85.82,1,54.12,Premium,East,0
C0047,2026-03-31,21,38.11,2,23.95,Basic,North,0
C0048,2026-03-31,43,38.21,2,35.98,Basic,North,1
C0049,2026-03-31,4,64.06,2,35.7,Standard,North,0
C0050,2026-03-31,35,30.8,0,35.16,Basic,South,0
C0051,2026-03-31,16,35.17,0,37.42,Basic,North,0
C0052,2026-03-31,24,43.05,2,52.99,Basic,East,0
C0053,2026-03-31,68,68.42,3,72.9,Standard,East,0
C0054,2026-03-31,43,68.64,1,34.87,Standard,West,0
C0055,2026-03-31,24,57.47,0,56.23,Standard,East,0
C0056,2026-03-31,62,66.93,1,48.14,Standard,East,0
C0057,2026-03-31,12,59.86,1,48.25,Standard,East,0
C0058,2026-03-31,34,58.09,1,48.99,Standard,North,0
C0059,2026-03-31,6,43.79,2,38.92,Basic,North,0
C0060,2026-03-31,40,44.45,4,38.52,Basic,East,1
C0061,2026-03-31,6,72.43,2,47.15,Standard,North,0
C0062,2026-03-31,69,63.69,2,28.89,Standard,North,0
C0063,2026-03-31,41,66.7,0,33.14,Standard,North,0
C0064,2026-03-31,5,68.92,0,58.98,Standard,West,0
C0065,2026-03-31,24,65.17,1,52.12,Standard,South,0
C0066,2026-03-31,4,62.73,0,47.95,Standard,East,0
C0067,2026-03-31,5,64.89,1,42.75,Standard,South,1
C0068,2026-03-31,22,39.85,3,43.77,Basic,North,1
C0069,2026-03-31,46,47.97,2,46.91,Basic,South,0
C0070,2026-03-31,63,59.98,1,31.4,Standard,North,0
C0071,2026-03-31,54,32.28,0,47.8,Basic,West,0
C0072,2026-03-31,46,32.2,3,51.87,Basic,North,0
C0073,2026-03-31,13,94.78,3,59.04,Premium,South,0
C0074,2026-03-31,44,39.34,0,49.02,Basic,West,0
C0075,2026-03-31,9,38.79,1,49.99,Basic,East,0
C0076,2026-03-31,17,31.76,1,50.16,Basic,South,1
C0077,2026-03-31,10,30.59,4,45.6,Basic,East,0
C0078,2026-03-31,35,68.04,2,52.43,Standard,West,0
C0079,2026-03-31,29,71.36,0,38.95,Standard,South,0
C0080,2026-03-31,35,72.86,1,28.87,Standard,East,0
C0081,2026-03-31,27,63.41,1,44.51,Standard,West,0
C0082,2026-03-31,35,40.27,0,23.63,Basic,East,0
C0083,2026-03-31,6,93.71,4,46.22,Premium,South,1
C0084,2026-03-31,46,38.14,0,48.55,Basic,North,0
C0085,2026-03-31,21,41.31,3,48.52,Basic,North,1
C0086,2026-03-31,22,28.79,1,47.86,Basic,West,0
C0087,2026-03-31,23,64.62,1,46.48,Standard,East,0
C0088,2026-03-31,44,62.77,2,36.44,Standard,South,0
C0089,2026-03-31,5,,2,36.02,Basic,South,0
C0090,2026-03-31,56,68.93,0,52.99,Standard,East,0
C0091,2026-03-31,69,34.28,0,33.67,Basic,East,0
C0092,2026-03-31,50,68.21,1,57.32,Standard,East,0
C0093,2026-03-31,66,68.12,1,39.61,Standard,South,0
C0094,2026-03-31,70,35.32,1,49.59,Basic,East,0
C0095,2026-03-31,43,32.05,1,28.4,Basic,South,0
C0096,2026-03-31,48,66.96,1,46.52,Standard,West,0
C0097,2026-03-31,17,31.73,1,39.72,Basic,North,0
C0098,2026-03-31,41,35.39,1,30.35,Basic,North,0
C0099,2026-03-31,55,33.8,2,33.04,Basic,South,0
C0100,2026-03-31,39,95.1,0,48.41,Premium,East,0
C0101,2026-03-31,43,99.1,0,49.2,Premium,East,0
C0102,2026-03-31,16,71.87,1,59.93,Standard,South,0
C0103,2026-03-31,47,21.47,2,36.63,Basic,West,0
C0104,2026-03-31,62,99.06,1,51.24,Premium,South,0
C0105,2026-03-31,64,61.79,3,26.44,Standard,North,0
C0106,2026-03-31,64,73.86,0,40.85,Standard,North,0
C0107,2026-03-31,43,56.39,1,47.73,Standard,West,0
C0108,2026-03-31,52,44.1,0,30.59,Basic,North,0
C0109,2026-03-31,29,32.51,0,45.0,Basic,West,0
C0110,2026-03-31,9,93.37,0,57.26,Premium,South,0
C0111,2026-03-31,29,59.92,1,57.59,Standard,North,0
C0112,2026-03-31,42,,0,46.05,Basic,South,0
C0113,2026-03-31,63,36.25,4,28.78,Basic,East,0
C0114,2026-03-31,48,62.07,1,38.22,Standard,South,0
C0115,2026-03-31,10,44.16,1,29.4,Basic,West,0
C0116,2026-03-31,12,97.98,2,72.85,Premium,East,0
C0117,2026-03-31,60,61.11,3,32.52,Standard,South,0
C0118,2026-03-31,58,66.65,1,26.45,Standard,East,0
C0119,2026-03-31,45,64.28,1,37.12,Standard,West,0
C0120,2026-03-31,55,67.44,0,43.86,Standard,South,0
C0121,2026-03-31,51,71.91,3,50.44,Standard,North,0
C0122,2026-03-31,20,64.76,0,59.1,Standard,South,0
C0123,2026-03-31,38,33.68,1,28.7,Basic,West,0
C0124,2026-03-31,41,34.84,4,41.4,Basic,North,0
C0125,2026-03-31,22,31.77,1,40.0,Basic,West,0
C0126,2026-03-31,23,66.78,1,44.04,Standard,East,0
C0127,2026-03-31,61,27.17,2,54.26,Basic,East,0
C0128,2026-03-31,15,38.06,1,43.81,Basic,South,0
C0129,2026-03-31,4,36.75,2,30.64,Basic,West,0
C0130,2026-03-31,51,65.22,1,49.58,Standard,North,0
C0131,2026-03-31,8,40.3,3,40.36,Basic,South,0
C0132,2026-03-31,21,96.03,4,58.61,Premium,South,0
C0133,2026-03-31,12,66.74,0,56.66,Standard,South,0
C0134,2026-03-31,7,43.87,0,11.99,Basic,South,0
C0135,2026-03-31,38,68.16,0,31.74,Standard,North,0
C0136,2026-03-31,29,44.44,2,27.23,Basic,North,0
C0137,2026-03-31,70,89.96,0,58.97,Premium,North,0
C0138,2026-03-31,65,64.95,0,37.23,Standard,East,0
C0139,2026-03-31,21,65.73,2,25.22,Standard,South,0
C0140,2026-03-31,64,33.99,1,28.45,Basic,East,0
C0141,2026-03-31,26,65.01,1,38.86,Standard,East,0
C0142,2026-03-31,19,68.98,0,66.23,Standard,East,0
C0143,2026-03-31,62,89.85,0,70.03,Premium,East,0
C0144,2026-03-31,4,69.71,2,41.83,Standard,East,0
C0145,2026-03-31,45,57.7,2,37.39,Standard,East,0
C0146,2026-03-31,24,35.2,4,27.92,Basic,East,0
C0147,2026-03-31,18,38.43,0,31.52,Basic,East,0
C0148,2026-03-31,22,58.48,3,51.97,Standard,South,0
C0149,2026-03-31,57,60.1,1,30.28,Standard,North,0
C0150,2026-03-31,4,36.03,0,30.23,Basic,West,0
C0151,2026-03-31,33,92.26,3,38.64,Premium,South,0
C0152,2026-03-31,14,92.2,1,48.94,Premium,East,1
C0153,2026-03-31,23,43.55,3,48.59,Basic,North,0
C0154,2026-03-31,68,63.31,2,52.4,Standard,South,0
C0155,2026-03-31,42,43.62,0,40.65,Basic,East,0
C0156,2026-03-31,13,58.79,2,46.1,Standard,East,0
C0157,2026-03-31,27,42.22,2,36.36,Basic,East,0
C0158,2026-03-31,55,62.76,4,32.69,Standard,South,0
C0159,2026-03-31,15,62.36,3,53.38,Standard,West,1
C0160,2026-03-31,42,70.41,1,44.35,Standard,East,0
C0161,2026-03-31,13,27.7,0,21.16,Basic,West,0
C0162,2026-03-31,4,91.19,0,54.69,Premium,East,0
C0163,2026-03-31,19,27.73,1,38.25,Basic,East,0
C0164,2026-03-31,8,31.69,1,50.91,Basic,West,0
C0165,2026-03-31,24,65.62,0,50.8,Standard,North,0
C0166,2026-03-31,69,35.21,1,59.24,Basic,West,0
C0167,2026-03-31,71,94.1,1,71.47,Premium,West,0
C0168,2026-03-31,31,90.9,3,57.18,Premium,East,0
C0169,2026-03-31,67,24.24,0,54.84,Basic,East,0
C0170,2026-03-31,22,97.86,0,75.03,Premium,East,0
C0171,2026-03-31,20,43.8,0,58.26,Basic,South,0
C0172,2026-03-31,25,55.97,0,48.0,Standard,West,0
C0173,2026-03-31,68,38.13,2,28.4,Basic,North,0
C0174,2026-03-31,28,96.12,4,72.17,Premium,South,0
C0175,2026-03-31,38,33.33,2,23.91,Basic,East,0
C0176,2026-03-31,38,34.32,1,30.48,Basic,West,0
C0177,2026-03-31,18,69.19,1,41.41,Standard,South,0
C0178,2026-03-31,5,101.2,3,51.24,Premium,South,0
C0179,2026-03-31,9,100.16,3,52.15,Premium,North,1
C0180,2026-03-31,30,60.09,3,45.1,Standard,North,0
C0181,2026-03-31,17,95.97,1,42.21,Premium,North,0
C0182,2026-03-31,22,98.04,0,48.42,Premium,North,0
C0183,2026-03-31,55,60.99,2,34.23,Standard,West,0
C0184,2026-03-31,48,35.74,0,57.58,Basic,West,0
C0185,2026-03-31,12,62.21,1,65.15,Standard,West,0
C0186,2026-03-31,31,60.45,1,58.53,Standard,North,0
C0187,2026-03-31,69,39.86,1,35.77,Basic,North,0
C0188,2026-03-31,67,35.67,1,45.33,Basic,South,0
C0189,2026-03-31,42,64.55,2,40.68,Standard,East,0
C0190,2026-03-31,30,35.11,0,18.0,Basic,South,0
C0191,2026-03-31,53,94.29,1,41.19,Premium,South,0
C0192,2026-03-31,40,42.72,0,28.63,Basic,North,0
C0193,2026-03-31,64,34.05,1,19.44,Basic,East,0
C0194,2026-03-31,30,98.55,3,38.71,Premium,South,0
C0195,2026-03-31,33,30.15,1,46.43,Basic,North,0
C0196,2026-03-31,66,29.94,1,41.76,Basic,East,0
C0197,2026-03-31,31,62.38,1,53.54,Standard,West,0
C0198,2026-03-31,27,93.5,2,52.06,Premium,North,0
C0199,2026-03-31,17,27.6,0,37.22,Basic,South,0
C0200,2026-03-31,4,38.25,1,29.56,Basic,West,1
C0201,2026-03-31,54,58.69,1,53.41,Standard,East,0
C0202,2026-03-31,39,93.31,0,65.87,Premium,West,0
C0203,2026-03-31,14,65.21,2,50.0,Standard,South,0
C0204,2026-03-31,44,30.29,0,45.14,Basic,South,0
C0205,2026-03-31,14,28.44,0,45.23,Basic,East,0
C0206,2026-03-31,54,35.51,4,31.52,Basic,North,1
C0207,2026-03-31,36,29.79,0,28.26,Basic,North,0
C0208,2026-03-31,28,67.78,1,37.45,Standard,East,0
C0209,2026-03-31,29,44.31,1,41.14,Basic,East,0
C0210,2026-03-31,29,59.92,2,45.99,Standard,North,0
C0211,2026-03-31,28,60.26,1,36.63,Standard,East,0
C0212,2026-03-31,48,57.19,0,48.96,Standard,South,0
C0213,2026-03-31,22,40.26,0,52.01,Basic,East,0
C0214,2026-03-31,44,90.71,1,60.92,Premium,West,0
C0215,2026-03-31,28,65.82,2,56.97,Standard,North,0
C0216,2026-03-31,65,64.78,0,55.3,Standard,West,0
C0217,2026-03-31,16,33.6,2,24.71,Basic,South,1
C0218,2026-03-31,68,32.58,1,53.07,Basic,West,0
C0219,2026-03-31,42,82.2,1,43.58,Premium,South,0
C0220,2026-03-31,16,38.36,2,45.14,Basic,South,0
C0221,2026-03-31,36,44.86,2,37.83,Basic,West,1
C0222,2026-03-31,52,62.58,1,37.13,Standard,East,0
C0223,2026-03-31,42,67.78,1,20.44,Standard,North,0
C0224,2026-03-31,57,98.1,1,59.31,Premium,East,0
C0225,2026-03-31,26,36.0,0,18.79,Basic,West,0
C0226,2026-03-31,59,92.97,3,60.39,Premium,South,0
C0227,2026-03-31,49,41.75,2,54.89,Basic,West,0
C0228,2026-03-31,4,58.1,0,34.45,Standard,East,0
C0229,2026-03-31,63,55.64,0,41.99,Standard,South,0
C0230,2026-03-31,66,35.39,1,29.3,Basic,North,0
C0231,2026-03-31,11,27.99,1,31.89,Basic,East,0
C0232,2026-03-31,48,36.91,1,38.26,Basic,North,0
C0233,2026-03-31,50,99.54,0,49.83,Premium,West,0
C0234,2026-03-31,61,,0,54.25,Standard,East,0
C0235,2026-03-31,6,99.05,4,45.1,Premium,South,0
C0236,2026-03-31,29,93.53,4,56.68,Premium,North,0
C0237,2026-03-31,13,66.0,0,47.91,Standard,East,0
C0238,2026-03-31,8,,2,49.56,Standard,North,0
C0239,2026-03-31,16,24.07,1,39.37,Basic,South,0
C0240,2026-03-31,53,30.69,1,35.43,Basic,West,1
C0241,2026-03-31,29,100.67,3,53.0,Premium,West,0
C0242,2026-03-31,61,66.69,3,45.82,Standard,West,0
C0243,2026-03-31,53,34.23,1,49.21,Basic,West,0
C0244,2026-03-31,51,67.23,1,49.85,Standard,East,0
C0245,2026-03-31,18,61.84,2,48.19,Standard,North,0
C0246,2026-03-31,55,83.13,2,64.96,Premium,West,0
C0247,2026-03-31,32,66.69,2,61.37,Standard,West,0
C0248,2026-03-31,47,28.34,1,33.6,Basic,West,0
C0249,2026-03-31,29,33.65,1,42.46,Basic,East,0
C0250,2026-03-31,71,62.23,2,40.11,Standard,North,0
C0251,2026-03-31,68,,0,42.47,Standard,East,0
C0252,2026-03-31,19,88.93,0,50.11,Premium,South,0
C0253,2026-03-31,71,64.14,1,62.75,Standard,West,0
C0254,2026-03-31,41,37.16,1,43.65,Basic,South,0
C0255,2026-03-31,21,37.97,1,44.63,Basic,South,0
C0256,2026-03-31,20,72.76,1,58.85,Standard,North,0
C0257,2026-03-31,58,94.02,1,29.59,Premium,West,0
C0258,2026-03-31,62,28.03,1,27.84,Basic,West,0
C0259,2026-03-31,40,38.42,2,45.83,Basic,North,0
C0260,2026-03-31,30,66.96,4,48.61,Standard,South,0
C0261,2026-03-31,34,27.71,1,37.0,Basic,South,0
C0262,2026-03-31,62,97.77,0,29.06,Premium,South,0
C0263,2026-03-31,61,34.04,1,37.28,Basic,West,1
C0264,2026-03-31,27,40.43,1,60.73,Basic,North,0
C0265,2026-03-31,20,92.71,0,65.0,Premium,South,0
C0266,2026-03-31,10,44.88,0,34.74,Basic,North,0
C0267,2026-03-31,9,34.78,0,27.54,Basic,North,0
C0268,2026-03-31,55,39.26,4,34.41,Basic,West,1
C0269,2026-03-31,58,34.91,2,18.43,Basic,West,0
C0270,2026-03-31,32,32.38,0,32.59,Basic,North,0
C0271,2026-03-31,11,38.74,2,44.28,Basic,East,0
C0272,2026-03-31,19,36.54,2,15.38,Basic,North,0
C0273,2026-03-31,27,32.59,2,36.85,Basic,North,0
C0274,2026-03-31,48,62.95,1,36.78,Standard,South,0
C0275,2026-03-31,43,71.13,2,26.3,Standard,North,0
C0276,2026-03-31,16,25.58,0,23.47,Basic,South,0
C0277,2026-03-31,66,32.25,1,13.7,Basic,West,0
C0278,2026-03-31,63,61.05,1,56.04,Standard,East,0
C0279,2026-03-31,50,94.34,1,57.31,Premium,East,0
C0280,2026-03-31,61,96.05,0,57.91,Premium,South,0
C0281,2026-03-31,63,28.59,0,14.65,Basic,North,0
C0282,2026-03-31,6,37.66,2,28.43,Basic,North,1
C0283,2026-03-31,35,36.22,0,51.61,Basic,South,0
C0284,2026-03-31,40,32.65,1,7.31,Basic,North,0
C0285,2026-03-31,9,70.9,1,40.4,Standard,West,0
C0286,2026-03-31,8,33.49,2,27.84,Basic,West,0
C0287,2026-03-31,35,32.18,0,40.72,Basic,West,0
C0288,2026-03-31,43,41.53,4,37.53,Basic,East,0
C0289,2026-03-31,14,67.75,1,39.3,Standard,East,0
C0290,2026-03-31,28,38.25,2,37.67,Basic,East,0
C0291,2026-03-31,49,100.39,3,68.34,Premium,South,1
C0292,2026-03-31,30,37.84,1,25.94,Basic,East,0
C0293,2026-03-31,21,99.27,0,60.5,Premium,West,0
C0294,2026-03-31,46,35.93,1,14.47,Basic,West,0
C0295,2026-03-31,54,96.12,1,62.01,Premium,East,0
C0296,2026-03-31,67,92.11,1,49.55,Premium,North,0
C0297,2026-03-31,32,87.78,0,50.18,Premium,East,0
C0298,2026-03-31,21,100.29,2,53.34,Premium,South,0
C0299,2026-03-31,59,64.68,0,33.67,Standard,East,0
C0300,2026-03-31,9,64.08,0,46.88,Standard,East,0
C0301,2026-03-31,38,63.23,2,52.43,Standard,West,0
C0302,2026-03-31,69,40.86,1,34.65,Basic,South,0
C0303,2026-03-31,36,60.65,2,34.51,Standard,West,0
C0304,2026-03-31,62,58.12,0,38.06,Standard,West,0
C0305,2026-03-31,71,96.89,1,63.04,Premium,South,0
C0306,2026-03-31,42,68.24,3,23.92,Standard,South,0
C0307,2026-03-31,10,39.98,0,29.1,Basic,East,0
C0308,2026-03-31,28,68.37,1,52.94,Standard,West,0
C0309,2026-03-31,10,45.61,0,41.84,Basic,East,0
C0310,2026-03-31,32,36.37,3,40.58,Basic,West,1
C0311,2026-03-31,51,69.59,1,67.71,Standard,South,0
C0312,2026-03-31,62,38.15,2,48.44,Basic,East,0
C0313,2026-03-31,19,35.07,2,42.75,Basic,South,0
C0314,2026-03-31,70,28.86,3,62.15,Basic,West,0
C0315,2026-03-31,14,34.88,3,33.26,Basic,South,0
C0316,2026-03-31,19,30.94,2,34.61,Basic,East,0
C0317,2026-03-31,10,42.6,0,36.08,Basic,North,0
C0318,2026-03-31,37,58.08,0,43.04,Standard,West,0
C0319,2026-03-31,56,43.25,2,29.58,Basic,South,0
C0320,2026-03-31,12,93.92,0,54.9,Premium,South,0
C0321,2026-03-31,4,92.39,0,71.07,Premium,East,0
C0322,2026-03-31,62,57.95,0,43.3,Standard,South,0
C0323,2026-03-31,19,34.19,0,22.95,Basic,West,0
C0324,2026-03-31,51,65.59,1,57.16,Standard,East,0
C0325,2026-03-31,67,93.24,2,45.03,Premium,East,0
C0326,2026-03-31,12,62.31,2,35.54,Standard,North,0
C0327,2026-03-31,56,92.3,1,60.78,Premium,North,0
C0328,2026-03-31,51,67.64,1,38.1,Standard,South,1
C0329,2026-03-31,33,65.21,1,47.11,Standard,West,0
C0330,2026-03-31,56,36.59,2,53.24,Basic,West,0
C0331,2026-03-31,44,54.04,2,42.49,Standard,East,0
C0332,2026-03-31,38,42.14,0,29.94,Basic,East,0
C0333,2026-03-31,42,72.96,0,41.81,Standard,South,0
C0334,2026-03-31,41,94.34,2,58.96,Premium,North,0
C0335,2026-03-31,19,36.07,1,35.75,Basic,North,0
C0336,2026-03-31,44,64.64,1,42.26,Standard,South,0
C0337,2026-03-31,19,36.58,2,39.2,Basic,South,0
C0338,2026-03-31,6,67.13,2,31.64,Standard,North,0
C0339,2026-03-31,53,41.08,0,43.5,Basic,South,1
C0340,2026-03-31,46,91.03,1,49.65,Premium,North,0
C0341,2026-03-31,52,28.87,1,37.14,Basic,East,0
C0342,2026-03-31,31,91.14,2,51.35,Premium,West,0
C0343,2026-03-31,12,98.07,1,70.68,Premium,East,0
C0344,2026-03-31,32,65.66,0,59.85,Standard,South,0
C0345,2026-03-31,5,56.86,1,53.98,Standard,South,0
C0346,2026-03-31,68,62.63,1,33.0,Standard,South,0
C0347,2026-03-31,55,96.82,0,46.98,Premium,North,0
C0348,2026-03-31,29,36.87,1,46.05,Basic,East,0
C0349,2026-03-31,6,61.84,1,37.87,Standard,East,0
C0350,2026-03-31,7,32.96,0,33.01,Basic,North,0
C0351,2026-03-31,7,,5,52.82,Standard,South,1
C0352,2026-03-31,9,45.7,0,38.66,Basic,South,0
C0353,2026-03-31,48,71.12,3,41.62,Standard,North,0
C0354,2026-03-31,29,68.07,1,50.91,Standard,East,0
C0355,2026-03-31,8,70.17,0,62.66,Standard,East,0
C0356,2026-03-31,27,58.51,0,53.85,Standard,East,0
C0357,2026-03-31,7,73.89,0,26.43,Standard,East,0
C0358,2026-03-31,22,71.69,0,42.9,Standard,West,0
C0359,2026-03-31,34,60.88,1,43.97,Standard,West,0
C0360,2026-03-31,51,60.84,0,33.87,Standard,East,0
C0361,2026-03-31,28,98.78,1,56.11,Premium,West,0
C0362,2026-03-31,66,31.02,0,56.04,Basic,South,0
C0363,2026-03-31,62,30.92,2,27.17,Basic,West,0
C0364,2026-03-31,51,38.25,1,35.78,Basic,West,0
C0365,2026-03-31,10,70.29,1,40.14,Standard,East,0
C0366,2026-03-31,31,33.78,2,34.17,Basic,West,1
C0367,2026-03-31,52,66.75,2,54.2,Standard,East,0
C0368,2026-03-31,65,65.18,0,40.13,Standard,East,0
C0369,2026-03-31,37,45.93,1,47.55,Basic,South,0
C0370,2026-03-31,36,92.94,1,33.72,Premium,West,0
C0371,2026-03-31,64,61.59,2,61.96,Standard,East,0
C0372,2026-03-31,31,37.09,2,46.15,Basic,West,0
C0373,2026-03-31,13,38.3,1,37.36,Basic,South,0
C0374,2026-03-31,70,32.21,1,48.71,Basic,West,0
C0375,2026-03-31,52,26.49,3,27.8,Basic,North,0
C0376,2026-03-31,55,29.38,1,49.02,Basic,North,0
C0377,2026-03-31,68,97.96,1,46.06,Premium,East,0
C0378,2026-03-31,50,69.18,2,46.79,Standard,East,0
C0379,2026-03-31,39,32.9,2,36.46,Basic,West,0
C0380,2026-03-31,48,67.26,1,40.29,Standard,South,0
C0381,2026-03-31,62,66.16,2,54.31,Standard,East,0
C0382,2026-03-31,55,90.01,0,58.3,Premium,East,0
C0383,2026-03-31,56,59.32,1,58.41,Standard,West,0
C0384,2026-03-31,5,62.36,1,52.48,Standard,East,0
C0385,2026-03-31,40,36.37,2,34.85,Basic,South,0
C0386,2026-03-31,48,95.18,1,51.53,Premium,West,0
C0387,2026-03-31,24,67.3,2,79.84,Standard,North,0
C0388,2026-03-31,34,90.04,1,38.32,Premium,West,0
C0389,2026-03-31,43,39.2,4,44.32,Basic,North,1
C0390,2026-03-31,60,92.91,3,67.2,Premium,South,0
C0391,2026-03-31,7,63.67,0,35.76,Standard,West,0
C0392,2026-03-31,41,36.57,2,51.08,Basic,East,0
C0393,2026-03-31,39,62.46,0,55.0,Standard,West,0
C0394,2026-03-31,62,60.97,1,51.7,Standard,East,0
C0395,2026-03-31,5,37.64,1,41.74,Basic,East,1
C0396,2026-03-31,11,63.91,4,45.24,Standard,South,1
C0397,2026-03-31,70,106.19,1,60.28,Premium,North,0
C0398,2026-03-31,67,40.83,0,41.03,Basic,North,0
C0399,2026-03-31,70,58.87,1,55.68,Standard,South,0
C0400,2026-03-31,70,60.78,2,40.5,Standard,North,0
C0401,2026-03-31,58,23.06,2,18.88,Basic,East,0
C0402,2026-03-31,13,95.46,0,57.3,Premium,West,0
C0403,2026-03-31,66,62.37,3,55.76,Standard,West,0
C0404,2026-03-31,34,35.64,1,50.81,Basic,South,0
C0405,2026-03-31,34,95.14,1,70.33,Premium,West,0
C0406,2026-03-31,43,,0,47.64,Premium,West,0
C0407,2026-03-31,5,42.83,0,31.88,Basic,West,1
C0408,2026-03-31,39,89.2,2,48.6,Premium,South,0
C0409,2026-03-31,55,29.28,0,27.13,Basic,South,0
C0410,2026-03-31,7,93.04,0,59.29,Premium,West,0
C0411,2026-03-31,16,70.04,1,44.81,Standard,North,0
C0412,2026-03-31,53,60.43,1,45.32,Standard,South,0
C0413,2026-03-31,12,37.12,1,12.84,Basic,North,0
C0414,2026-03-31,17,97.66,2,43.01,Premium,West,0
C0415,2026-03-31,35,36.07,1,44.58,Basic,East,1
C0416,2026-03-31,11,39.25,0,35.76,Basic,North,0
C0417,2026-03-31,17,41.68,1,48.56,Basic,North,0
C0418,2026-03-31,25,58.36,3,43.53,Standard,East,0
C0419,2026-03-31,48,33.61,1,52.6,Basic,East,0
C0420,2026-03-31,37,96.93,1,50.04,Premium,West,0
C0001,2026-04-30,24,68.03,1,39.78,Standard,South,0
C0002,2026-04-30,45,67.81,0,29.4,Standard,East,0
C0003,2026-04-30,60,86.83,1,56.34,Premium,West,0
C0004,2026-04-30,57,65.15,0,45.83,Standard,North,0
C0005,2026-04-30,16,34.41,2,46.66,Basic,North,0
C0006,2026-04-30,7,105.27,1,67.98,Premium,North,0
C0007,2026-04-30,33,75.04,1,56.26,Standard,North,0
C0008,2026-04-30,23,66.05,0,38.73,Standard,North,0
C0009,2026-04-30,46,33.54,0,36.02,Basic,West,1
C0010,2026-04-30,53,59.14,0,40.4,Standard,East,0
C0011,2026-04-30,72,35.02,2,39.47,Basic,West,0
C0012,2026-04-30,7,92.79,2,71.63,Premium,West,0
C0013,2026-04-30,45,68.23,2,45.64,Standard,West,0
C0014,2026-04-30,30,92.12,1,63.88,Premium,North,0
C0015,2026-04-30,63,69.74,3,60.53,Standard,South,0
C0016,2026-04-30,43,44.12,2,31.44,Basic,West,0
C0017,2026-04-30,15,71.79,0,50.59,Standard,North,0
C0018,2026-04-30,31,32.53,1,50.33,Basic,North,0
C0019,2026-04-30,11,88.96,0,51.44,Premium,East,0
C0020,2026-04-30,43,59.67,2,42.41,Standard,West,0
C0021,2026-04-30,6,55.99,1,39.43,Standard,West,0
C0022,2026-04-30,21,25.97,0,35.65,Basic,West,0
C0023,2026-04-30,63,98.53,3,48.66,Premium,North,0
C0024,2026-04-30,60,93.99,1,45.69,Premium,West,0
C0025,2026-04-30,55,65.75,0,49.52,Standard,West,0
C0026,2026-04-30,13,45.94,8,25.31,Basic,East,1
C0027,2026-04-30,54,47.35,2,45.45,Standard,West,0
C0028,2026-04-30,65,39.08,2,34.48,Basic,West,0
C0029,2026-04-30,42,42.0,1,61.91,Basic,South,0
C0030,2026-04-30,11,70.24,0,31.34,Standard,North,0
C0031,2026-04-30,29,69.4,2,68.91,Standard,South,0
C0032,2026-04-30,15,94.34,2,59.13,Premium,North,0
C0033,2026-04-30,46,28.82,2,36.72,Basic,North,0
C0034,2026-04-30,17,38.42,2,38.22,Basic,North,0
C0035,2026-04-30,36,63.8,3,53.59,Standard,East,0
C0036,2026-04-30,32,28.51,2,45.16,Basic,East,0
C0037,2026-04-30,59,20.75,0,50.45,Basic,East,0
C0038,2026-04-30,48,68.48,1,49.88,Standard,East,0
C0039,2026-04-30,19,32.19,1,47.33,Basic,East,0
C0040,2026-04-30,21,63.51,0,40.4,Standard,East,0
C0041,2026-04-30,52,63.34,1,52.47,Standard,North,0
C0042,2026-04-30,28,88.93,0,45.4,Premium,West,0
C0043,2026-04-30,55,67.86,1,48.71,Standard,South,0
C0044,2026-04-30,32,40.89,1,52.46,Basic,North,0
C0045,2026-04-30,51,87.51,3,65.75,Premium,West,0
C0046,2026-04-30,34,99.78,0,56.74,Premium,East,0
C0047,2026-04-30,68,29.07,0,32.3,Basic,North,0
C0048,2026-04-30,19,36.41,0,36.2,Basic,North,0
C0049,2026-04-30,38,72.45,0,29.88,Standard,North,0
C0050,2026-04-30,52,27.37,1,24.28,Basic,South,0
C0051,2026-04-30,54,24.05,2,31.92,Basic,North,0
C0052,2026-04-30,30,32.6,2,51.15,Basic,East,0
C0053,2026-04-30,54,70.46,2,68.86,Standard,East,0
C0054,2026-04-30,67,67.17,0,42.38,Standard,West,0
C0055,2026-04-30,24,63.98,1,52.44,Standard,East,0
C0056,2026-04-30,47,59.24,1,50.69,Standard,East,0
C0057,2026-04-30,15,65.79,0,32.09,Standard,East,0
C0058,2026-04-30,64,57.17,4,58.49,Standard,North,0
C0059,2026-04-30,38,41.9,0,45.61,Basic,North,0
C0060,2026-04-30,7,38.84,1,44.07,Basic,East,0
C0061,2026-04-30,9,66.75,3,45.76,Standard,North,0
C0062,2026-04-30,25,62.75,3,33.97,Standard,North,0
C0063,2026-04-30,68,68.74,0,35.21,Standard,North,0
C0064,2026-04-30,6,66.02,2,56.38,Standard,West,0
C0065,2026-04-30,25,64.41,0,38.69,Standard,South,0
C0066,2026-04-30,8,65.67,1,39.57,Standard,East,0
C0067,2026-04-30,49,59.82,0,44.2,Standard,South,0
C0068,2026-04-30,31,42.35,4,52.32,Basic,North,0
C0069,2026-04-30,38,27.92,1,34.88,Basic,South,0
C0070,2026-04-30,37,72.64,1,43.4,Standard,North,0
C0071,2026-04-30,13,41.99,1,54.5,Basic,West,1
C0072,2026-04-30,51,25.62,2,55.96,Basic,North,1
C0073,2026-04-30,5,88.25,0,57.12,Premium,South,0
C0074,2026-04-30,11,29.92,2,55.63,Basic,West,0
C0075,2026-04-30,60,43.79,1,47.29,Basic,East,0
C0076,2026-04-30,36,37.92,2,55.52,Basic,South,0
C0077,2026-04-30,26,27.37,2,37.39,Basic,East,0
C0078,2026-04-30,60,70.0,1,42.41,Standard,West,0
C0079,2026-04-30,45,67.57,2,56.99,Standard,South,0
C0080,2026-04-30,46,63.92,1,31.65,Standard,East,0
C0081,2026-04-30,6,59.16,1,56.76,Standard,West,0
C0082,2026-04-30,33,31.55,1,31.24,Basic,East,0
C0083,2026-04-30,8,103.07,0,53.12,Premium,South,0
C0084,2026-04-30,50,29.13,1,38.12,Basic,North,0
C0085,2026-04-30,18,23.86,2,44.72,Basic,North,0
C0086,2026-04-30,71,39.77,1,45.63,Basic,West,0
C0087,2026-04-30,19,61.97,1,49.74,Standard,East,0
C0088,2026-04-30,32,66.82,1,36.22,Standard,South,0
C0089,2026-04-30,12,36.8,2,31.19,Basic,South,0
C0090,2026-04-30,38,65.3,4,48.96,Standard,East,0
C0091,2026-04-30,12,24.23,1,40.75,Basic,East,0
C0092,2026-04-30,24,61.72,0,45.99,Standard,East,0
C0093,2026-04-30,42,62.76,1,50.88,Standard,South,0
C0094,2026-04-30,70,26.99,1,49.35,Basic,East,0
C0095,2026-04-30,52,35.5,0,24.37,Basic,South,0
C0096,2026-04-30,14,52.33,2,42.63,Standard,West,0
C0097,2026-04-30,5,38.28,0,46.44,Basic,North,0
C0098,2026-04-30,51,31.86,1,29.38,Basic,North,0
C0099,2026-04-30,57,37.19,0,42.63,Basic,South,0
C0100,2026-04-30,66,98.44,2,53.59,Premium,East,0
C0101,2026-04-30,17,103.82,1,45.38,Premium,East,0
C0102,2026-04-30,45,67.81,1,69.11,Standard,South,0
C0103,2026-04-30,29,52.18,2,40.21,Basic,West,0
C0104,2026-04-30,41,90.3,1,55.14,Premium,South,0
C0105,2026-04-30,38,64.4,1,31.32,Standard,North,0
C0106,2026-04-30,66,70.25,1,35.63,Standard,North,0
C0107,2026-04-30,71,51.74,3,47.09,Standard,West,0
C0108,2026-04-30,67,29.63,1,30.22,Basic,North,0
C0109,2026-04-30,59,33.64,0,50.02,Basic,West,0
C0110,2026-04-30,52,92.05,2,44.99,Premium,South,0
C0111,2026-04-30,62,70.38,0,49.66,Standard,North,0
C0112,2026-04-30,43,40.38,1,37.32,Basic,South,0
C0113,2026-04-30,66,31.2,0,40.13,Basic,East,0
C0114,2026-04-30,43,58.16,1,47.08,Standard,South,0
C0115,2026-04-30,27,33.48,1,43.7,Basic,West,0
C0116,2026-04-30,51,94.65,2,66.36,Premium,East,0
C0117,2026-04-30,16,67.05,2,23.34,Standard,South,1
C0118,2026-04-30,61,65.46,1,24.92,Standard,East,0
C0119,2026-04-30,25,,1,41.59,Standard,West,0
C0120,2026-04-30,61,56.04,2,48.98,Standard,South,0
C0121,2026-04-30,58,65.4,1,54.45,Standard,North,0
C0122,2026-04-30,9,59.59,0,53.37,Standard,South,0
C0123,2026-04-30,7,31.88,1,41.95,Basic,West,0
C0124,2026-04-30,57,41.17,0,46.71,Basic,North,0
C0125,2026-04-30,13,40.66,1,52.89,Basic,West,0
C0126,2026-04-30,16,66.17,3,48.35,Standard,East,0
C0127,2026-04-30,22,26.66,0,45.4,Basic,East,0
C0128,2026-04-30,42,33.66,4,45.84,Basic,South,0
C0129,2026-04-30,25,25.68,1,32.46,Basic,West,0
C0130,2026-04-30,46,59.71,1,54.56,Standard,North,0
C0131,2026-04-30,48,33.57,1,35.28,Basic,South,0
C0132,2026-04-30,40,91.69,2,59.33,Premium,South,0
C0133,2026-04-30,23,57.88,0,66.7,Standard,South,0
C0134,2026-04-30,38,34.83,1,17.98,Basic,South,0
C0135,2026-04-30,17,59.25,2,32.14,Standard,North,0
C0136,2026-04-30,43,23.95,1,30.66,Basic,North,0
C0137,2026-04-30,46,91.28,2,54.8,Premium,North,0
C0138,2026-04-30,59,63.84,2,43.91,Standard,East,0
C0139,2026-04-30,18,62.17,0,36.58,Standard,South,0
C0140,2026-04-30,21,34.68,1,34.17,Basic,East,0
C0141,2026-04-30,24,57.94,2,51.01,Standard,East,0
C0142,2026-04-30,71,64.63,3,68.14,Standard,East,0
C0143,2026-04-30,56,86.56,3,70.36,Premium,East,0
C0144,2026-04-30,66,67.64,0,34.41,Standard,East,0
C0145,2026-04-30,54,68.82,1,43.71,Standard,East,0
C0146,2026-04-30,48,26.59,0,20.48,Basic,East,0
C0147,2026-04-30,21,40.24,0,17.23,Basic,East,0
C0148,2026-04-30,34,66.93,1,45.62,Standard,South,0
C0149,2026-04-30,62,64.23,0,35.96,Standard,North,0
C0150,2026-04-30,47,29.9,1,37.03,Basic,West,0
C0151,2026-04-30,5,98.99,3,31.23,Premium,South,0
C0152,2026-04-30,48,105.85,0,56.53,Premium,East,0
C0153,2026-04-30,38,32.25,1,36.25,Basic,North,0
C0154,2026-04-30,40,69.35,0,40.62,Standard,South,0
C0155,2026-04-30,7,36.52,0,37.17,Basic,East,0
C0156,2026-04-30,12,61.16,3,35.15,Standard,East,0
C0157,2026-04-30,72,37.08,0,44.78,Basic,East,0
C0158,2026-04-30,42,62.82,0,38.2,Standard,South,0
C0159,2026-04-30,55,62.16,1,67.49,Standard,West,0
C0160,2026-04-30,8,68.8,1,53.59,Standard,East,0
C0161,2026-04-30,28,34.05,0,25.31,Basic,West,0
C0162,2026-04-30,63,91.62,1,51.28,Premium,East,0
C0163,2026-04-30,19,39.35,0,44.99,Basic,East,0
C0164,2026-04-30,37,38.59,1,45.84,Basic,West,0
C0165,2026-04-30,43,69.79,3,41.42,Standard,North,0
C0166,2026-04-30,69,31.38,1,52.7,Basic,West,0
C0167,2026-04-30,67,98.27,0,57.42,Premium,West,0
C0168,2026-04-30,54,87.35,2,47.5,Premium,East,0
C0169,2026-04-30,71,34.02,2,44.71,Basic,East,0
C0170,2026-04-30,58,90.87,2,70.78,Premium,East,0
C0171,2026-04-30,72,34.96,2,50.84,Basic,South,0
C0172,2026-04-30,11,60.11,2,39.43,Standard,West,1
C0173,2026-04-30,53,36.07,1,30.16,Basic,North,0
C0174,2026-04-30,68,88.61,0,74.9,Premium,South,0
C0175,2026-04-30,30,30.87,1,25.05,Basic,East,0
C0176,2026-04-30,67,41.25,1,33.64,Basic,West,0
C0177,2026-04-30,12,73.15,1,44.65,Standard,South,0
C0178,2026-04-30,32,103.7,0,51.61,Premium,South,0
C0179,2026-04-30,5,86.75,1,57.35,Premium,North,0
C0180,2026-04-30,15,61.64,1,39.8,Standard,North,0
C0181,2026-04-30,28,98.89,0,47.61,Premium,North,0
C0182,2026-04-30,9,95.65,0,46.49,Premium,North,0
C0183,2026-04-30,34,59.16,1,42.73,Standard,West,1
C0184,2026-04-30,46,26.57,1,63.0,Basic,West,1
C0185,2026-04-30,9,61.22,2,43.57,Standard,West,0
C0186,2026-04-30,54,69.67,0,53.56,Standard,North,0
C0187,2026-04-30,17,29.71,1,42.71,Basic,North,1
C0188,2026-04-30,30,20.85,0,40.5,Basic,South,0
C0189,2026-04-30,36,68.2,3,39.42,Standard,East,0
C0190,2026-04-30,31,32.48,0,16.13,Basic,South,0
C0191,2026-04-30,59,84.91,1,41.72,Premium,South,0
C0192,2026-04-30,6,46.76,1,24.72,Basic,North,0
C0193,2026-04-30,8,32.21,1,23.68,Basic,East,0
C0194,2026-04-30,41,,3,57.75,Premium,South,0
C0195,2026-04-30,60,34.3,1,48.85,Basic,North,0
C0196,2026-04-30,52,41.36,1,38.63,Basic,East,0
C0197,2026-04-30,50,58.95,0,61.79,Standard,West,0
C0198,2026-04-30,66,85.17,0,57.49,Premium,North,0
C0199,2026-04-30,69,42.71,1,44.2,Basic,South,0
C0200,2026-04-30,8,38.76,1,23.37,Basic,West,0
C0201,2026-04-30,27,65.28,1,54.26,Standard,East,0
C0202,2026-04-30,57,97.37,0,61.41,Premium,West,0
C0203,2026-04-30,11,64.79,3,45.09,Standard,South,0
C0204,2026-04-30,65,35.54,1,48.82,Basic,South,0
C0205,2026-04-30,52,28.36,2,47.41,Basic,East,0
C0206,2026-04-30,53,38.1,2,35.2,Basic,North,0
C0207,2026-04-30,43,35.27,1,31.25,Basic,North,0
C0208,2026-04-30,42,65.95,1,42.36,Standard,East,0
C0209,2026-04-30,69,35.01,1,42.43,Basic,East,0
C0210,2026-04-30,49,62.42,0,44.38,Standard,North,0
C0211,2026-04-30,44,62.2,1,37.03,Standard,East,0
C0212,2026-04-30,5,57.49,1,40.8,Standard,South,0
C0213,2026-04-30,50,43.08,0,52.23,Basic,East,0
C0214,2026-04-30,63,98.54,1,71.82,Premium,West,0
C0215,2026-04-30,43,63.31,0,67.17,Standard,North,0
C0216,2026-04-30,57,63.63,0,55.88,Standard,West,0
C0217,2026-04-30,41,29.36,3,21.49,Basic,South,1
C0218,2026-04-30,49,37.12,2,57.79,Basic,West,0
C0219,2026-04-30,30,100.72,2,46.45,Premium,South,0
C0220,2026-04-30,12,33.49,1,54.34,Basic,South,0
C0221,2026-04-30,42,47.05,0,36.67,Basic,West,0
C0222,2026-04-30,45,69.78,0,42.98,Standard,East,0
C0223,2026-04-30,59,64.84,1,33.44,Standard,North,0
C0224,2026-04-30,51,91.49,1,51.78,Premium,East,0
C0225,2026-04-30,45,38.24,1,29.16,Basic,West,0
C0226,2026-04-30,58,101.72,2,59.6,Premium,South,0
C0227,2026-04-30,25,41.15,2,46.33,Basic,West,0
C0228,2026-04-30,51,58.9,1,40.04,Standard,East,1
C0229,2026-04-30,10,62.53,1,54.56,Standard,South,0
C0230,2026-04-30,30,36.07,1,23.06,Basic,North,0
C0231,2026-04-30,28,34.98,0,35.57,Basic,East,1
C0232,2026-04-30,62,30.98,4,54.66,Basic,North,0
C0233,2026-04-30,32,94.02,1,60.16,Premium,West,0
C0234,2026-04-30,24,52.32,1,64.72,Standard,East,0
C0235,2026-04-30,19,92.63,0,53.27,Premium,South,0
C0236,2026-04-30,53,86.79,2,54.84,Premium,North,0
C0237,2026-04-30,6,61.75,0,57.31,Standard,East,0
C0238,2026-04-30,7,67.88,2,56.37,Standard,North,0
C0239,2026-04-30,9,34.62,0,33.99,Basic,South,0
C0240,2026-04-30,72,28.29,3,40.49,Basic,West,0
C0241,2026-04-30,41,99.47,2,55.1,Premium,West,0
C0242,2026-04-30,69,65.59,3,42.28,Standard,West,0
C0243,2026-04-30,7,33.63,0,39.59,Basic,West,0
C0244,2026-04-30,52,65.44,1,52.26,Standard,East,0
C0245,2026-04-30,37,69.22,3,50.09,Standard,North,0
C0246,2026-04-30,71,91.74,1,66.92,Premium,West,0
C0247,2026-04-30,34,56.4,1,62.74,Standard,West,0
C0248,2026-04-30,26,34.92,3,37.37,Basic,West,0
C0249,2026-04-30,39,26.73,2,44.64,Basic,East,0
C0250,2026-04-30,60,65.76,0,31.94,Standard,North,0
C0251,2026-04-30,56,55.11,1,53.6,Standard,East,0
C0252,2026-04-30,7,92.56,3,53.73,Premium,South,0
C0253,2026-04-30,24,72.54,1,71.87,Standard,West,1
C0254,2026-04-30,29,27.19,2,39.41,Basic,South,0
C0255,2026-04-30,40,35.07,0,38.45,Basic,South,0
C0256,2026-04-30,20,68.04,0,67.55,Standard,North,0
C0257,2026-04-30,66,92.25,0,28.84,Premium,West,0
C0258,2026-04-30,64,36.81,0,20.39,Basic,West,1
C0259,2026-04-30,65,33.78,1,44.23,Basic,North,0
C0260,2026-04-30,5,67.22,0,49.71,Standard,South,0
C0261,2026-04-30,6,44.19,1,50.68,Basic,South,0
C0262,2026-04-30,37,98.79,2,41.29,Premium,South,0
C0263,2026-04-30,29,38.22,1,37.49,Basic,West,0
C0264,2026-04-30,30,34.77,1,60.96,Basic,North,0
C0265,2026-04-30,70,90.95,0,55.8,Premium,South,0
C0266,2026-04-30,17,34.52,0,29.86,Basic,North,0
C0267,2026-04-30,63,34.17,0,40.26,Basic,North,0
C0268,2026-04-30,19,43.67,1,38.63,Basic,West,1
C0269,2026-04-30,47,33.62,1,23.11,Basic,West,0
C0270,2026-04-30,25,33.72,2,39.62,Basic,North,0
C0271,2026-04-30,48,24.3,1,45.87,Basic,East,0
C0272,2026-04-30,52,31.64,0,24.72,Basic,North,0
C0273,2026-04-30,17,39.77,2,37.62,Basic,North,0
C0274,2026-04-30,52,55.81,3,33.94,Standard,South,1
C0275,2026-04-30,34,65.43,1,43.94,Standard,North,0
C0276,2026-04-30,9,29.92,1,43.98,Basic,South,0
C0277,2026-04-30,53,42.34,1,12.36,Basic,West,0
C0278,2026-04-30,32,64.03,1,54.53,Standard,East,0
C0279,2026-04-30,7,89.17,2,60.79,Premium,East,0
C0280,2026-04-30,58,,1,58.98,Premium,South,0
C0281,2026-04-30,12,31.43,0,19.25,Basic,North,0
C0282,2026-04-30,9,31.26,2,21.94,Basic,North,0
C0283,2026-04-30,25,35.47,0,56.36,Basic,South,0
C0284,2026-04-30,29,45.71,0,12.22,Basic,North,0
C0285,2026-04-30,58,67.6,1,43.36,Standard,West,0
C0286,2026-04-30,34,40.02,1,28.48,Basic,West,0
C0287,2026-04-30,63,36.96,0,47.96,Basic,West,0
C0288,2026-04-30,28,,1,28.44,Basic,East,0
C0289,2026-04-30,29,76.79,1,54.38,Standard,East,0
C0290,2026-04-30,64,26.24,0,38.48,Basic,East,0
C0291,2026-04-30,21,87.24,2,70.43,Premium,South,0
C0292,2026-04-30,53,26.21,1,44.08,Basic,East,1
C0293,2026-04-30,53,88.61,0,57.73,Premium,West,0
C0294,2026-04-30,21,40.31,2,23.85,Basic,West,0
C0295,2026-04-30,50,89.87,0,64.66,Premium,East,0
C0296,2026-04-30,68,85.47,0,48.96,Premium,North,0
C0297,2026-04-30,36,89.61,1,49.2,Premium,East,0
C0298,2026-04-30,42,92.56,2,66.05,Premium,South,0
C0299,2026-04-30,13,69.0,3,24.74,Standard,East,1
C0300,2026-04-30,50,71.9,2,51.71,Standard,East,1
C0301,2026-04-30,42,59.97,2,55.38,Standard,West,0
C0302,2026-04-30,12,39.69,0,45.8,Basic,South,1
C0303,2026-04-30,66,64.02,1,45.79,Standard,West,0
C0304,2026-04-30,60,61.47,0,50.99,Standard,West,0
C0305,2026-04-30,33,101.36,1,63.09,Premium,South,0
C0306,2026-04-30,43,64.73,2,21.39,Standard,South,0
C0307,2026-04-30,13,35.2,3,27.61,Basic,East,1
C0308,2026-04-30,18,61.13,1,60.3,Standard,West,0
C0309,2026-04-30,69,27.73,1,38.93,Basic,East,0
C0310,2026-04-30,6,32.56,2,47.14,Basic,West,0
C0311,2026-04-30,25,78.48,1,61.67,Standard,South,0
C0312,2026-04-30,5,39.35,2,40.28,Basic,East,1
C0313,2026-04-30,5,22.93,2,53.75,Basic,South,1
C0314,2026-04-30,72,34.29,1,62.58,Basic,West,0
C0315,2026-04-30,12,32.59,2,37.18,Basic,South,0
C0316,2026-04-30,30,44.87,1,31.86,Basic,East,0
C0317,2026-04-30,11,37.17,0,42.98,Basic,North,0
C0318,2026-04-30,31,69.07,3,56.01,Standard,West,0
C0319,2026-04-30,55,38.74,2,31.95,Basic,South,0
C0320,2026-04-30,18,100.84,1,33.97,Premium,South,0
C0321,2026-04-30,71,104.24,3,80.84,Premium,East,0
C0322,2026-04-30,22,69.01,2,46.19,Standard,South,0
C0323,2026-04-30,62,33.65,2,35.06,Basic,West,0
C0324,2026-04-30,57,62.51,1,53.08,Standard,East,0
C0325,2026-04-30,52,,4,59.24,Premium,East,0
C0326,2026-04-30,9,71.49,2,45.52,Standard,North,0
C0327,2026-04-30,69,97.81,1,64.16,Premium,North,0
C0328,2026-04-30,9,60.97,4,34.17,Standard,South,1
C0329,2026-04-30,60,68.97,2,47.53,Standard,West,0
C0330,2026-04-30,62,34.19,1,52.95,Basic,West,0
C0331,2026-04-30,42,65.38,2,54.54,Standard,East,0
C0332,2026-04-30,9,39.16,1,41.43,Basic,East,0
C0333,2026-04-30,23,,1,41.59,Standard,South,0
C0334,2026-04-30,68,95.7,2,48.44,Premium,North,0
C0335,2026-04-30,64,39.24,1,34.31,Basic,North,0
C0336,2026-04-30,33,61.5,1,38.72,Standard,South,0
C0337,2026-04-30,36,26.39,2,44.56,Basic,South,1
C0338,2026-04-30,46,73.11,5,21.93,Standard,North,0
C0339,2026-04-30,58,43.41,1,46.98,Basic,South,0
C0340,2026-04-30,69,97.0,1,47.83,Premium,North,0
C0341,2026-04-30,5,36.37,1,37.51,Basic,East,0
C0342,2026-04-30,57,92.21,1,54.63,Premium,West,0
C0343,2026-04-30,47,86.8,0,67.35,Premium,East,0
C0344,2026-04-30,16,69.55,0,57.22,Standard,South,0
C0345,2026-04-30,66,68.97,4,47.78,Standard,South,0
C0346,2026-04-30,26,57.78,0,31.33,Standard,South,0
C0347,2026-04-30,20,100.15,0,63.97,Premium,North,0
C0348,2026-04-30,60,34.34,2,34.41,Basic,East,0
C0349,2026-04-30,19,73.98,0,35.54,Standard,East,0
C0350,2026-04-30,57,40.14,0,33.21,Basic,North,0
C0351,2026-04-30,64,65.0,3,55.38,Standard,South,0
C0352,2026-04-30,24,30.2,3,41.7,Basic,South,0
C0353,2026-04-30,52,68.83,4,47.57,Standard,North,1
C0354,2026-04-30,64,64.91,1,45.54,Standard,East,0
C0355,2026-04-30,58,62.44,0,64.89,Standard,East,0
C0356,2026-04-30,32,78.02,5,59.58,Standard,East,0
C0357,2026-04-30,52,67.61,2,26.97,Standard,East,0
C0358,2026-04-30,25,63.37,0,37.53,Standard,West,0
C0359,2026-04-30,6,61.06,3,40.68,Standard,West,0
C0360,2026-04-30,53,70.63,0,38.16,Standard,East,0
C0361,2026-04-30,6,97.94,2,53.35,Premium,West,0
C0362,2026-04-30,54,25.83,1,52.75,Basic,South,0
C0363,2026-04-30,7,38.34,0,32.84,Basic,West,0
C0364,2026-04-30,26,32.27,2,44.5,Basic,West,1
C0365,2026-04-30,70,54.89,0,39.11,Standard,East,0
C0366,2026-04-30,51,40.23,0,33.71,Basic,West,0
C0367,2026-04-30,20,67.29,0,63.65,Standard,East,0
C0368,2026-04-30,7,60.0,1,47.72,Standard,East,0
C0369,2026-04-30,62,42.15,1,38.71,Basic,South,0
C0370,2026-04-30,36,91.58,0,39.38,Premium,West,0
C0371,2026-04-30,70,60.0,1,68.91,Standard,East,0
C0372,2026-04-30,40,37.73,2,45.8,Basic,West,0
C0373,2026-04-30,6,39.59,0,34.59,Basic,South,0
C0374,2026-04-30,24,40.05,1,40.6,Basic,West,0
C0375,2026-04-30,48,43.71,1,20.47,Basic,North,1
C0376,2026-04-30,55,31.39,0,47.78,Basic,North,0
C0377,2026-04-30,46,97.61,1,51.3,Premium,East,0
C0378,2026-04-30,51,62.22,1,52.84,Standard,East,0
C0379,2026-04-30,12,29.9,0,32.94,Basic,West,0
C0380,2026-04-30,53,67.47,0,48.21,Standard,South,0
C0381,2026-04-30,50,66.5,0,52.49,Standard,East,0
C0382,2026-04-30,53,89.34,1,58.41,Premium,East,0
C0383,2026-04-30,21,67.13,2,52.32,Standard,West,0
C0384,2026-04-30,47,71.7,0,45.31,Standard,East,0
C0385,2026-04-30,11,36.45,2,40.72,Basic,South,0
C0386,2026-04-30,8,,2,56.06,Premium,West,0
C0387,2026-04-30,69,63.84,4,82.7,Standard,North,0
C0388,2026-04-30,12,89.96,0,49.75,Premium,West,0
C0389,2026-04-30,10,35.81,2,51.78,Basic,North,1
C0390,2026-04-30,36,91.87,0,67.63,Premium,South,0
C0391,2026-04-30,71,63.13,0,38.02,Standard,West,0
C0392,2026-04-30,21,36.2,4,52.64,Basic,East,0
C0393,2026-04-30,45,61.05,1,53.7,Standard,West,0
C0394,2026-04-30,46,62.65,1,49.36,Standard,East,0
C0395,2026-04-30,24,37.19,1,44.07,Basic,East,0
C0396,2026-04-30,65,63.1,1,54.98,Standard,South,0
C0397,2026-04-30,16,92.69,2,47.07,Premium,North,0
C0398,2026-04-30,67,34.86,3,47.48,Basic,North,0
C0399,2026-04-30,40,69.97,4,65.26,Standard,South,0
C0400,2026-04-30,56,65.9,3,46.02,Standard,North,0
C0401,2026-04-30,32,30.36,3,32.66,Basic,East,0
C0402,2026-04-30,32,97.08,0,57.59,Premium,West,0
C0403,2026-04-30,65,64.39,0,49.67,Standard,West,0
C0404,2026-04-30,23,19.4,0,44.23,Basic,South,0
C0405,2026-04-30,58,87.68,1,55.15,Premium,West,0
C0406,2026-04-30,53,93.32,3,52.74,Premium,West,0
C0407,2026-04-30,59,38.25,0,28.95,Basic,West,0
C0408,2026-04-30,55,98.41,3,52.63,Premium,South,0
C0409,2026-04-30,51,36.81,1,17.63,Basic,South,0
C0410,2026-04-30,40,98.34,2,58.88,Premium,West,0
C0411,2026-04-30,28,69.66,2,43.8,Standard,North,0
C0412,2026-04-30,38,67.5,2,50.2,Standard,South,0
C0413,2026-04-30,25,44.2,1,10.76,Basic,North,0
C0414,2026-04-30,27,95.36,1,44.1,Premium,West,0
C0415,2026-04-30,20,29.83,1,54.72,Basic,East,0
C0416,2026-04-30,64,32.18,1,30.65,Basic,North,0
C0417,2026-04-30,42,31.21,0,43.02,Basic,North,0
C0418,2026-04-30,24,75.79,1,45.09,Standard,East,0
C0419,2026-04-30,33,36.2,2,61.93,Basic,East,0
C0420,2026-04-30,27,100.3,2,49.46,Premium,West,0
C0001,2026-05-31,17,52.84,3,43.55,Standard,South,0
C0002,2026-05-31,55,68.95,0,30.49,Standard,East,0
C0003,2026-05-31,41,91.4,2,50.68,Premium,West,0
C0004,2026-05-31,16,66.01,0,54.37,Standard,North,0
C0005,2026-05-31,10,28.5,1,52.89,Basic,North,0
C0006,2026-05-31,30,89.3,1,68.45,Premium,North,0
C0007,2026-05-31,49,59.45,2,53.43,Standard,North,0
C0008,2026-05-31,67,55.65,0,40.87,Standard,North,0
C0009,2026-05-31,25,25.71,0,42.57,Basic,West,0
C0010,2026-05-31,25,72.78,3,46.82,Standard,East,0
C0011,2026-05-31,12,32.31,0,31.44,Basic,West,0
C0012,2026-05-31,7,93.09,0,64.36,Premium,West,0
C0013,2026-05-31,29,62.01,1,41.68,Standard,West,0
C0014,2026-05-31,21,93.98,0,67.69,Premium,North,0
C0015,2026-05-31,26,64.17,3,44.06,Standard,South,0
C0016,2026-05-31,23,43.73,0,34.25,Basic,West,0
C0017,2026-05-31,66,60.56,1,61.59,Standard,North,0
C0018,2026-05-31,45,33.36,0,41.36,Basic,North,0
C0019,2026-05-31,41,95.82,2,58.92,Premium,East,0
C0020,2026-05-31,10,56.26,2,39.52,Standard,West,1
C0021,2026-05-31,39,55.28,0,51.64,Standard,West,0
C0022,2026-05-31,17,27.93,0,40.15,Basic,West,0
C0023,2026-05-31,72,99.23,1,59.7,Premium,North,0
C0024,2026-05-31,49,91.79,0,55.37,Premium,West,0
C0025,2026-05-31,70,64.07,2,45.12,Standard,West,0
C0026,2026-05-31,31,39.26,0,27.63,Basic,East,0
C0027,2026-05-31,20,53.22,1,51.31,Standard,West,0
C0028,2026-05-31,51,35.26,2,30.61,Basic,West,0
C0029,2026-05-31,13,34.93,0,61.1,Basic,South,0
C0030,2026-05-31,59,74.37,1,35.59,Standard,North,0
C0031,2026-05-31,45,57.35,1,63.57,Standard,South,0
C0032,2026-05-31,37,103.21,0,67.53,Premium,North,0
C0033,2026-05-31,54,,2,44.79,Basic,North,0
C0034,2026-05-31,44,30.79,1,42.63,Basic,North,0
C0035,2026-05-31,16,62.11,0,59.78,Standard,East,0
C0036,2026-05-31,71,34.12,0,44.28,Basic,East,0
C0037,2026-05-31,23,44.63,1,57.37,Basic,East,0
C0038,2026-05-31,47,72.39,2,39.28,Standard,East,1
C0039,2026-05-31,51,35.09,2,43.98,Basic,East,0
C0040,2026-05-31,43,62.29,4,41.46,Standard,East,0
C0041,2026-05-31,45,66.36,0,40.44,Standard,North,0
C0042,2026-05-31,6,100.62,0,52.84,Premium,West,0
C0043,2026-05-31,6,67.15,1,46.72,Standard,South,0
C0044,2026-05-31,6,30.68,1,55.05,Basic,North,1
C0045,2026-05-31,33,93.45,3,63.02,Premium,West,1
C0046,2026-05-31,62,95.92,1,55.94,Premium,East,0
C0047,2026-05-31,24,32.88,0,23.82,Basic,North,0
C0048,2026-05-31,18,31.36,1,44.04,Basic,North,1
C0049,2026-05-31,45,64.68,0,25.8,Standard,North,0
C0050,2026-05-31,34,44.2,2,39.35,Basic,South,0
C0051,2026-05-31,48,37.93,1,46.15,Basic,North,0
C0052,2026-05-31,66,39.4,2,51.71,Basic,East,0
C0053,2026-05-31,63,66.29,0,75.88,Standard,East,0
C0054,2026-05-31,10,60.5,1,44.89,Standard,West,0
C0055,2026-05-31,28,66.96,0,56.68,Standard,East,0
C0056,2026-05-31,28,61.19,0,41.9,Standard,East,0
C0057,2026-05-31,61,75.66,4,48.68,Standard,East,0
C0058,2026-05-31,35,67.15,0,60.37,Standard,North,0
C0059,2026-05-31,33,27.97,1,38.24,Basic,North,0
C0060,2026-05-31,51,35.33,3,41.65,Basic,East,0
C0061,2026-05-31,31,64.36,1,60.32,Standard,North,0
C0062,2026-05-31,70,58.26,2,36.7,Standard,North,0
C0063,2026-05-31,17,57.58,3,30.37,Standard,North,0
C0064,2026-05-31,8,63.92,1,52.3,Standard,West,0
C0065,2026-05-31,34,63.63,0,45.04,Standard,South,0
C0066,2026-05-31,25,61.98,3,36.88,Standard,East,1
C0067,2026-05-31,45,62.02,1,46.06,Standard,South,0
C0068,2026-05-31,9,32.85,0,42.1,Basic,North,0
C0069,2026-05-31,27,38.8,1,45.44,Basic,South,0
C0070,2026-05-31,57,68.19,0,53.02,Standard,North,0
C0071,2026-05-31,58,30.38,2,47.4,Basic,West,0
C0072,2026-05-31,63,36.56,3,56.48,Basic,North,1
C0073,2026-05-31,72,95.53,1,49.1,Premium,South,0
C0074,2026-05-31,17,32.24,1,43.78,Basic,West,0
C0075,2026-05-31,60,28.12,0,51.49,Basic,East,0
C0076,2026-05-31,66,24.22,1,53.58,Basic,South,0
C0077,2026-05-31,71,37.66,2,51.18,Basic,East,0
C0078,2026-05-31,24,56.09,0,51.8,Standard,West,0
C0079,2026-05-31,7,66.32,0,53.81,Standard,South,0
C0080,2026-05-31,59,69.14,1,29.6,Standard,East,0
C0081,2026-05-31,24,68.37,1,58.79,Standard,West,0
C0082,2026-05-31,22,34.39,0,35.02,Basic,East,0
C0083,2026-05-31,59,93.05,2,48.2,Premium,South,0
C0084,2026-05-31,53,40.13,1,54.45,Basic,North,0
C0085,2026-05-31,26,41.54,3,48.69,Basic,North,0
C0086,2026-05-31,71,40.66,1,57.38,Basic,West,0
C0087,2026-05-31,21,67.32,1,43.71,Standard,East,0
C0088,2026-05-31,62,67.28,1,40.14,Standard,South,0
C0089,2026-05-31,71,22.36,1,30.0,Basic,South,0
C0090,2026-05-31,57,56.0,0,42.7,Standard,East,0
C0091,2026-05-31,22,32.45,2,41.12,Basic,East,0
C0092,2026-05-31,22,69.45,1,58.4,Standard,East,0
C0093,2026-05-31,72,70.99,0,43.71,Standard,South,0
C0094,2026-05-31,73,34.85,0,36.31,Basic,East,0
C0095,2026-05-31,20,37.69,2,30.05,Basic,South,0
C0096,2026-05-31,21,70.4,1,46.28,Standard,West,0
C0097,2026-05-31,7,28.91,0,30.18,Basic,North,0
C0098,2026-05-31,61,27.62,2,32.08,Basic,North,0
C0099,2026-05-31,56,33.2,5,26.87,Basic,South,0
C0100,2026-05-31,40,91.19,0,61.83,Premium,East,0
C0101,2026-05-31,33,88.13,1,48.86,Premium,East,0
C0102,2026-05-31,62,62.85,1,64.65,Standard,South,0
C0103,2026-05-31,66,35.47,1,41.43,Basic,West,0
C0104,2026-05-31,58,100.39,2,53.23,Premium,South,0
C0105,2026-05-31,33,56.71,0,23.82,Standard,North,0
C0106,2026-05-31,58,66.76,1,37.16,Standard,North,0
C0107,2026-05-31,64,65.6,2,53.52,Standard,West,0
C0108,2026-05-31,71,42.65,0,27.05,Basic,North,0
C0109,2026-05-31,18,38.48,2,43.24,Basic,West,0
C0110,2026-05-31,26,94.78,1,60.76,Premium,South,0
C0111,2026-05-31,13,68.97,0,61.96,Standard,North,0
C0112,2026-05-31,41,41.92,0,34.28,Basic,South,0
C0113,2026-05-31,63,32.16,1,50.73,Basic,East,0
C0114,2026-05-31,65,71.07,1,45.99,Standard,South,0
C0115,2026-05-31,51,40.79,2,40.12,Basic,West,0
C0116,2026-05-31,36,89.42,0,65.27,Premium,East,0
C0117,2026-05-31,19,64.16,3,29.67,Standard,South,1
C0118,2026-05-31,54,66.4,0,30.6,Standard,East,0
C0119,2026-05-31,7,67.23,2,36.24,Standard,West,0
C0120,2026-05-31,13,69.99,0,50.64,Standard,South,0
C0121,2026-05-31,37,62.48,0,58.28,Standard,North,0
C0122,2026-05-31,10,72.96,1,52.16,Standard,South,0
C0123,2026-05-31,36,36.89,1,36.35,Basic,West,0
C0124,2026-05-31,29,36.54,2,55.72,Basic,North,0
C0125,2026-05-31,35,35.29,0,44.85,Basic,West,0
C0126,2026-05-31,49,71.43,0,49.61,Standard,East,0
C0127,2026-05-31,63,41.29,2,50.55,Basic,East,0
C0128,2026-05-31,17,41.67,2,45.35,Basic,South,0
C0129,2026-05-31,54,30.85,1,42.39,Basic,West,0
C0130,2026-05-31,47,67.7,4,57.96,Standard,North,0
C0131,2026-05-31,10,33.43,1,43.38,Basic,South,0
C0132,2026-05-31,59,92.75,1,56.1,Premium,South,0
C0133,2026-05-31,65,59.1,1,59.52,Standard,South,0
C0134,2026-05-31,45,36.06,1,21.74,Basic,South,0
C0135,2026-05-31,48,63.58,1,36.26,Standard,North,0
C0136,2026-05-31,42,35.04,0,29.29,Basic,North,0
C0137,2026-05-31,54,98.96,1,55.93,Premium,North,0
C0138,2026-05-31,66,70.18,5,48.33,Standard,East,0
C0139,2026-05-31,62,58.95,0,28.07,Standard,South,0
C0140,2026-05-31,17,35.5,0,31.06,Basic,East,0
C0141,2026-05-31,18,57.97,0,37.73,Standard,East,0
C0142,2026-05-31,8,63.52,2,79.4,Standard,East,0
C0143,2026-05-31,19,100.46,0,73.69,Premium,East,0
C0144,2026-05-31,60,65.33,1,44.7,Standard,East,0
C0145,2026-05-31,61,70.33,0,39.51,Standard,East,0
C0146,2026-05-31,70,29.22,0,20.32,Basic,East,0
C0147,2026-05-31,7,25.8,4,26.41,Basic,East,0
C0148,2026-05-31,33,50.63,2,41.68,Standard,South,0
C0149,2026-05-31,70,63.23,1,32.79,Standard,North,0
C0150,2026-05-31,57,35.21,3,40.25,Basic,West,0
C0151,2026-05-31,17,93.03,3,51.92,Premium,South,0
C0152,2026-05-31,66,95.49,0,47.63,Premium,East,0
C0153,2026-05-31,45,42.04,2,40.65,Basic,North,0
C0154,2026-05-31,41,65.73,0,47.06,Standard,South,0
C0155,2026-05-31,33,35.31,1,34.29,Basic,East,0
C0156,2026-05-31,18,74.4,1,38.98,Standard,East,0
C0157,2026-05-31,50,31.34,1,43.71,Basic,East,0
C0158,2026-05-31,69,66.1,0,39.55,Standard,South,0
C0159,2026-05-31,46,68.43,0,56.32,Standard,West,0
C0160,2026-05-31,36,61.69,0,50.73,Standard,East,0
C0161,2026-05-31,52,35.36,1,30.11,Basic,West,0
C0162,2026-05-31,23,96.39,2,47.1,Premium,East,1
C0163,2026-05-31,24,35.18,0,30.45,Basic,East,0
C0164,2026-05-31,73,,3,42.56,Basic,West,0
C0165,2026-05-31,36,66.24,3,54.58,Standard,North,0
C0166,2026-05-31,9,36.75,0,44.68,Basic,West,0
C0167,2026-05-31,20,89.43,1,65.03,Premium,West,0
C0168,2026-05-31,38,90.48,0,58.18,Premium,East,0
C0169,2026-05-31,26,39.85,2,42.76,Basic,East,1
C0170,2026-05-31,42,91.72,0,66.41,Premium,East,0
C0171,2026-05-31,47,40.28,2,54.59,Basic,South,0
C0172,2026-05-31,42,67.65,1,36.27,Standard,West,0
C0173,2026-05-31,9,32.69,3,33.3,Basic,North,0
C0174,2026-05-31,13,97.57,0,65.04,Premium,South,0
C0175,2026-05-31,40,32.59,0,23.85,Basic,East,0
C0176,2026-05-31,30,33.47,1,30.27,Basic,West,0
C0177,2026-05-31,20,66.05,3,36.0,Standard,South,0
C0178,2026-05-31,28,93.06,1,61.4,Premium,South,0
C0179,2026-05-31,19,102.64,1,49.28,Premium,North,0
C0180,2026-05-31,32,57.88,1,48.86,Standard,North,0
C0181,2026-05-31,10,92.48,0,51.61,Premium,North,0
C0182,2026-05-31,53,98.48,1,49.09,Premium,North,0
C0183,2026-05-31,13,58.18,1,38.66,Standard,West,0
C0184,2026-05-31,31,40.37,0,56.44,Basic,West,0
C0185,2026-05-31,73,57.78,1,52.04,Standard,West,0
C0186,2026-05-31,26,61.6,0,51.48,Standard,North,0
C0187,2026-05-31,55,36.03,3,27.13,Basic,North,0
C0188,2026-05-31,38,38.03,1,37.32,Basic,South,0
C0189,2026-05-31,19,63.44,0,43.89,Standard,East,0
C0190,2026-05-31,42,39.37,1,23.84,Basic,South,0
C0191,2026-05-31,14,95.21,0,42.61,Premium,South,0
C0192,2026-05-31,72,45.77,0,30.11,Basic,North,0
C0193,2026-05-31,48,32.73,3,25.29,Basic,East,1
C0194,2026-05-31,24,95.35,2,50.76,Premium,South,0
C0195,2026-05-31,50,34.52,2,54.8,Basic,North,0
C0196,2026-05-31,69,33.8,0,38.32,Basic,East,0
C0197,2026-05-31,56,63.26,0,60.83,Standard,West,0
C0198,2026-05-31,32,95.29,3,55.2,Premium,North,0
C0199,2026-05-31,17,34.3,1,45.65,Basic,South,1
C0200,2026-05-31,49,32.31,3,26.97,Basic,West,0
C0201,2026-05-31,61,67.62,3,62.13,Standard,East,1
C0202,2026-05-31,53,95.01,2,59.32,Premium,West,0
C0203,2026-05-31,52,57.56,3,43.62,Standard,South,0
C0204,2026-05-31,11,,0,42.05,Basic,South,0
C0205,2026-05-31,30,38.25,2,48.27,Basic,East,0
C0206,2026-05-31,44,36.68,1,37.18,Basic,North,0
C0207,2026-05-31,63,34.28,0,33.66,Basic,North,0
C0208,2026-05-31,6,72.6,1,31.02,Standard,East,0
C0209,2026-05-31,53,36.53,0,34.31,Basic,East,0
C0210,2026-05-31,17,64.27,0,45.31,Standard,North,0
C0211,2026-05-31,29,69.19,2,36.2,Standard,East,0
C0212,2026-05-31,70,65.3,0,42.04,Standard,South,0
C0213,2026-05-31,16,31.84,2,50.88,Basic,East,0
C0214,2026-05-31,58,89.32,3,60.94,Premium,West,0
C0215,2026-05-31,48,64.9,2,65.68,Standard,North,0
C0216,2026-05-31,36,63.25,1,73.61,Standard,West,0
C0217,2026-05-31,43,38.38,2,20.57,Basic,South,0
C0218,2026-05-31,51,24.83,1,56.44,Basic,West,0
C0219,2026-05-31,18,96.83,0,45.93,Premium,South,0
C0220,2026-05-31,45,35.75,2,43.02,Basic,South,0
C0221,2026-05-31,54,36.38,1,25.74,Basic,West,0
C0222,2026-05-31,55,63.67,2,47.05,Standard,East,0
C0223,2026-05-31,55,70.62,1,24.01,Standard,North,0
C0224,2026-05-31,65,84.23,2,51.55,Premium,East,0
C0225,2026-05-31,6,33.16,4,22.67,Basic,West,0
C0226,2026-05-31,17,92.67,0,63.54,Premium,South,0
C0227,2026-05-31,22,26.98,0,54.7,Basic,West,0
C0228,2026-05-31,18,66.94,1,47.78,Standard,East,0
C0229,2026-05-31,40,61.12,0,50.64,Standard,South,0
C0230,2026-05-31,31,35.16,1,36.25,Basic,North,0
C0231,2026-05-31,19,45.39,0,40.74,Basic,East,0
C0232,2026-05-31,31,31.14,2,38.4,Basic,North,0
C0233,2026-05-31,71,97.65,3,54.28,Premium,West,0
C0234,2026-05-31,20,65.51,2,62.57,Standard,East,0
C0235,2026-05-31,34,91.05,1,52.2,Premium,South,0
C0236,2026-05-31,26,90.03,3,68.86,Premium,North,0
C0237,2026-05-31,71,65.89,1,46.85,Standard,East,0
C0238,2026-05-31,54,71.36,3,53.94,Standard,North,0
C0239,2026-05-31,38,32.08,2,33.35,Basic,South,0
C0240,2026-05-31,47,37.66,2,35.63,Basic,West,0
C0241,2026-05-31,12,90.25,1,49.7,Premium,West,0
C0242,2026-05-31,60,71.62,1,45.08,Standard,West,0
C0243,2026-05-31,42,33.58,0,53.46,Basic,West,0
C0244,2026-05-31,20,71.53,3,55.96,Standard,East,0
C0245,2026-05-31,57,62.84,2,53.77,Standard,North,0
C0246,2026-05-31,61,95.22,0,78.83,Premium,West,0
C0247,2026-05-31,58,60.83,2,56.38,Standard,West,0
C0248,2026-05-31,49,30.05,0,37.22,Basic,West,0
C0249,2026-05-31,29,29.69,2,43.79,Basic,East,0
C0250,2026-05-31,9,61.95,0,41.77,Standard,North,0
C0251,2026-05-31,71,60.33,0,44.45,Standard,East,0
C0252,2026-05-31,40,92.41,2,48.14,Premium,South,0
C0253,2026-05-31,36,62.02,1,69.4,Standard,West,0
C0254,2026-05-31,6,41.16,1,41.15,Basic,South,0
C0255,2026-05-31,19,30.63,1,42.15,Basic,South,0
C0256,2026-05-31,64,62.26,1,60.49,Standard,North,0
C0257,2026-05-31,51,95.12,1,35.64,Premium,West,0
C0258,2026-05-31,32,30.48,1,26.94,Basic,West,0
C0259,2026-05-31,40,41.36,1,42.76,Basic,North,0
C0260,2026-05-31,24,71.57,1,57.83,Standard,South,0
C0261,2026-05-31,54,24.43,1,44.14,Basic,South,0
C0262,2026-05-31,68,104.24,1,40.78,Premium,South,0
C0263,2026-05-31,12,31.42,2,44.33,Basic,West,0
C0264,2026-05-31,47,35.67,4,66.5,Basic,North,0
C0265,2026-05-31,64,101.11,1,65.31,Premium,South,0
C0266,2026-05-31,34,30.89,0,41.61,Basic,North,0
C0267,2026-05-31,34,40.99,0,34.23,Basic,North,0
C0268,2026-05-31,67,38.24,0,39.24,Basic,West,0
C0269,2026-05-31,13,39.51,1,24.3,Basic,West,0
C0270,2026-05-31,43,36.24,3,41.4,Basic,North,0
C0271,2026-05-31,15,38.98,1,40.51,Basic,East,0
C0272,2026-05-31,56,37.36,1,23.61,Basic,North,0
C0273,2026-05-31,49,36.54,1,31.73,Basic,North,0
C0274,2026-05-31,44,66.93,0,40.08,Standard,South,0
C0275,2026-05-31,19,68.23,1,40.06,Standard,North,0
C0276,2026-05-31,15,33.42,0,35.02,Basic,South,0
C0277,2026-05-31,19,31.85,1,16.6,Basic,West,0
C0278,2026-05-31,70,68.61,0,57.77,Standard,East,0
C0279,2026-05-31,59,92.36,1,60.62,Premium,East,0
C0280,2026-05-31,24,96.99,0,62.71,Premium,South,0
C0281,2026-05-31,51,33.63,1,8.82,Basic,North,0
C0282,2026-05-31,72,35.45,2,37.23,Basic,North,0
C0283,2026-05-31,22,35.56,0,50.61,Basic,South,0
C0284,2026-05-31,69,40.92,2,11.48,Basic,North,0
C0285,2026-05-31,34,63.28,1,52.12,Standard,West,0
C0286,2026-05-31,31,37.19,1,29.85,Basic,West,0
C0287,2026-05-31,60,40.99,2,46.1,Basic,West,0
C0288,2026-05-31,23,39.27,0,27.79,Basic,East,0
C0289,2026-05-31,33,66.21,1,48.81,Standard,East,0
C0290,2026-05-31,65,27.95,0,47.52,Basic,East,0
C0291,2026-05-31,50,95.79,2,73.66,Premium,South,0
C0292,2026-05-31,27,44.92,2,33.51,Basic,East,0
C0293,2026-05-31,16,90.52,1,57.57,Premium,West,0
C0294,2026-05-31,29,37.75,1,26.17,Basic,West,0
C0295,2026-05-31,36,92.67,1,72.78,Premium,East,0
C0296,2026-05-31,61,96.48,0,48.27,Premium,North,0
C0297,2026-05-31,15,97.2,1,45.54,Premium,East,0
C0298,2026-05-31,24,88.99,0,54.68,Premium,South,0
C0299,2026-05-31,32,61.64,2,36.41,Standard,East,0
C0300,2026-05-31,55,62.76,1,48.27,Standard,East,0
C0301,2026-05-31,71,70.45,1,59.61,Standard,West,0
C0302,2026-05-31,6,33.66,2,43.37,Basic,South,0
C0303,2026-05-31,26,69.06,2,32.6,Standard,West,1
C0304,2026-05-31,69,68.59,0,38.9,Standard,West,0
C0305,2026-05-31,58,93.64,0,62.1,Premium,South,0
C0306,2026-05-31,63,66.66,3,39.67,Standard,South,0
C0307,2026-05-31,38,35.91,1,32.84,Basic,East,0
C0308,2026-05-31,31,64.88,1,41.17,Standard,West,0
C0309,2026-05-31,8,33.32,1,39.62,Basic,East,0
C0310,2026-05-31,33,45.15,1,47.81,Basic,West,0
C0311,2026-05-31,73,67.13,2,61.44,Standard,South,0
C0312,2026-05-31,15,33.52,3,37.01,Basic,East,0
C0313,2026-05-31,12,37.08,1,47.21,Basic,South,0
C0314,2026-05-31,24,37.05,0,72.29,Basic,West,0
C0315,2026-05-31,63,34.02,0,43.82,Basic,South,0
C0316,2026-05-31,60,46.8,1,29.74,Basic,East,0
C0317,2026-05-31,8,33.4,0,48.07,Basic,North,0
C0318,2026-05-31,27,54.29,1,51.06,Standard,West,0
C0319,2026-05-31,15,27.8,1,38.04,Basic,South,0
C0320,2026-05-31,59,95.89,0,48.09,Premium,South,0
C0321,2026-05-31,24,95.5,0,73.25,Premium,East,0
C0322,2026-05-31,27,69.43,1,50.56,Standard,South,0
C0323,2026-05-31,66,44.64,3,24.96,Basic,West,1
C0324,2026-05-31,25,71.67,1,60.53,Standard,East,0
C0325,2026-05-31,33,92.83,3,50.55,Premium,East,0
C0326,2026-05-31,44,63.69,1,40.35,Standard,North,0
C0327,2026-05-31,24,96.78,1,61.43,Premium,North,0
C0328,2026-05-31,40,59.3,1,34.93,Standard,South,0
C0329,2026-05-31,61,60.1,1,46.43,Standard,West,0
C0330,2026-05-31,26,33.57,3,68.39,Basic,West,1
C0331,2026-05-31,53,63.75,0,48.16,Standard,East,0
C0332,2026-05-31,31,37.32,0,34.3,Basic,East,0
C0333,2026-05-31,16,56.62,1,37.72,Standard,South,0
C0334,2026-05-31,16,95.14,2,58.79,Premium,North,0
C0335,2026-05-31,51,30.9,1,37.84,Basic,North,0
C0336,2026-05-31,34,62.1,1,45.25,Standard,South,0
C0337,2026-05-31,68,40.12,1,51.77,Basic,South,0
C0338,2026-05-31,59,73.12,2,42.74,Standard,North,0
C0339,2026-05-31,62,28.74,0,44.21,Basic,South,0
C0340,2026-05-31,21,93.59,0,48.28,Premium,North,0
C0341,2026-05-31,46,32.57,0,34.01,Basic,East,0
C0342,2026-05-31,13,,0,46.18,Premium,West,0
C0343,2026-05-31,54,94.91,0,65.05,Premium,East,0
C0344,2026-05-31,14,56.39,1,64.63,Standard,South,0
C0345,2026-05-31,26,72.01,4,52.11,Standard,South,0
C0346,2026-05-31,13,65.54,1,32.61,Standard,South,0
C0347,2026-05-31,60,93.36,1,58.81,Premium,North,0
C0348,2026-05-31,7,35.24,2,44.87,Basic,East,0
C0349,2026-05-31,15,67.29,2,44.42,Standard,East,1
C0350,2026-05-31,9,42.35,3,37.25,Basic,North,0
C0351,2026-05-31,70,65.37,3,63.7,Standard,South,0
C0352,2026-05-31,25,42.37,1,44.62,Basic,South,0
C0353,2026-05-31,37,61.06,0,51.95,Standard,North,0
C0354,2026-05-31,42,66.7,0,48.49,Standard,East,0
C0355,2026-05-31,16,61.63,2,61.31,Standard,East,0
C0356,2026-05-31,30,62.06,0,65.67,Standard,East,0
C0357,2026-05-31,39,65.4,2,24.21,Standard,East,0
C0358,2026-05-31,62,57.19,3,44.57,Standard,West,0
C0359,2026-05-31,57,63.65,2,54.75,Standard,West,0
C0360,2026-05-31,14,68.29,0,28.49,Standard,East,0
C0361,2026-05-31,26,92.31,0,56.86,Premium,West,0
C0362,2026-05-31,53,29.12,0,53.69,Basic,South,0
C0363,2026-05-31,36,38.82,2,31.86,Basic,West,0
C0364,2026-05-31,22,35.61,1,45.57,Basic,West,1
C0365,2026-05-31,52,61.79,1,39.51,Standard,East,0
C0366,2026-05-31,19,24.36,0,26.21,Basic,West,0
C0367,2026-05-31,9,57.5,2,61.32,Standard,East,0
C0368,2026-05-31,17,66.37,0,37.37,Standard,East,0
C0369,2026-05-31,6,43.16,0,45.14,Basic,South,0
C0370,2026-05-31,17,90.11,0,39.42,Premium,West,0
C0371,2026-05-31,22,61.43,0,71.84,Standard,East,0
C0372,2026-05-31,72,33.66,0,42.42,Basic,West,1
C0373,2026-05-31,41,37.07,0,36.33,Basic,South,0
C0374,2026-05-31,42,26.15,3,53.05,Basic,West,0
C0375,2026-05-31,18,,0,22.74,Basic,North,0
C0376,2026-05-31,62,38.04,2,38.8,Basic,North,0
C0377,2026-05-31,9,79.86,2,48.03,Premium,East,0
C0378,2026-05-31,30,70.95,3,49.25,Standard,East,0
C0379,2026-05-31,32,29.02,0,25.55,Basic,West,0
C0380,2026-05-31,13,69.38,1,35.01,Standard,South,0
C0381,2026-05-31,43,61.7,1,39.16,Standard,East,0
C0382,2026-05-31,15,87.58,0,60.67,Premium,East,0
C0383,2026-05-31,51,61.0,1,48.38,Standard,West,0
C0384,2026-05-31,67,68.46,1,44.58,Standard,East,0
C0385,2026-05-31,53,39.28,2,47.35,Basic,South,0
C0386,2026-05-31,26,89.11,2,52.05,Premium,West,0
C0387,2026-05-31,26,63.28,7,75.8,Standard,North,1
C0388,2026-05-31,22,93.2,1,42.77,Premium,West,0
C0389,2026-05-31,60,40.42,4,48.3,Basic,North,1
C0390,2026-05-31,50,97.73,0,72.27,Premium,South,0
C0391,2026-05-31,46,69.43,0,45.41,Standard,West,0
C0392,2026-05-31,58,30.53,1,61.06,Basic,East,0
C0393,2026-05-31,48,61.35,3,57.37,Standard,West,0
C0394,2026-05-31,72,61.18,1,68.18,Standard,East,0
C0395,2026-05-31,73,40.74,2,38.21,Basic,East,1
C0396,2026-05-31,13,62.92,0,49.31,Standard,South,0
C0397,2026-05-31,26,93.72,2,65.42,Premium,North,0
C0398,2026-05-31,59,30.86,2,39.6,Basic,North,0
C0399,2026-05-31,47,68.87,0,52.29,Standard,South,0
C0400,2026-05-31,17,63.53,0,46.7,Standard,North,0
C0401,2026-05-31,45,33.9,0,33.65,Basic,East,0
C0402,2026-05-31,49,91.03,2,62.21,Premium,West,0
C0403,2026-05-31,17,62.64,1,57.71,Standard,West,0
C0404,2026-05-31,23,32.05,0,52.88,Basic,South,0
C0405,2026-05-31,55,93.65,2,63.99,Premium,West,0
C0406,2026-05-31,59,86.81,0,49.58,Premium,West,0
C0407,2026-05-31,8,37.63,0,41.71,Basic,West,0
C0408,2026-05-31,39,97.69,1,45.89,Premium,South,0
C0409,2026-05-31,68,33.9,2,25.42,Basic,South,0
C0410,2026-05-31,26,85.91,2,61.57,Premium,West,0
C0411,2026-05-31,20,70.1,3,36.77,Standard,North,0
C0412,2026-05-31,18,67.07,1,30.55,Standard,South,0
C0413,2026-05-31,20,36.95,1,11.57,Basic,North,0
C0414,2026-05-31,13,95.26,0,47.85,Premium,West,0
C0415,2026-05-31,43,27.78,1,52.47,Basic,East,0
C0416,2026-05-31,48,38.55,2,32.58,Basic,North,0
C0417,2026-05-31,19,46.31,0,40.18,Basic,North,0
C0418,2026-05-31,11,65.09,2,39.51,Standard,East,0
C0419,2026-05-31,9,37.86,3,51.85,Basic,East,1
C0420,2026-05-31,36,95.72,2,54.19,Premium,West,0
