customer_id,snapshot_date,tenure_months,monthly_charge,support_contacts,usage_hours,plan,region,churned_next_month
C0001,2026-01-31,11,63.5,0,59.2,Standard,East,0
C0002,2026-01-31,8,64.26,0,55.41,Standard,West,0
C0003,2026-01-31,67,92.95,1,47.1,Premium,South,0
C0004,2026-01-31,13,69.8,2,47.56,Standard,South,0
C0005,2026-01-31,56,32.69,1,31.24,Basic,East,0
C0006,2026-01-31,17,90.6,5,55.43,Premium,North,1
C0007,2026-01-31,65,67.07,4,33.02,Standard,North,0
C0008,2026-01-31,31,60.5,2,65.97,Standard,East,0
C0009,2026-01-31,37,28.45,0,31.79,Basic,East,0
C0010,2026-01-31,10,61.79,2,45.34,Standard,North,0
C0011,2026-01-31,62,31.54,0,49.12,Basic,East,1
C0012,2026-01-31,20,98.28,1,25.48,Premium,South,0
C0013,2026-01-31,28,68.39,2,24.83,Standard,East,0
C0014,2026-01-31,6,92.19,0,63.52,Premium,West,0
C0015,2026-01-31,15,72.13,2,53.59,Standard,North,0
C0016,2026-01-31,42,32.72,0,45.36,Basic,West,0
C0017,2026-01-31,24,67.71,2,24.26,Standard,South,1
C0018,2026-01-31,31,33.67,1,25.01,Basic,West,0
C0019,2026-01-31,41,92.23,1,64.65,Premium,South,0
C0020,2026-01-31,32,59.2,1,54.51,Standard,South,1
C0021,2026-01-31,61,70.95,4,30.94,Standard,West,0
C0022,2026-01-31,53,29.53,2,24.72,Basic,East,0
C0023,2026-01-31,14,92.08,1,42.49,Premium,North,0
C0024,2026-01-31,59,92.98,1,24.24,Premium,East,0
C0025,2026-01-31,37,64.83,0,54.34,Standard,West,0
C0026,2026-01-31,51,28.63,0,39.6,Basic,South,0
C0027,2026-01-31,8,61.24,1,20.81,Standard,West,0
C0028,2026-01-31,49,35.28,0,40.05,Basic,East,0
C0029,2026-01-31,36,33.57,3,19.57,Basic,South,1
C0030,2026-01-31,24,61.33,2,34.13,Standard,North,0
C0031,2026-01-31,38,68.98,0,42.33,Standard,East,0
C0032,2026-01-31,21,103.48,0,33.76,Premium,North,0
C0033,2026-01-31,24,42.88,0,42.61,Basic,West,0
C0034,2026-01-31,46,31.07,2,41.52,Basic,East,1
C0035,2026-01-31,45,66.95,1,34.94,Standard,South,0
C0036,2026-01-31,37,35.44,0,18.5,Basic,North,0
C0037,2026-01-31,54,37.17,3,23.7,Basic,East,1
C0038,2026-01-31,55,59.45,1,54.63,Standard,North,0
C0039,2026-01-31,36,42.95,2,10.95,Basic,South,0
C0040,2026-01-31,24,67.38,1,43.78,Standard,West,0
C0041,2026-01-31,69,58.33,0,33.03,Standard,West,0
C0042,2026-01-31,68,96.03,0,46.23,Premium,West,0
C0043,2026-01-31,64,63.02,0,41.22,Standard,West,0
C0044,2026-01-31,68,39.98,0,37.32,Basic,East,0
C0045,2026-01-31,27,91.18,1,66.67,Premium,North,0
C0046,2026-01-31,19,89.39,2,69.04,Premium,West,0
C0047,2026-01-31,40,36.83,0,48.46,Basic,West,0
C0048,2026-01-31,35,36.9,5,40.75,Basic,West,0
C0049,2026-01-31,55,64.02,1,33.29,Standard,East,1
C0050,2026-01-31,14,33.69,0,36.82,Basic,North,1
C0051,2026-01-31,25,35.27,0,28.98,Basic,East,0
C0052,2026-01-31,20,36.94,0,32.99,Basic,South,0
C0053,2026-01-31,21,67.34,3,40.65,Standard,West,0
C0054,2026-01-31,53,69.35,3,33.86,Standard,South,0
C0055,2026-01-31,35,68.86,2,42.49,Standard,South,0
C0056,2026-01-31,8,66.95,3,53.76,Standard,North,1
C0057,2026-01-31,46,63.7,0,49.08,Standard,West,0
C0058,2026-01-31,32,68.86,0,30.78,Standard,West,0
C0059,2026-01-31,52,35.97,1,34.75,Basic,North,0
C0060,2026-01-31,36,35.49,1,48.02,Basic,South,0
C0061,2026-01-31,2,69.23,2,28.34,Standard,South,0
C0062,2026-01-31,55,78.52,1,32.67,Standard,South,0
C0063,2026-01-31,28,69.68,0,47.18,Standard,West,0
C0064,2026-01-31,51,60.77,1,50.09,Standard,North,0
C0065,2026-01-31,19,60.95,0,49.37,Standard,South,0
C0066,2026-01-31,62,71.51,1,56.02,Standard,North,0
C0067,2026-01-31,54,56.45,0,62.28,Standard,North,0
C0068,2026-01-31,64,33.5,1,36.53,Basic,West,0
C0069,2026-01-31,39,37.54,0,62.8,Basic,West,0
C0070,2026-01-31,63,55.69,1,43.25,Standard,North,0
C0071,2026-01-31,62,45.05,1,26.48,Basic,East,0
C0072,2026-01-31,52,35.18,1,34.85,Basic,North,0
C0073,2026-01-31,14,93.92,0,56.02,Premium,North,0
C0074,2026-01-31,15,40.4,2,34.28,Basic,South,0
C0075,2026-01-31,10,38.95,1,24.54,Basic,North,0
C0076,2026-01-31,63,35.07,1,52.46,Basic,South,0
C0077,2026-01-31,4,31.03,3,39.37,Basic,West,0
C0078,2026-01-31,36,67.9,0,38.16,Standard,East,0
C0079,2026-01-31,53,72.91,1,45.81,Standard,East,0
C0080,2026-01-31,46,64.55,0,42.82,Standard,South,0
C0081,2026-01-31,20,61.9,3,44.19,Standard,North,0
C0082,2026-01-31,21,40.83,0,40.79,Basic,North,0
C0083,2026-01-31,23,89.09,1,45.54,Premium,South,0
C0084,2026-01-31,53,23.11,1,41.93,Basic,North,0
C0085,2026-01-31,28,38.95,0,55.6,Basic,West,0
C0086,2026-01-31,28,38.16,3,34.74,Basic,West,1
C0087,2026-01-31,21,62.27,1,50.05,Standard,West,0
C0088,2026-01-31,19,67.29,2,40.82,Standard,East,0
C0089,2026-01-31,16,40.71,2,34.54,Basic,East,0
C0090,2026-01-31,61,69.64,0,47.54,Standard,East,0
C0091,2026-01-31,50,32.55,0,31.07,Basic,South,0
C0092,2026-01-31,58,66.85,0,50.07,Standard,East,0
C0093,2026-01-31,62,66.4,2,32.53,Standard,West,0
C0094,2026-01-31,35,46.17,3,45.78,Basic,West,0
C0095,2026-01-31,20,23.08,1,32.64,Basic,East,0
C0096,2026-01-31,33,60.49,2,52.39,Standard,North,0
C0097,2026-01-31,31,35.42,0,23.4,Basic,East,0
C0098,2026-01-31,12,39.22,0,53.21,Basic,South,0
C0099,2026-01-31,25,30.15,1,51.27,Basic,East,0
C0100,2026-01-31,53,,0,68.15,Premium,East,0
C0101,2026-01-31,17,96.62,3,39.12,Premium,West,0
C0102,2026-01-31,55,77.66,3,53.86,Standard,South,0
C0103,2026-01-31,28,29.5,1,43.59,Basic,West,0
C0104,2026-01-31,18,82.8,1,35.78,Premium,West,0
C0105,2026-01-31,5,62.41,3,36.12,Standard,South,0
C0106,2026-01-31,49,55.2,3,47.06,Standard,South,0
C0107,2026-01-31,2,62.79,1,43.21,Standard,East,0
C0108,2026-01-31,15,36.41,2,42.5,Basic,West,0
C0109,2026-01-31,56,36.45,1,30.38,Basic,East,0
C0110,2026-01-31,44,86.49,2,73.14,Premium,West,0
C0111,2026-01-31,63,53.36,2,58.12,Standard,South,0
C0112,2026-01-31,58,35.5,1,8.02,Basic,East,0
C0113,2026-01-31,12,40.14,2,25.53,Basic,South,0
C0114,2026-01-31,27,60.08,1,37.73,Standard,West,0
C0115,2026-01-31,15,39.1,3,23.93,Basic,South,0
C0116,2026-01-31,5,98.84,0,50.56,Premium,East,0
C0117,2026-01-31,50,60.86,0,57.94,Standard,North,0
C0118,2026-01-31,20,55.79,1,31.2,Standard,West,0
C0119,2026-01-31,49,61.49,1,41.08,Standard,South,0
C0120,2026-01-31,17,68.31,0,42.37,Standard,South,0
C0121,2026-01-31,21,67.92,0,39.59,Standard,East,0
C0122,2026-01-31,64,63.6,2,61.11,Standard,South,0
C0123,2026-01-31,63,35.54,2,30.55,Basic,West,0
C0124,2026-01-31,41,34.99,1,41.31,Basic,East,0
C0125,2026-01-31,32,40.45,0,15.35,Basic,East,0
C0126,2026-01-31,13,67.77,2,66.92,Standard,North,0
C0127,2026-01-31,19,39.6,0,47.51,Basic,North,0
C0128,2026-01-31,33,31.99,1,32.82,Basic,South,0
C0129,2026-01-31,33,35.05,1,38.25,Basic,West,0
C0130,2026-01-31,46,63.93,2,40.22,Standard,West,0
C0131,2026-01-31,26,33.14,0,46.29,Basic,East,0
C0132,2026-01-31,7,97.71,0,54.83,Premium,East,0
C0133,2026-01-31,45,60.67,1,37.81,Standard,South,0
C0134,2026-01-31,62,38.94,3,29.97,Basic,North,0
C0135,2026-01-31,35,56.33,0,48.88,Standard,North,0
C0136,2026-01-31,4,36.95,2,31.83,Basic,South,0
C0137,2026-01-31,11,102.45,0,61.48,Premium,South,0
C0138,2026-01-31,35,60.29,2,55.53,Standard,North,0
C0139,2026-01-31,50,68.2,1,55.29,Standard,South,0
C0140,2026-01-31,40,30.18,2,36.54,Basic,North,0
C0141,2026-01-31,18,64.57,0,45.07,Standard,East,0
C0142,2026-01-31,57,72.05,1,64.48,Standard,West,0
C0143,2026-01-31,2,90.89,3,29.85,Premium,East,0
C0144,2026-01-31,47,62.28,1,60.54,Standard,South,0
C0145,2026-01-31,48,60.04,1,51.82,Standard,South,0
C0146,2026-01-31,28,26.66,0,21.68,Basic,South,0
C0147,2026-01-31,40,34.96,1,52.67,Basic,North,0
C0148,2026-01-31,32,72.69,2,49.54,Standard,East,0
C0149,2026-01-31,7,60.92,1,60.07,Standard,East,0
C0150,2026-01-31,41,40.7,2,36.28,Basic,North,0
C0151,2026-01-31,14,98.32,1,48.98,Premium,South,0
C0152,2026-01-31,13,90.22,1,45.27,Premium,South,0
C0153,2026-01-31,36,36.46,0,36.95,Basic,North,0
C0154,2026-01-31,62,71.43,1,57.42,Standard,East,0
C0155,2026-01-31,24,34.1,1,32.88,Basic,East,0
C0156,2026-01-31,36,57.86,1,34.06,Standard,East,0
C0157,2026-01-31,22,38.46,2,40.14,Basic,East,0
C0158,2026-01-31,11,63.8,0,54.72,Standard,West,0
C0159,2026-01-31,19,71.16,1,52.16,Standard,West,0
C0160,2026-01-31,50,65.71,1,43.28,Standard,East,0
C0161,2026-01-31,69,28.6,0,24.01,Basic,West,0
C0162,2026-01-31,4,96.97,4,44.37,Premium,South,0
C0163,2026-01-31,43,36.05,1,34.12,Basic,West,0
C0164,2026-01-31,8,34.75,2,20.71,Basic,West,1
C0165,2026-01-31,16,65.57,1,46.47,Standard,East,0
C0166,2026-01-31,53,35.88,0,29.82,Basic,West,0
C0167,2026-01-31,23,88.68,4,57.25,Premium,East,0
C0168,2026-01-31,16,93.82,4,20.68,Premium,East,0
C0169,2026-01-31,2,30.84,0,28.01,Basic,South,0
C0170,2026-01-31,35,100.23,0,67.89,Premium,West,0
C0171,2026-01-31,3,26.9,2,28.05,Basic,East,0
C0172,2026-01-31,5,66.66,1,50.44,Standard,West,0
C0173,2026-01-31,43,25.89,4,20.01,Basic,South,1
C0174,2026-01-31,5,97.88,1,69.79,Premium,West,0
C0175,2026-01-31,66,37.78,0,47.88,Basic,North,0
C0176,2026-01-31,46,37.51,2,35.31,Basic,North,1
C0177,2026-01-31,41,62.12,1,64.65,Standard,East,0
C0178,2026-01-31,6,92.42,1,61.72,Premium,East,0
C0179,2026-01-31,15,97.87,1,47.95,Premium,West,0
C0180,2026-01-31,52,60.09,1,43.03,Standard,South,0
C0181,2026-01-31,17,88.12,1,50.46,Premium,East,0
C0182,2026-01-31,4,92.33,0,54.49,Premium,East,1
C0183,2026-01-31,10,68.76,0,46.95,Standard,West,0
C0184,2026-01-31,13,29.84,1,35.82,Basic,East,1
C0185,2026-01-31,15,69.85,4,62.11,Standard,South,0
C0186,2026-01-31,11,66.15,1,45.74,Standard,West,0
C0187,2026-01-31,34,31.68,2,60.36,Basic,North,0
C0188,2026-01-31,27,38.93,0,33.71,Basic,West,0
C0189,2026-01-31,24,60.89,1,61.28,Standard,North,0
C0190,2026-01-31,12,33.3,0,39.85,Basic,South,1
C0191,2026-01-31,13,88.71,2,55.24,Premium,West,0
C0192,2026-01-31,42,29.63,3,26.09,Basic,East,1
C0193,2026-01-31,46,30.84,1,25.63,Basic,West,0
C0194,2026-01-31,2,100.7,1,59.9,Premium,East,0
C0195,2026-01-31,65,33.34,1,42.91,Basic,East,0
C0196,2026-01-31,12,31.68,0,35.89,Basic,South,0
C0197,2026-01-31,63,69.04,1,28.11,Standard,North,0
C0198,2026-01-31,8,92.96,1,37.07,Premium,North,0
C0199,2026-01-31,19,44.44,2,20.73,Basic,South,0
C0200,2026-01-31,65,42.88,1,29.81,Basic,North,0
C0201,2026-01-31,52,66.12,0,41.38,Standard,East,0
C0202,2026-01-31,18,96.38,2,66.13,Premium,West,0
C0203,2026-01-31,58,70.89,0,48.23,Standard,West,0
C0204,2026-01-31,46,42.11,1,6.82,Basic,South,0
C0205,2026-01-31,46,35.12,0,40.61,Basic,West,0
C0206,2026-01-31,42,40.85,3,38.16,Basic,West,1
C0207,2026-01-31,41,22.42,0,53.22,Basic,West,0
C0208,2026-01-31,24,74.75,2,31.81,Standard,South,0
C0209,2026-01-31,45,27.0,1,32.63,Basic,South,0
C0210,2026-01-31,27,64.73,2,64.49,Standard,West,0
C0211,2026-01-31,18,61.95,4,47.42,Standard,North,1
C0212,2026-01-31,64,66.3,1,48.09,Standard,South,0
C0213,2026-01-31,60,36.11,1,44.96,Basic,North,0
C0214,2026-01-31,35,106.95,1,54.67,Premium,West,0
C0215,2026-01-31,64,69.1,0,62.65,Standard,East,0
C0216,2026-01-31,29,70.3,5,26.85,Standard,North,0
C0217,2026-01-31,18,32.89,0,42.14,Basic,North,0
C0218,2026-01-31,17,31.85,0,20.81,Basic,East,0
C0219,2026-01-31,56,94.15,5,51.14,Premium,East,0
C0220,2026-01-31,64,28.21,0,41.29,Basic,West,0
C0221,2026-01-31,50,40.46,2,32.24,Basic,South,0
C0222,2026-01-31,53,60.83,0,43.32,Standard,West,0
C0223,2026-01-31,2,66.0,1,35.94,Standard,South,0
C0224,2026-01-31,32,99.44,0,44.97,Premium,West,0
C0225,2026-01-31,6,34.62,0,28.3,Basic,North,0
C0226,2026-01-31,14,100.89,3,40.49,Premium,North,0
C0227,2026-01-31,40,35.02,0,37.45,Basic,North,0
C0228,2026-01-31,59,60.77,0,44.03,Standard,South,0
C0229,2026-01-31,29,56.37,3,50.36,Standard,West,0
C0230,2026-01-31,45,29.46,0,23.03,Basic,North,1
C0231,2026-01-31,59,35.77,2,26.38,Basic,South,0
C0232,2026-01-31,5,44.13,2,26.46,Basic,North,0
C0233,2026-01-31,22,100.26,4,67.83,Premium,West,1
C0234,2026-01-31,69,60.94,2,40.51,Standard,East,0
C0235,2026-01-31,69,91.67,2,53.84,Premium,West,0
C0236,2026-01-31,7,98.44,2,57.42,Premium,East,0
C0237,2026-01-31,40,61.88,6,25.29,Standard,East,1
C0238,2026-01-31,12,70.33,0,49.94,Standard,West,0
C0239,2026-01-31,68,33.86,0,69.14,Basic,North,0
C0240,2026-01-31,42,39.18,0,39.05,Basic,West,0
C0241,2026-01-31,21,90.46,0,53.96,Premium,East,0
C0242,2026-01-31,49,63.68,2,62.29,Standard,East,0
C0243,2026-01-31,36,37.77,0,46.79,Basic,South,0
C0244,2026-01-31,13,60.41,2,22.92,Standard,West,1
C0245,2026-01-31,61,68.88,1,29.06,Standard,South,0
C0246,2026-01-31,39,96.9,1,57.03,Premium,North,0
C0247,2026-01-31,7,58.16,1,41.02,Standard,West,0
C0248,2026-01-31,8,28.19,0,46.02,Basic,North,0
C0249,2026-01-31,35,28.49,2,38.46,Basic,North,0
C0250,2026-01-31,14,70.52,3,25.06,Standard,East,1
C0251,2026-01-31,45,70.1,0,34.19,Standard,North,0
C0252,2026-01-31,47,100.08,2,22.13,Premium,West,0
C0253,2026-01-31,44,72.13,1,46.9,Standard,South,0
C0254,2026-01-31,50,32.04,1,35.58,Basic,North,0
C0255,2026-01-31,32,32.76,2,24.92,Basic,West,0
C0256,2026-01-31,19,62.58,0,58.06,Standard,East,0
C0257,2026-01-31,55,100.57,1,57.03,Premium,South,0
C0258,2026-01-31,43,37.43,0,35.76,Basic,East,0
C0259,2026-01-31,11,34.78,2,22.53,Basic,East,1
C0260,2026-01-31,56,61.76,1,51.27,Standard,North,0
C0261,2026-01-31,14,43.06,2,42.65,Basic,West,0
C0262,2026-01-31,25,94.81,0,41.04,Premium,South,0
C0263,2026-01-31,58,25.42,2,42.95,Basic,East,0
C0264,2026-01-31,56,,0,14.97,Basic,West,0
C0265,2026-01-31,65,100.05,2,66.38,Premium,East,0
C0266,2026-01-31,34,29.86,0,25.33,Basic,East,0
C0267,2026-01-31,29,37.21,2,45.84,Basic,South,0
C0268,2026-01-31,11,45.31,1,23.57,Basic,North,0
C0269,2026-01-31,4,32.78,3,22.58,Basic,South,0
C0270,2026-01-31,21,40.44,1,50.34,Basic,West,0
C0271,2026-01-31,46,33.43,2,25.62,Basic,East,0
C0272,2026-01-31,3,36.42,0,48.11,Basic,South,0
C0273,2026-01-31,5,25.57,2,37.96,Basic,West,0
C0274,2026-01-31,61,63.77,0,41.65,Standard,West,0
C0275,2026-01-31,43,68.91,2,64.71,Standard,West,0
C0276,2026-01-31,17,37.7,1,34.76,Basic,South,0
C0277,2026-01-31,61,31.89,3,6.45,Basic,East,0
C0278,2026-01-31,61,64.72,0,37.6,Standard,East,0
C0279,2026-01-31,23,88.59,0,59.39,Premium,South,0
C0280,2026-01-31,19,93.72,1,56.18,Premium,South,0
C0281,2026-01-31,4,38.13,1,18.86,Basic,North,0
C0282,2026-01-31,49,44.39,2,31.11,Basic,South,0
C0283,2026-01-31,25,32.5,0,30.65,Basic,East,0
C0284,2026-01-31,2,31.02,1,24.08,Basic,West,0
C0285,2026-01-31,55,55.71,1,30.32,Standard,West,0
C0286,2026-01-31,39,27.42,2,35.6,Basic,North,0
C0287,2026-01-31,39,24.02,3,29.24,Basic,East,0
C0288,2026-01-31,49,29.47,0,41.15,Basic,North,0
C0289,2026-01-31,25,64.42,2,51.32,Standard,East,0
C0290,2026-01-31,28,37.63,2,36.59,Basic,South,0
C0291,2026-01-31,42,95.5,5,45.21,Premium,South,0
C0292,2026-01-31,50,35.32,1,37.49,Basic,East,0
C0293,2026-01-31,48,99.89,0,42.54,Premium,South,0
C0294,2026-01-31,9,38.52,0,17.77,Basic,West,0
C0295,2026-01-31,22,96.18,0,39.31,Premium,East,0
C0296,2026-01-31,56,88.09,3,39.71,Premium,West,0
C0297,2026-01-31,68,102.11,0,32.05,Premium,East,0
C0298,2026-01-31,69,97.75,1,58.94,Premium,South,0
C0299,2026-01-31,38,65.09,1,56.26,Standard,West,0
C0300,2026-01-31,64,71.55,0,34.59,Standard,South,0
C0301,2026-01-31,3,63.81,1,44.67,Standard,East,0
C0302,2026-01-31,34,42.2,1,35.23,Basic,North,0
C0303,2026-01-31,51,67.97,0,45.92,Standard,North,0
C0304,2026-01-31,52,67.24,4,42.98,Standard,East,0
C0305,2026-01-31,6,100.38,1,35.79,Premium,North,0
C0306,2026-01-31,24,65.06,3,32.34,Standard,West,1
C0307,2026-01-31,31,27.07,0,34.7,Basic,West,0
C0308,2026-01-31,65,58.38,0,55.18,Standard,East,0
C0309,2026-01-31,3,37.36,2,17.83,Basic,East,0
C0310,2026-01-31,62,30.93,1,43.43,Basic,East,0
C0311,2026-01-31,25,70.24,3,62.73,Standard,North,0
C0312,2026-01-31,40,26.48,2,39.79,Basic,South,0
C0313,2026-01-31,36,37.91,0,43.0,Basic,South,0
C0314,2026-01-31,38,28.72,0,30.24,Basic,West,0
C0315,2026-01-31,20,37.45,1,28.97,Basic,North,0
C0316,2026-01-31,18,36.82,0,25.34,Basic,South,0
C0317,2026-01-31,47,36.7,0,5.41,Basic,South,0
C0318,2026-01-31,61,75.27,1,55.71,Standard,North,0
C0319,2026-01-31,67,31.0,2,28.15,Basic,North,0
C0320,2026-01-31,27,,1,56.91,Premium,South,0
C0321,2026-01-31,6,86.13,0,36.67,Premium,North,0
C0322,2026-01-31,52,58.05,0,43.4,Standard,North,0
C0323,2026-01-31,25,42.34,0,26.2,Basic,South,0
C0324,2026-01-31,27,62.1,1,33.61,Standard,North,0
C0325,2026-01-31,4,100.96,1,59.71,Premium,East,0
C0326,2026-01-31,31,66.64,0,46.75,Standard,North,0
C0327,2026-01-31,61,91.74,7,60.84,Premium,South,0
C0328,2026-01-31,51,57.22,4,39.42,Standard,South,0
C0329,2026-01-31,8,71.84,3,56.23,Standard,West,0
C0330,2026-01-31,53,36.74,3,29.51,Basic,East,0
C0331,2026-01-31,2,67.01,1,43.58,Standard,West,0
C0332,2026-01-31,8,27.09,0,45.35,Basic,South,0
C0333,2026-01-31,44,67.63,1,57.82,Standard,South,0
C0334,2026-01-31,33,89.76,1,49.07,Premium,South,0
C0335,2026-01-31,30,35.68,1,36.0,Basic,West,0
C0336,2026-01-31,55,68.59,4,62.97,Standard,West,0
C0337,2026-01-31,9,31.05,0,46.99,Basic,West,0
C0338,2026-01-31,67,61.29,3,41.3,Standard,West,0
C0339,2026-01-31,48,37.98,0,33.15,Basic,East,0
C0340,2026-01-31,24,95.4,2,47.81,Premium,East,0
C0341,2026-01-31,7,37.28,0,40.82,Basic,West,0
C0342,2026-01-31,23,101.93,3,49.22,Premium,South,1
C0343,2026-01-31,50,98.51,1,47.94,Premium,South,0
C0344,2026-01-31,31,72.72,2,42.27,Standard,West,0
C0345,2026-01-31,21,56.46,0,34.11,Standard,South,0
C0346,2026-01-31,20,61.37,2,53.29,Standard,North,0
C0347,2026-01-31,69,92.52,2,77.09,Premium,East,0
C0348,2026-01-31,4,32.78,3,11.07,Basic,South,1
C0349,2026-01-31,36,69.62,1,52.76,Standard,West,0
C0350,2026-01-31,20,37.1,2,22.44,Basic,West,0
C0351,2026-01-31,2,55.57,2,48.84,Standard,South,0
C0352,2026-01-31,25,44.12,1,43.18,Basic,East,0
C0353,2026-01-31,45,62.54,0,59.76,Standard,West,0
C0354,2026-01-31,30,56.7,3,53.72,Standard,East,0
C0355,2026-01-31,58,61.26,0,44.14,Standard,North,0
C0356,2026-01-31,65,64.51,3,54.98,Standard,East,0
C0357,2026-01-31,31,61.34,2,28.65,Standard,East,0
C0358,2026-01-31,11,71.16,2,63.11,Standard,East,0
C0359,2026-01-31,39,66.16,1,51.65,Standard,North,0
C0360,2026-01-31,28,75.72,0,48.86,Standard,South,0
C0361,2026-01-31,6,94.15,3,39.43,Premium,West,0
C0362,2026-01-31,16,35.43,1,37.78,Basic,North,0
C0363,2026-01-31,21,37.96,1,33.26,Basic,South,0
C0364,2026-01-31,46,25.64,1,36.3,Basic,South,0
C0365,2026-01-31,60,58.93,0,48.52,Standard,North,0
C0366,2026-01-31,61,29.54,1,37.18,Basic,North,0
C0367,2026-01-31,47,59.87,1,28.2,Standard,South,0
C0368,2026-01-31,9,59.38,1,54.77,Standard,West,0
C0369,2026-01-31,44,42.03,0,33.63,Basic,North,0
C0370,2026-01-31,66,95.28,0,46.39,Premium,South,0
C0371,2026-01-31,67,58.92,0,27.13,Standard,North,0
C0372,2026-01-31,46,27.01,1,43.66,Basic,East,0
C0373,2026-01-31,34,27.39,2,17.59,Basic,South,1
C0374,2026-01-31,69,27.03,0,54.07,Basic,West,0
C0375,2026-01-31,45,32.62,1,34.68,Basic,East,0
C0376,2026-01-31,50,31.74,1,34.9,Basic,West,0
C0377,2026-01-31,69,98.33,1,45.42,Premium,East,0
C0378,2026-01-31,13,57.83,1,47.42,Standard,South,0
C0379,2026-01-31,30,37.35,4,40.39,Basic,West,0
C0380,2026-01-31,23,60.81,1,36.23,Standard,South,0
C0381,2026-01-31,57,64.72,1,29.59,Standard,West,0
C0382,2026-01-31,59,95.13,2,61.42,Premium,West,0
C0383,2026-01-31,31,71.7,2,55.37,Standard,East,0
C0384,2026-01-31,66,59.83,4,37.44,Standard,East,1
C0385,2026-01-31,11,31.66,0,42.38,Basic,South,0
C0386,2026-01-31,55,96.64,2,41.77,Premium,West,0
C0387,2026-01-31,31,59.38,1,44.39,Standard,East,0
C0388,2026-01-31,46,89.83,1,37.58,Premium,West,0
C0389,2026-01-31,3,40.06,0,39.37,Basic,South,0
C0390,2026-01-31,43,99.48,1,54.42,Premium,West,0
C0391,2026-01-31,12,60.81,2,67.83,Standard,South,0
C0392,2026-01-31,44,43.61,1,29.53,Basic,North,0
C0393,2026-01-31,35,63.4,0,47.91,Standard,North,0
C0394,2026-01-31,37,57.29,1,53.4,Standard,East,0
C0395,2026-01-31,37,32.69,3,40.6,Basic,South,0
C0396,2026-01-31,34,61.53,3,37.65,Standard,North,0
C0397,2026-01-31,11,87.78,0,53.86,Premium,South,0
C0398,2026-01-31,36,34.11,1,33.19,Basic,East,0
C0399,2026-01-31,36,67.86,1,43.83,Standard,South,0
C0400,2026-01-31,34,68.57,1,42.04,Standard,West,0
C0401,2026-01-31,5,31.86,1,31.94,Basic,West,0
C0402,2026-01-31,2,83.92,2,37.15,Premium,East,1
C0403,2026-01-31,69,60.88,1,39.14,Standard,West,0
C0404,2026-01-31,29,32.45,0,38.07,Basic,South,0
C0405,2026-01-31,39,86.42,3,45.86,Premium,North,0
C0406,2026-01-31,69,91.17,1,37.77,Premium,North,0
C0407,2026-01-31,18,37.82,3,43.8,Basic,West,0
C0408,2026-01-31,7,93.24,0,64.53,Premium,West,0
C0409,2026-01-31,59,31.79,3,32.26,Basic,East,0
C0410,2026-01-31,9,99.87,1,55.11,Premium,North,0
C0411,2026-01-31,7,66.78,1,25.49,Standard,South,0
C0412,2026-01-31,14,63.48,0,39.82,Standard,North,0
C0413,2026-01-31,40,34.64,1,32.91,Basic,North,0
C0414,2026-01-31,61,96.01,0,69.97,Premium,North,0
C0415,2026-01-31,39,33.1,2,31.67,Basic,East,0
C0416,2026-01-31,13,,1,51.73,Basic,North,0
C0417,2026-01-31,23,32.2,2,27.73,Basic,West,1
C0418,2026-01-31,3,58.34,1,48.51,Standard,South,0
C0419,2026-01-31,65,29.88,2,29.04,Basic,South,0
C0420,2026-01-31,20,91.27,2,60.23,Premium,East,0
C0421,2026-01-31,8,54.5,0,40.87,Standard,West,0
C0422,2026-01-31,16,46.78,1,14.76,Basic,South,0
C0423,2026-01-31,4,31.36,0,21.72,Basic,North,0
C0424,2026-01-31,62,29.98,1,34.09,Basic,North,0
C0425,2026-01-31,37,66.59,1,22.55,Standard,West,0
C0426,2026-01-31,57,95.04,3,54.41,Premium,North,0
C0427,2026-01-31,14,34.33,2,34.58,Basic,East,0
C0428,2026-01-31,25,101.05,0,80.27,Premium,South,0
C0429,2026-01-31,3,29.04,2,36.72,Basic,West,1
C0430,2026-01-31,60,91.66,1,63.58,Premium,North,0
C0431,2026-01-31,66,101.15,1,48.89,Premium,West,0
C0432,2026-01-31,8,64.61,0,40.69,Standard,East,0
C0433,2026-01-31,62,60.76,0,39.67,Standard,South,0
C0434,2026-01-31,10,93.66,5,38.4,Premium,North,1
C0435,2026-01-31,35,40.59,2,29.44,Basic,West,0
C0436,2026-01-31,62,39.34,3,48.62,Basic,South,0
C0437,2026-01-31,31,34.08,1,37.71,Basic,South,0
C0438,2026-01-31,11,66.97,1,55.56,Standard,South,0
C0439,2026-01-31,17,72.04,1,48.43,Standard,North,0
C0440,2026-01-31,3,73.46,1,40.47,Standard,South,0
C0441,2026-01-31,38,101.41,3,42.44,Premium,North,0
C0442,2026-01-31,15,31.7,0,14.21,Basic,North,0
C0443,2026-01-31,36,61.39,0,55.25,Standard,South,0
C0444,2026-01-31,3,36.68,2,45.44,Basic,North,0
C0445,2026-01-31,17,34.86,2,28.12,Basic,South,0
C0446,2026-01-31,12,80.12,1,40.4,Standard,West,0
C0447,2026-01-31,19,90.33,0,47.33,Premium,North,0
C0448,2026-01-31,27,67.84,0,41.6,Standard,North,0
C0449,2026-01-31,52,30.73,2,44.34,Basic,North,1
C0450,2026-01-31,41,63.75,0,32.1,Standard,East,0
C0451,2026-01-31,63,36.79,1,42.62,Basic,South,0
C0452,2026-01-31,33,95.44,3,33.68,Premium,South,0
C0453,2026-01-31,22,74.77,2,35.8,Standard,North,0
C0454,2026-01-31,5,32.02,0,51.46,Basic,South,0
C0455,2026-01-31,62,38.68,1,45.46,Basic,South,0
C0456,2026-01-31,18,23.99,2,41.26,Basic,South,0
C0457,2026-01-31,62,96.56,1,53.26,Premium,East,0
C0458,2026-01-31,45,63.1,0,42.85,Standard,West,0
C0459,2026-01-31,60,71.4,1,45.57,Standard,South,0
C0460,2026-01-31,59,59.93,3,42.02,Standard,West,0
C0461,2026-01-31,2,64.59,1,50.92,Standard,East,0
C0462,2026-01-31,10,26.51,1,35.45,Basic,South,0
C0463,2026-01-31,17,90.67,1,49.25,Premium,North,0
C0464,2026-01-31,22,40.78,1,29.81,Basic,South,0
C0465,2026-01-31,5,65.85,1,42.99,Standard,East,0
C0466,2026-01-31,51,56.72,1,51.97,Standard,North,0
C0467,2026-01-31,30,69.24,0,41.22,Standard,West,0
C0468,2026-01-31,60,84.21,2,51.96,Premium,South,0
C0469,2026-01-31,10,37.12,0,23.23,Basic,West,1
C0470,2026-01-31,51,63.77,1,41.16,Standard,East,0
C0471,2026-01-31,28,32.12,2,31.16,Basic,South,0
C0472,2026-01-31,3,69.93,2,54.21,Standard,North,0
C0473,2026-01-31,7,30.91,0,52.69,Basic,East,0
C0474,2026-01-31,61,31.61,1,28.63,Basic,South,0
C0475,2026-01-31,47,36.15,4,44.2,Basic,North,0
C0476,2026-01-31,55,29.75,0,37.5,Basic,West,0
C0477,2026-01-31,29,66.62,2,33.96,Standard,South,0
C0478,2026-01-31,16,58.46,4,52.25,Standard,North,0
C0479,2026-01-31,9,60.41,1,34.53,Standard,South,0
C0480,2026-01-31,68,31.26,1,50.4,Basic,South,0
C0481,2026-01-31,21,36.59,3,23.75,Basic,West,0
C0482,2026-01-31,16,29.06,0,35.63,Basic,East,0
C0483,2026-01-31,49,69.54,0,45.25,Standard,North,0
C0484,2026-01-31,46,,0,23.41,Basic,North,0
C0485,2026-01-31,31,38.45,0,40.36,Basic,East,0
C0486,2026-01-31,4,30.17,0,32.4,Basic,North,0
C0487,2026-01-31,32,71.21,0,57.87,Standard,South,0
C0488,2026-01-31,10,31.61,0,61.38,Basic,North,0
C0489,2026-01-31,57,67.31,1,36.52,Standard,North,0
C0490,2026-01-31,64,61.33,2,47.85,Standard,West,1
C0491,2026-01-31,60,65.89,1,18.05,Standard,North,1
C0492,2026-01-31,21,73.21,2,36.49,Standard,North,0
C0493,2026-01-31,24,66.81,1,43.55,Standard,West,0
C0494,2026-01-31,25,38.8,0,24.1,Basic,North,0
C0495,2026-01-31,28,67.34,1,33.06,Standard,West,0
C0496,2026-01-31,47,69.24,1,40.41,Standard,North,0
C0497,2026-01-31,36,69.34,0,36.84,Standard,North,0
C0498,2026-01-31,31,68.71,1,61.03,Standard,North,0
C0499,2026-01-31,25,29.71,1,28.69,Basic,East,1
C0500,2026-01-31,12,74.95,1,69.77,Standard,East,0
C0501,2026-01-31,12,78.66,2,34.92,Standard,South,0
C0502,2026-01-31,23,95.34,0,52.44,Premium,North,0
C0503,2026-01-31,3,91.51,1,44.28,Premium,North,0
C0504,2026-01-31,17,66.57,2,53.47,Standard,East,0
C0505,2026-01-31,15,61.93,2,61.67,Standard,North,0
C0506,2026-01-31,34,64.71,1,42.5,Standard,East,0
C0507,2026-01-31,47,32.76,2,26.01,Basic,East,0
C0508,2026-01-31,20,95.35,0,49.56,Premium,West,0
C0509,2026-01-31,35,67.83,0,32.11,Standard,South,0
C0510,2026-01-31,31,32.77,5,36.36,Basic,North,0
C0511,2026-01-31,57,30.3,2,47.28,Basic,South,0
C0512,2026-01-31,3,91.75,2,49.75,Premium,West,0
C0513,2026-01-31,34,36.47,2,19.61,Basic,East,0
C0514,2026-01-31,57,34.53,2,30.73,Basic,East,0
C0515,2026-01-31,51,36.34,1,33.13,Basic,South,0
C0516,2026-01-31,36,30.97,1,45.17,Basic,North,0
C0517,2026-01-31,59,43.18,2,43.06,Basic,West,0
C0518,2026-01-31,55,51.27,1,30.45,Standard,West,0
C0519,2026-01-31,3,33.39,1,44.36,Basic,West,0
C0520,2026-01-31,61,94.22,0,59.51,Premium,West,0
C0001,2026-02-28,5,69.5,2,54.93,Standard,East,0
C0002,2026-02-28,16,64.48,1,57.48,Standard,West,0
C0003,2026-02-28,22,86.26,2,44.37,Premium,South,0
C0004,2026-02-28,21,61.96,2,57.28,Standard,South,0
C0005,2026-02-28,22,49.29,1,32.28,Basic,East,1
C0006,2026-02-28,40,100.3,2,48.26,Premium,North,0
C0007,2026-02-28,10,68.27,2,37.9,Standard,North,0
C0008,2026-02-28,50,65.16,2,59.22,Standard,East,0
C0009,2026-02-28,51,27.22,1,40.61,Basic,East,0
C0010,2026-02-28,36,56.37,1,45.93,Standard,North,0
C0011,2026-02-28,17,39.23,2,49.49,Basic,East,0
C0012,2026-02-28,34,97.71,1,35.51,Premium,South,0
C0013,2026-02-28,47,61.98,1,36.76,Standard,East,0
C0014,2026-02-28,35,95.87,3,59.96,Premium,West,0
C0015,2026-02-28,62,62.64,1,38.65,Standard,North,0
C0016,2026-02-28,52,,3,36.99,Basic,West,0
C0017,2026-02-28,42,60.94,1,27.62,Standard,South,0
C0018,2026-02-28,18,41.0,1,31.7,Basic,West,0
C0019,2026-02-28,50,94.78,1,65.34,Premium,South,0
C0020,2026-02-28,13,65.12,1,48.73,Standard,South,1
C0021,2026-02-28,14,61.78,3,39.2,Standard,West,0
C0022,2026-02-28,24,38.33,1,36.02,Basic,East,0
C0023,2026-02-28,16,105.77,1,47.79,Premium,North,1
C0024,2026-02-28,25,92.78,3,28.63,Premium,East,0
C0025,2026-02-28,70,66.36,1,44.61,Standard,West,0
C0026,2026-02-28,27,33.26,0,46.82,Basic,South,0
C0027,2026-02-28,60,57.66,1,33.62,Standard,West,0
C0028,2026-02-28,50,34.55,0,26.77,Basic,East,0
C0029,2026-02-28,36,35.91,3,26.71,Basic,South,0
C0030,2026-02-28,43,62.44,1,31.5,Standard,North,1
C0031,2026-02-28,60,59.56,0,47.27,Standard,East,0
C0032,2026-02-28,60,96.41,1,33.98,Premium,North,0
C0033,2026-02-28,17,27.92,1,35.95,Basic,West,1
C0034,2026-02-28,13,40.28,1,51.26,Basic,East,0
C0035,2026-02-28,36,63.07,0,45.42,Standard,South,0
C0036,2026-02-28,40,36.85,2,9.91,Basic,North,0
C0037,2026-02-28,32,36.77,2,34.96,Basic,East,0
C0038,2026-02-28,12,60.85,0,61.75,Standard,North,0
C0039,2026-02-28,43,35.4,0,22.32,Basic,South,0
C0040,2026-02-28,69,68.13,1,38.56,Standard,West,0
C0041,2026-02-28,61,59.45,1,32.33,Standard,West,0
C0042,2026-02-28,66,99.95,1,53.17,Premium,West,0
C0043,2026-02-28,4,65.98,4,41.86,Standard,West,0
C0044,2026-02-28,40,36.38,2,42.59,Basic,East,0
C0045,2026-02-28,26,100.39,3,60.23,Premium,North,0
C0046,2026-02-28,14,90.54,0,69.77,Premium,West,0
C0047,2026-02-28,10,26.74,2,27.22,Basic,West,0
C0048,2026-02-28,32,27.94,2,34.03,Basic,West,0
C0049,2026-02-28,69,60.33,0,29.54,Standard,East,0
C0050,2026-02-28,37,33.0,2,53.18,Basic,North,0
C0051,2026-02-28,8,25.57,2,34.28,Basic,East,0
C0052,2026-02-28,63,34.74,0,38.21,Basic,South,0
C0053,2026-02-28,38,,1,36.54,Standard,West,0
C0054,2026-02-28,43,54.36,1,21.89,Standard,South,0
C0055,2026-02-28,19,67.1,2,52.16,Standard,South,0
C0056,2026-02-28,11,65.16,0,50.05,Standard,North,0
C0057,2026-02-28,69,59.76,1,47.81,Standard,West,0
C0058,2026-02-28,38,66.79,1,29.22,Standard,West,0
C0059,2026-02-28,53,34.76,1,33.49,Basic,North,0
C0060,2026-02-28,44,37.08,1,43.87,Basic,South,0
C0061,2026-02-28,50,61.81,0,23.18,Standard,South,1
C0062,2026-02-28,14,71.52,0,38.88,Standard,South,0
C0063,2026-02-28,64,66.52,0,63.04,Standard,West,0
C0064,2026-02-28,33,63.74,1,49.98,Standard,North,0
C0065,2026-02-28,36,73.03,1,44.32,Standard,South,0
C0066,2026-02-28,9,60.92,0,61.92,Standard,North,0
C0067,2026-02-28,69,65.05,2,48.04,Standard,North,0
C0068,2026-02-28,57,39.02,0,45.85,Basic,West,0
C0069,2026-02-28,69,33.36,1,54.28,Basic,West,0
C0070,2026-02-28,22,67.4,0,50.48,Standard,North,0
C0071,2026-02-28,47,35.06,0,25.14,Basic,East,0
C0072,2026-02-28,7,37.31,2,42.92,Basic,North,0
C0073,2026-02-28,30,100.39,1,54.53,Premium,North,0
C0074,2026-02-28,13,34.58,4,40.4,Basic,South,0
C0075,2026-02-28,65,37.47,1,24.47,Basic,North,0
C0076,2026-02-28,42,35.88,2,65.87,Basic,South,0
C0077,2026-02-28,61,46.16,1,45.02,Basic,West,0
C0078,2026-02-28,23,75.58,3,37.47,Standard,East,0
C0079,2026-02-28,7,79.98,2,52.94,Standard,East,0
C0080,2026-02-28,44,64.99,0,47.1,Standard,South,0
C0081,2026-02-28,50,67.85,1,44.36,Standard,North,0
C0082,2026-02-28,26,29.14,0,42.42,Basic,North,1
C0083,2026-02-28,26,90.32,0,38.98,Premium,South,0
C0084,2026-02-28,12,30.0,1,32.83,Basic,North,0
C0085,2026-02-28,30,31.43,3,56.9,Basic,West,1
C0086,2026-02-28,27,25.11,2,45.82,Basic,West,0
C0087,2026-02-28,11,65.24,0,43.55,Standard,West,0
C0088,2026-02-28,48,61.87,4,50.66,Standard,East,0
C0089,2026-02-28,5,34.07,0,29.63,Basic,East,0
C0090,2026-02-28,8,65.7,2,47.99,Standard,East,0
C0091,2026-02-28,58,43.55,3,40.73,Basic,South,0
C0092,2026-02-28,5,67.44,0,46.97,Standard,East,0
C0093,2026-02-28,21,67.49,1,33.92,Standard,West,0
C0094,2026-02-28,19,24.98,1,37.22,Basic,West,0
C0095,2026-02-28,44,31.9,0,39.12,Basic,East,0
C0096,2026-02-28,30,62.65,1,49.01,Standard,North,0
C0097,2026-02-28,29,39.54,1,21.88,Basic,East,1
C0098,2026-02-28,52,43.85,2,53.59,Basic,South,1
C0099,2026-02-28,11,35.51,0,60.35,Basic,East,0
C0100,2026-02-28,68,96.99,1,64.73,Premium,East,0
C0101,2026-02-28,23,95.67,2,48.39,Premium,West,0
C0102,2026-02-28,58,59.83,1,47.55,Standard,South,0
C0103,2026-02-28,54,38.8,0,46.01,Basic,West,0
C0104,2026-02-28,13,87.37,1,42.03,Premium,West,0
C0105,2026-02-28,48,75.11,0,52.92,Standard,South,0
C0106,2026-02-28,33,66.52,2,50.28,Standard,South,0
C0107,2026-02-28,46,69.46,0,53.98,Standard,East,0
C0108,2026-02-28,49,24.91,2,39.2,Basic,West,0
C0109,2026-02-28,46,34.85,1,42.14,Basic,East,0
C0110,2026-02-28,7,94.98,1,62.13,Premium,West,0
C0111,2026-02-28,66,74.62,3,56.72,Standard,South,0
C0112,2026-02-28,27,44.07,1,8.45,Basic,East,0
C0113,2026-02-28,65,34.67,0,35.68,Basic,South,0
C0114,2026-02-28,68,63.42,1,43.45,Standard,West,0
C0115,2026-02-28,62,36.9,1,17.89,Basic,South,0
C0116,2026-02-28,56,93.68,0,47.59,Premium,East,0
C0117,2026-02-28,33,60.86,1,48.14,Standard,North,0
C0118,2026-02-28,12,56.18,1,41.1,Standard,West,0
C0119,2026-02-28,58,66.18,1,48.05,Standard,South,0
C0120,2026-02-28,38,67.53,1,31.33,Standard,South,0
C0121,2026-02-28,32,56.78,1,45.76,Standard,East,0
C0122,2026-02-28,43,69.71,1,52.24,Standard,South,0
C0123,2026-02-28,18,35.49,2,28.69,Basic,West,0
C0124,2026-02-28,48,29.57,1,42.74,Basic,East,0
C0125,2026-02-28,44,34.62,0,17.21,Basic,East,0
C0126,2026-02-28,48,58.35,0,61.73,Standard,North,0
C0127,2026-02-28,3,34.0,4,43.23,Basic,North,0
C0128,2026-02-28,11,41.37,3,26.08,Basic,South,0
C0129,2026-02-28,44,34.3,1,36.86,Basic,West,0
C0130,2026-02-28,56,66.86,1,39.7,Standard,West,0
C0131,2026-02-28,22,29.69,2,48.99,Basic,East,0
C0132,2026-02-28,64,98.35,1,45.16,Premium,East,0
C0133,2026-02-28,32,68.98,0,47.2,Standard,South,0
C0134,2026-02-28,45,31.39,0,27.65,Basic,North,0
C0135,2026-02-28,14,68.92,0,37.05,Standard,North,0
C0136,2026-02-28,44,38.62,0,46.2,Basic,South,0
C0137,2026-02-28,69,91.29,0,49.85,Premium,South,0
C0138,2026-02-28,31,65.86,1,44.74,Standard,North,0
C0139,2026-02-28,45,57.29,1,51.44,Standard,South,0
C0140,2026-02-28,56,42.13,1,41.99,Basic,North,0
C0141,2026-02-28,15,60.97,0,44.43,Standard,East,0
C0142,2026-02-28,27,67.28,0,58.02,Standard,West,0
C0143,2026-02-28,22,98.05,0,35.29,Premium,East,0
C0144,2026-02-28,38,67.82,3,45.3,Standard,South,0
C0145,2026-02-28,18,64.67,1,51.29,Standard,South,0
C0146,2026-02-28,38,38.59,2,24.31,Basic,South,1
C0147,2026-02-28,54,35.82,0,56.2,Basic,North,0
C0148,2026-02-28,7,58.28,0,51.06,Standard,East,0
C0149,2026-02-28,3,58.38,0,55.98,Standard,East,0
C0150,2026-02-28,22,34.38,1,31.19,Basic,North,0
C0151,2026-02-28,9,94.59,2,56.67,Premium,South,0
C0152,2026-02-28,31,97.45,2,53.05,Premium,South,0
C0153,2026-02-28,11,32.18,0,41.3,Basic,North,0
C0154,2026-02-28,9,67.31,4,59.58,Standard,East,1
C0155,2026-02-28,43,41.71,2,47.08,Basic,East,0
C0156,2026-02-28,63,66.15,3,37.3,Standard,East,0
C0157,2026-02-28,37,,0,41.0,Basic,East,0
C0158,2026-02-28,7,64.49,0,52.75,Standard,West,0
C0159,2026-02-28,16,56.57,1,54.2,Standard,West,0
C0160,2026-02-28,8,43.05,0,53.72,Standard,East,0
C0161,2026-02-28,67,39.69,1,20.7,Basic,West,0
C0162,2026-02-28,27,100.75,0,46.87,Premium,South,0
C0163,2026-02-28,49,40.65,2,37.94,Basic,West,0
C0164,2026-02-28,51,35.22,1,14.32,Basic,West,0
C0165,2026-02-28,56,63.34,3,37.38,Standard,East,0
C0166,2026-02-28,58,40.01,3,37.68,Basic,West,0
C0167,2026-02-28,53,93.48,4,49.18,Premium,East,1
C0168,2026-02-28,41,99.25,2,27.56,Premium,East,0
C0169,2026-02-28,25,41.86,3,33.44,Basic,South,1
C0170,2026-02-28,26,93.65,1,61.33,Premium,West,0
C0171,2026-02-28,63,33.01,0,32.26,Basic,East,0
C0172,2026-02-28,23,65.1,2,51.24,Standard,West,0
C0173,2026-02-28,44,31.02,1,25.32,Basic,South,0
C0174,2026-02-28,21,107.85,0,67.86,Premium,West,0
C0175,2026-02-28,9,40.18,0,33.39,Basic,North,0
C0176,2026-02-28,4,35.76,2,55.51,Basic,North,0
C0177,2026-02-28,50,54.21,1,59.25,Standard,East,0
C0178,2026-02-28,52,93.32,0,66.86,Premium,East,0
C0179,2026-02-28,35,100.67,0,41.33,Premium,West,0
C0180,2026-02-28,13,67.6,1,42.93,Standard,South,0
C0181,2026-02-28,51,96.94,1,49.42,Premium,East,0
C0182,2026-02-28,68,90.64,0,63.33,Premium,East,0
C0183,2026-02-28,39,47.96,0,45.66,Standard,West,0
C0184,2026-02-28,60,33.26,1,43.08,Basic,East,0
C0185,2026-02-28,56,67.93,2,64.22,Standard,South,0
C0186,2026-02-28,57,65.58,1,45.56,Standard,West,0
C0187,2026-02-28,40,34.72,3,55.11,Basic,North,0
C0188,2026-02-28,43,31.36,0,33.26,Basic,West,0
C0189,2026-02-28,52,60.03,1,66.69,Standard,North,0
C0190,2026-02-28,58,31.12,1,41.24,Basic,South,0
C0191,2026-02-28,46,90.19,3,59.78,Premium,West,0
C0192,2026-02-28,47,44.46,0,25.42,Basic,East,0
C0193,2026-02-28,64,36.36,1,27.25,Basic,West,0
C0194,2026-02-28,26,88.35,1,55.22,Premium,East,1
C0195,2026-02-28,8,47.64,1,50.72,Basic,East,0
C0196,2026-02-28,13,36.04,0,31.82,Basic,South,0
C0197,2026-02-28,29,57.87,3,33.25,Standard,North,1
C0198,2026-02-28,6,98.66,2,47.95,Premium,North,0
C0199,2026-02-28,49,40.05,0,23.97,Basic,South,0
C0200,2026-02-28,27,30.79,0,13.82,Basic,North,0
C0201,2026-02-28,69,71.0,1,52.56,Standard,East,0
C0202,2026-02-28,41,,1,60.79,Premium,West,0
C0203,2026-02-28,12,65.11,5,45.77,Standard,West,1
C0204,2026-02-28,36,31.76,0,14.15,Basic,South,0
C0205,2026-02-28,50,38.91,2,34.98,Basic,West,0
C0206,2026-02-28,67,39.49,0,45.41,Basic,West,0
C0207,2026-02-28,31,40.93,1,54.61,Basic,West,0
C0208,2026-02-28,28,67.27,2,34.05,Standard,South,1
C0209,2026-02-28,54,43.59,2,34.16,Basic,South,0
C0210,2026-02-28,55,71.83,1,63.94,Standard,West,0
C0211,2026-02-28,20,67.64,0,48.28,Standard,North,0
C0212,2026-02-28,4,,2,48.6,Standard,South,0
C0213,2026-02-28,67,34.48,1,33.25,Basic,North,0
C0214,2026-02-28,62,97.64,0,56.83,Premium,West,0
C0215,2026-02-28,11,59.39,1,46.19,Standard,East,0
C0216,2026-02-28,38,55.8,0,40.77,Standard,North,0
C0217,2026-02-28,49,39.22,1,35.79,Basic,North,0
C0218,2026-02-28,57,23.63,0,40.68,Basic,East,0
C0219,2026-02-28,52,93.97,0,58.09,Premium,East,0
C0220,2026-02-28,28,41.21,1,31.37,Basic,West,0
C0221,2026-02-28,63,41.11,1,40.99,Basic,South,0
C0222,2026-02-28,68,67.19,1,52.43,Standard,West,0
C0223,2026-02-28,35,65.02,0,45.92,Standard,South,0
C0224,2026-02-28,29,91.25,1,36.34,Premium,West,0
C0225,2026-02-28,37,22.61,0,37.34,Basic,North,0
C0226,2026-02-28,19,84.38,2,40.58,Premium,North,0
C0227,2026-02-28,47,27.65,0,35.07,Basic,North,0
C0228,2026-02-28,15,58.09,0,35.67,Standard,South,0
C0229,2026-02-28,29,50.07,0,54.44,Standard,West,0
C0230,2026-02-28,55,37.05,1,25.42,Basic,North,0
C0231,2026-02-28,40,30.66,0,32.14,Basic,South,0
C0232,2026-02-28,33,34.17,1,36.7,Basic,North,0
C0233,2026-02-28,46,88.32,1,67.99,Premium,West,0
C0234,2026-02-28,43,53.99,1,52.25,Standard,East,0
C0235,2026-02-28,43,91.82,1,49.59,Premium,West,0
C0236,2026-02-28,27,105.67,1,61.28,Premium,East,0
C0237,2026-02-28,51,62.33,2,30.42,Standard,East,0
C0238,2026-02-28,45,74.95,2,38.63,Standard,West,0
C0239,2026-02-28,31,29.74,1,52.29,Basic,North,0
C0240,2026-02-28,36,30.65,0,35.59,Basic,West,0
C0241,2026-02-28,36,96.77,1,61.83,Premium,East,0
C0242,2026-02-28,53,59.58,1,45.12,Standard,East,0
C0243,2026-02-28,21,22.04,0,45.46,Basic,South,0
C0244,2026-02-28,41,60.94,1,19.78,Standard,West,0
C0245,2026-02-28,68,58.14,0,24.49,Standard,South,0
C0246,2026-02-28,58,93.32,3,48.45,Premium,North,0
C0247,2026-02-28,12,60.79,0,43.52,Standard,West,0
C0248,2026-02-28,14,32.2,1,45.27,Basic,North,0
C0249,2026-02-28,23,31.39,2,40.69,Basic,North,0
C0250,2026-02-28,65,61.49,0,28.32,Standard,East,0
C0251,2026-02-28,28,62.58,0,27.95,Standard,North,1
C0252,2026-02-28,60,93.68,1,32.97,Premium,West,0
C0253,2026-02-28,29,71.43,0,45.35,Standard,South,0
C0254,2026-02-28,52,39.46,0,36.15,Basic,North,0
C0255,2026-02-28,16,42.24,2,32.5,Basic,West,0
C0256,2026-02-28,41,62.74,2,59.48,Standard,East,0
C0257,2026-02-28,54,90.99,1,60.58,Premium,South,0
C0258,2026-02-28,21,33.23,2,27.16,Basic,East,0
C0259,2026-02-28,5,35.36,0,14.6,Basic,East,0
C0260,2026-02-28,67,64.67,2,37.22,Standard,North,0
C0261,2026-02-28,21,43.56,1,35.99,Basic,West,0
C0262,2026-02-28,10,95.17,1,51.95,Premium,South,0
C0263,2026-02-28,60,33.09,1,36.13,Basic,East,0
C0264,2026-02-28,53,34.14,3,25.37,Basic,West,0
C0265,2026-02-28,31,94.31,2,68.8,Premium,East,0
C0266,2026-02-28,52,35.68,0,24.62,Basic,East,0
C0267,2026-02-28,41,42.05,2,35.59,Basic,South,0
C0268,2026-02-28,26,31.87,0,18.71,Basic,North,0
C0269,2026-02-28,24,33.56,0,32.43,Basic,South,0
C0270,2026-02-28,50,42.43,1,47.18,Basic,West,0
C0271,2026-02-28,32,33.51,0,34.77,Basic,East,0
C0272,2026-02-28,54,35.05,1,43.93,Basic,South,0
C0273,2026-02-28,16,29.82,3,32.55,Basic,West,1
C0274,2026-02-28,12,62.58,0,43.89,Standard,West,0
C0275,2026-02-28,11,74.07,1,54.8,Standard,West,0
C0276,2026-02-28,52,32.14,1,39.91,Basic,South,0
C0277,2026-02-28,9,29.43,0,21.04,Basic,East,0
C0278,2026-02-28,33,65.26,2,34.53,Standard,East,0
C0279,2026-02-28,18,96.87,1,56.95,Premium,South,0
C0280,2026-02-28,29,98.72,2,55.96,Premium,South,0
C0281,2026-02-28,19,28.6,4,24.31,Basic,North,1
C0282,2026-02-28,42,42.43,2,27.75,Basic,South,0
C0283,2026-02-28,21,39.9,2,32.32,Basic,East,0
C0284,2026-02-28,48,39.95,2,28.31,Basic,West,0
C0285,2026-02-28,61,57.77,2,38.94,Standard,West,0
C0286,2026-02-28,53,37.75,0,31.74,Basic,North,0
C0287,2026-02-28,31,33.74,3,23.58,Basic,East,1
C0288,2026-02-28,26,34.39,1,56.77,Basic,North,0
C0289,2026-02-28,25,65.82,0,59.48,Standard,East,0
C0290,2026-02-28,60,36.9,1,26.51,Basic,South,0
C0291,2026-02-28,20,90.98,2,52.58,Premium,South,0
C0292,2026-02-28,42,35.04,2,41.47,Basic,East,1
C0293,2026-02-28,3,99.04,2,44.71,Premium,South,0
C0294,2026-02-28,34,40.38,0,22.48,Basic,West,0
C0295,2026-02-28,15,92.38,0,44.71,Premium,East,0
C0296,2026-02-28,23,98.12,2,55.34,Premium,West,0
C0297,2026-02-28,67,96.62,3,45.95,Premium,East,0
C0298,2026-02-28,42,89.14,1,58.1,Premium,South,0
C0299,2026-02-28,23,62.32,0,44.04,Standard,West,0
C0300,2026-02-28,61,74.57,2,30.67,Standard,South,0
C0301,2026-02-28,35,68.61,0,40.09,Standard,East,0
C0302,2026-02-28,26,34.09,1,28.11,Basic,North,0
C0303,2026-02-28,5,65.36,2,56.86,Standard,North,0
C0304,2026-02-28,39,64.52,4,54.34,Standard,East,1
C0305,2026-02-28,5,99.82,2,47.35,Premium,North,0
C0306,2026-02-28,68,60.48,2,32.33,Standard,West,0
C0307,2026-02-28,40,36.03,0,38.97,Basic,West,0
C0308,2026-02-28,4,72.1,0,58.18,Standard,East,0
C0309,2026-02-28,23,43.61,1,17.24,Basic,East,0
C0310,2026-02-28,3,42.32,0,37.84,Basic,East,0
C0311,2026-02-28,4,61.68,1,55.6,Standard,North,1
C0312,2026-02-28,21,33.62,3,40.47,Basic,South,1
C0313,2026-02-28,45,,2,54.92,Basic,South,0
C0314,2026-02-28,62,26.31,1,25.65,Basic,West,0
C0315,2026-02-28,53,33.76,0,33.2,Basic,North,0
C0316,2026-02-28,45,43.62,0,20.7,Basic,South,0
C0317,2026-02-28,37,31.15,1,12.06,Basic,South,0
C0318,2026-02-28,38,65.59,1,53.27,Standard,North,0
C0319,2026-02-28,66,49.0,3,35.38,Basic,North,0
C0320,2026-02-28,20,95.54,1,46.1,Premium,South,0
C0321,2026-02-28,70,97.07,0,37.09,Premium,North,0
C0322,2026-02-28,63,67.07,2,27.9,Standard,North,0
C0323,2026-02-28,27,36.05,1,38.48,Basic,South,0
C0324,2026-02-28,40,53.27,1,44.79,Standard,North,0
C0325,2026-02-28,41,87.75,0,64.26,Premium,East,0
C0326,2026-02-28,40,63.41,1,47.9,Standard,North,0
C0327,2026-02-28,32,92.83,0,61.16,Premium,South,0
C0328,2026-02-28,13,64.37,5,45.86,Standard,South,1
C0329,2026-02-28,7,64.17,1,56.93,Standard,West,0
C0330,2026-02-28,11,29.94,4,33.24,Basic,East,1
C0331,2026-02-28,65,59.26,1,51.94,Standard,West,0
C0332,2026-02-28,43,26.2,0,50.12,Basic,South,0
C0333,2026-02-28,8,64.29,2,58.46,Standard,South,0
C0334,2026-02-28,38,95.19,1,36.97,Premium,South,0
C0335,2026-02-28,64,31.95,0,40.26,Basic,West,0
C0336,2026-02-28,19,59.96,0,56.51,Standard,West,0
C0337,2026-02-28,36,38.6,1,42.69,Basic,West,0
C0338,2026-02-28,58,61.86,1,49.88,Standard,West,0
C0339,2026-02-28,37,37.91,1,43.46,Basic,East,0
C0340,2026-02-28,52,94.3,1,46.6,Premium,East,0
C0341,2026-02-28,26,31.46,0,41.56,Basic,West,0
C0342,2026-02-28,28,96.69,2,47.46,Premium,South,0
C0343,2026-02-28,24,93.39,1,51.71,Premium,South,0
C0344,2026-02-28,48,59.78,3,42.87,Standard,West,0
C0345,2026-02-28,52,60.17,0,39.38,Standard,South,0
C0346,2026-02-28,37,62.98,4,56.66,Standard,North,1
C0347,2026-02-28,46,91.41,3,78.74,Premium,East,0
C0348,2026-02-28,61,34.44,0,25.07,Basic,South,0
C0349,2026-02-28,63,64.31,3,44.7,Standard,West,0
C0350,2026-02-28,63,37.9,0,39.02,Basic,West,0
C0351,2026-02-28,42,69.1,1,41.59,Standard,South,0
C0352,2026-02-28,51,33.76,0,46.52,Basic,East,0
C0353,2026-02-28,28,63.55,1,46.42,Standard,West,1
C0354,2026-02-28,8,58.37,2,64.25,Standard,East,0
C0355,2026-02-28,12,69.01,1,45.01,Standard,North,0
C0356,2026-02-28,18,65.92,0,53.16,Standard,East,0
C0357,2026-02-28,52,64.77,2,14.34,Standard,East,0
C0358,2026-02-28,66,58.02,0,56.39,Standard,East,0
C0359,2026-02-28,9,56.37,1,57.53,Standard,North,0
C0360,2026-02-28,11,68.38,2,57.68,Standard,South,0
C0361,2026-02-28,59,102.4,3,38.13,Premium,West,0
C0362,2026-02-28,57,33.47,1,31.17,Basic,North,0
C0363,2026-02-28,44,31.01,1,37.59,Basic,South,0
C0364,2026-02-28,54,,0,39.29,Basic,South,0
C0365,2026-02-28,50,71.91,2,46.05,Standard,North,0
C0366,2026-02-28,19,43.84,1,46.52,Basic,North,0
C0367,2026-02-28,37,70.41,2,23.27,Standard,South,0
C0368,2026-02-28,40,59.23,3,53.61,Standard,West,0
C0369,2026-02-28,21,27.73,1,33.84,Basic,North,0
C0370,2026-02-28,22,91.38,1,52.94,Premium,South,0
C0371,2026-02-28,60,72.6,2,23.93,Standard,North,0
C0372,2026-02-28,14,38.36,1,44.59,Basic,East,0
C0373,2026-02-28,3,32.69,2,17.02,Basic,South,0
C0374,2026-02-28,50,32.3,1,43.06,Basic,West,0
C0375,2026-02-28,7,36.37,3,28.87,Basic,East,0
C0376,2026-02-28,20,36.03,3,36.3,Basic,West,0
C0377,2026-02-28,59,96.74,0,52.0,Premium,East,0
C0378,2026-02-28,58,61.05,1,64.4,Standard,South,0
C0379,2026-02-28,37,33.5,0,38.55,Basic,West,0
C0380,2026-02-28,28,74.44,1,44.9,Standard,South,0
C0381,2026-02-28,48,73.24,1,35.41,Standard,West,0
C0382,2026-02-28,44,,0,64.4,Premium,West,0
C0383,2026-02-28,20,57.79,2,50.56,Standard,East,0
C0384,2026-02-28,63,64.32,1,40.52,Standard,East,0
C0385,2026-02-28,25,35.61,1,34.88,Basic,South,0
C0386,2026-02-28,18,93.11,0,42.87,Premium,West,0
C0387,2026-02-28,61,64.82,0,43.34,Standard,East,0
C0388,2026-02-28,3,94.54,2,41.87,Premium,West,0
C0389,2026-02-28,44,29.67,2,36.47,Basic,South,0
C0390,2026-02-28,23,95.26,4,54.35,Premium,West,0
C0391,2026-02-28,17,75.69,0,69.91,Standard,South,0
C0392,2026-02-28,21,42.02,3,20.58,Basic,North,0
C0393,2026-02-28,56,58.26,1,39.18,Standard,North,0
C0394,2026-02-28,3,57.99,0,62.21,Standard,East,0
C0395,2026-02-28,32,34.04,3,44.98,Basic,South,0
C0396,2026-02-28,13,66.8,1,35.93,Standard,North,1
C0397,2026-02-28,22,98.83,1,61.93,Premium,South,0
C0398,2026-02-28,67,33.97,1,40.55,Basic,East,0
C0399,2026-02-28,69,53.22,1,46.58,Standard,South,0
C0400,2026-02-28,31,72.29,0,40.99,Standard,West,0
C0401,2026-02-28,30,42.13,2,37.24,Basic,West,0
C0402,2026-02-28,9,104.85,3,41.28,Premium,East,0
C0403,2026-02-28,61,58.89,0,43.98,Standard,West,0
C0404,2026-02-28,67,32.36,3,34.99,Basic,South,0
C0405,2026-02-28,34,89.78,2,49.4,Premium,North,1
C0406,2026-02-28,4,90.55,0,31.16,Premium,North,0
C0407,2026-02-28,33,27.1,1,37.87,Basic,West,0
C0408,2026-02-28,20,92.99,1,53.25,Premium,West,0
C0409,2026-02-28,35,30.96,1,32.91,Basic,East,0
C0410,2026-02-28,21,95.21,3,42.97,Premium,North,0
C0411,2026-02-28,62,64.1,1,34.03,Standard,South,0
C0412,2026-02-28,44,67.78,2,29.71,Standard,North,0
C0413,2026-02-28,64,24.24,1,37.91,Basic,North,0
C0414,2026-02-28,49,,1,66.91,Premium,North,0
C0415,2026-02-28,19,37.61,0,40.05,Basic,East,0
C0416,2026-02-28,24,48.06,0,33.73,Basic,North,0
C0417,2026-02-28,67,,4,40.05,Basic,West,1
C0418,2026-02-28,27,69.81,2,48.35,Standard,South,0
C0419,2026-02-28,37,30.44,2,34.06,Basic,South,0
C0420,2026-02-28,37,99.38,1,60.18,Premium,East,0
C0421,2026-02-28,17,64.79,1,44.38,Standard,West,0
C0422,2026-02-28,4,36.65,1,20.11,Basic,South,0
C0423,2026-02-28,60,41.2,1,26.46,Basic,North,0
C0424,2026-02-28,51,34.31,1,31.28,Basic,North,0
C0425,2026-02-28,15,69.95,1,28.85,Standard,West,0
C0426,2026-02-28,65,94.43,0,49.22,Premium,North,0
C0427,2026-02-28,45,35.83,1,35.84,Basic,East,0
C0428,2026-02-28,69,90.99,2,72.41,Premium,South,0
C0429,2026-02-28,58,34.05,0,22.1,Basic,West,0
C0430,2026-02-28,56,92.21,1,50.98,Premium,North,0
C0431,2026-02-28,4,99.55,1,38.3,Premium,West,0
C0432,2026-02-28,69,67.17,2,45.42,Standard,East,0
C0433,2026-02-28,46,74.01,0,46.95,Standard,South,0
C0434,2026-02-28,31,94.55,2,25.82,Premium,North,0
C0435,2026-02-28,11,38.87,0,39.24,Basic,West,0
C0436,2026-02-28,40,34.29,1,63.08,Basic,South,0
C0437,2026-02-28,8,41.93,0,40.64,Basic,South,0
C0438,2026-02-28,5,64.05,1,47.71,Standard,South,0
C0439,2026-02-28,41,60.47,3,57.77,Standard,North,0
C0440,2026-02-28,35,61.51,2,38.68,Standard,South,0
C0441,2026-02-28,23,99.16,0,42.71,Premium,North,0
C0442,2026-02-28,40,32.38,1,16.89,Basic,North,1
C0443,2026-02-28,38,59.36,2,49.27,Standard,South,0
C0444,2026-02-28,11,27.6,0,31.22,Basic,North,0
C0445,2026-02-28,68,34.67,1,31.14,Basic,South,0
C0446,2026-02-28,64,67.7,2,39.83,Standard,West,0
C0447,2026-02-28,38,96.9,2,44.36,Premium,North,0
C0448,2026-02-28,17,74.19,0,40.45,Standard,North,0
C0449,2026-02-28,13,23.29,0,44.56,Basic,North,0
C0450,2026-02-28,10,67.13,0,26.39,Standard,East,0
C0451,2026-02-28,70,33.47,3,46.94,Basic,South,0
C0452,2026-02-28,66,95.36,1,35.21,Premium,South,0
C0453,2026-02-28,61,67.11,0,41.81,Standard,North,0
C0454,2026-02-28,51,44.31,1,57.39,Basic,South,0
C0455,2026-02-28,21,32.05,2,42.06,Basic,South,0
C0456,2026-02-28,31,30.26,1,43.64,Basic,South,0
C0457,2026-02-28,42,97.72,0,36.73,Premium,East,0
C0458,2026-02-28,67,73.88,1,45.49,Standard,West,0
C0459,2026-02-28,28,63.77,2,44.53,Standard,South,0
C0460,2026-02-28,29,64.41,3,42.56,Standard,West,1
C0461,2026-02-28,34,61.35,0,35.11,Standard,East,0
C0462,2026-02-28,13,35.88,1,36.82,Basic,South,1
C0463,2026-02-28,8,93.61,1,46.39,Premium,North,0
C0464,2026-02-28,37,38.36,3,30.96,Basic,South,1
C0465,2026-02-28,48,74.86,2,38.53,Standard,East,0
C0466,2026-02-28,50,59.89,0,61.72,Standard,North,0
C0467,2026-02-28,22,64.02,0,36.02,Standard,West,0
C0468,2026-02-28,15,101.43,0,42.01,Premium,South,0
C0469,2026-02-28,50,24.38,1,29.1,Basic,West,0
C0470,2026-02-28,6,58.29,2,44.2,Standard,East,0
C0471,2026-02-28,64,34.8,1,39.68,Basic,South,0
C0472,2026-02-28,23,68.24,1,65.04,Standard,North,0
C0473,2026-02-28,4,31.37,1,40.53,Basic,East,0
C0474,2026-02-28,23,33.72,0,18.46,Basic,South,0
C0475,2026-02-28,66,34.55,5,36.03,Basic,North,0
C0476,2026-02-28,5,28.29,1,31.94,Basic,West,0
C0477,2026-02-28,49,61.18,0,44.35,Standard,South,0
C0478,2026-02-28,60,57.59,0,55.56,Standard,North,0
C0479,2026-02-28,5,62.65,5,36.02,Standard,South,0
C0480,2026-02-28,28,36.07,4,38.72,Basic,South,1
C0481,2026-02-28,29,40.24,4,29.2,Basic,West,0
C0482,2026-02-28,24,40.39,3,20.5,Basic,East,1
C0483,2026-02-28,70,,0,34.78,Standard,North,0
C0484,2026-02-28,31,41.24,2,32.96,Basic,North,1
C0485,2026-02-28,51,33.37,2,39.14,Basic,East,0
C0486,2026-02-28,3,31.78,0,39.78,Basic,North,0
C0487,2026-02-28,34,,1,56.39,Standard,South,0
C0488,2026-02-28,7,35.74,0,61.61,Basic,North,0
C0489,2026-02-28,70,61.85,0,32.56,Standard,North,0
C0490,2026-02-28,55,62.13,2,33.76,Standard,West,0
C0491,2026-02-28,31,67.33,2,36.11,Standard,North,0
C0492,2026-02-28,46,63.98,1,31.34,Standard,North,0
C0493,2026-02-28,28,56.05,3,36.76,Standard,West,0
C0494,2026-02-28,70,36.15,1,27.21,Basic,North,0
C0495,2026-02-28,29,69.85,1,31.67,Standard,West,0
C0496,2026-02-28,19,69.8,0,44.49,Standard,North,0
C0497,2026-02-28,5,51.81,1,26.53,Standard,North,0
C0498,2026-02-28,32,62.7,2,60.03,Standard,North,0
C0499,2026-02-28,4,42.76,2,21.25,Basic,East,1
C0500,2026-02-28,39,64.02,2,63.77,Standard,East,0
C0501,2026-02-28,27,66.49,2,48.9,Standard,South,0
C0502,2026-02-28,13,95.67,2,57.07,Premium,North,0
C0503,2026-02-28,43,97.07,3,43.3,Premium,North,0
C0504,2026-02-28,58,57.71,1,57.89,Standard,East,0
C0505,2026-02-28,6,52.0,0,57.85,Standard,North,0
C0506,2026-02-28,64,64.04,1,47.6,Standard,East,0
C0507,2026-02-28,22,26.07,3,28.21,Basic,East,1
C0508,2026-02-28,3,104.88,2,48.97,Premium,West,0
C0509,2026-02-28,38,64.93,2,28.4,Standard,South,0
C0510,2026-02-28,51,39.26,2,42.75,Basic,North,0
C0511,2026-02-28,61,34.91,2,53.52,Basic,South,0
C0512,2026-02-28,15,92.38,0,59.76,Premium,West,0
C0513,2026-02-28,50,33.72,0,19.23,Basic,East,0
C0514,2026-02-28,35,36.65,1,27.32,Basic,East,0
C0515,2026-02-28,44,33.48,1,42.24,Basic,South,0
C0516,2026-02-28,20,39.8,1,45.51,Basic,North,0
C0517,2026-02-28,41,36.2,0,44.93,Basic,West,0
C0518,2026-02-28,70,60.88,0,24.01,Standard,West,0
C0519,2026-02-28,31,25.58,1,39.01,Basic,West,0
C0520,2026-02-28,50,92.25,2,65.31,Premium,West,0
C0001,2026-03-31,4,69.51,1,55.89,Standard,East,0
C0002,2026-03-31,22,61.53,2,58.38,Standard,West,0
C0003,2026-03-31,23,88.59,3,50.76,Premium,South,1
C0004,2026-03-31,20,63.56,1,45.61,Standard,South,1
C0005,2026-03-31,71,27.4,0,28.66,Basic,East,0
C0006,2026-03-31,21,89.31,3,51.86,Premium,North,0
C0007,2026-03-31,9,62.53,1,46.5,Standard,North,0
C0008,2026-03-31,8,65.46,2,59.07,Standard,East,0
C0009,2026-03-31,35,30.48,0,38.46,Basic,East,0
C0010,2026-03-31,43,70.61,4,50.57,Standard,North,0
C0011,2026-03-31,14,24.67,1,51.49,Basic,East,0
C0012,2026-03-31,28,89.58,2,37.71,Premium,South,0
C0013,2026-03-31,49,62.82,3,33.27,Standard,East,1
C0014,2026-03-31,30,84.77,1,64.0,Premium,West,0
C0015,2026-03-31,21,58.51,1,49.66,Standard,North,0
C0016,2026-03-31,46,24.84,0,41.19,Basic,West,0
C0017,2026-03-31,54,62.29,1,35.18,Standard,South,0
C0018,2026-03-31,67,37.4,1,34.9,Basic,West,0
C0019,2026-03-31,32,96.23,0,64.81,Premium,South,0
C0020,2026-03-31,21,64.54,2,58.71,Standard,South,0
C0021,2026-03-31,59,66.73,0,47.2,Standard,West,0
C0022,2026-03-31,9,33.83,0,33.12,Basic,East,0
C0023,2026-03-31,38,92.72,2,48.68,Premium,North,0
C0024,2026-03-31,69,89.02,1,40.69,Premium,East,0
C0025,2026-03-31,36,67.81,2,43.97,Standard,West,0
C0026,2026-03-31,62,28.18,0,38.73,Basic,South,0
C0027,2026-03-31,71,67.36,1,33.71,Standard,West,0
C0028,2026-03-31,42,29.82,3,35.29,Basic,East,0
C0029,2026-03-31,10,35.77,0,32.56,Basic,South,0
C0030,2026-03-31,28,68.37,0,37.27,Standard,North,0
C0031,2026-03-31,22,66.41,1,57.09,Standard,East,0
C0032,2026-03-31,68,93.87,3,36.61,Premium,North,1
C0033,2026-03-31,51,37.88,2,48.5,Basic,West,0
C0034,2026-03-31,62,26.54,3,55.38,Basic,East,0
C0035,2026-03-31,37,70.14,1,42.57,Standard,South,0
C0036,2026-03-31,51,34.76,2,9.53,Basic,North,0
C0037,2026-03-31,14,32.19,3,28.91,Basic,East,1
C0038,2026-03-31,19,68.8,2,53.03,Standard,North,0
C0039,2026-03-31,10,29.23,0,20.6,Basic,South,0
C0040,2026-03-31,37,58.09,0,35.95,Standard,West,0
C0041,2026-03-31,56,61.32,2,43.63,Standard,West,0
C0042,2026-03-31,12,105.19,0,60.16,Premium,West,0
C0043,2026-03-31,4,61.29,0,37.32,Standard,West,0
C0044,2026-03-31,62,29.36,0,34.58,Basic,East,0
C0045,2026-03-31,19,86.54,0,58.28,Premium,North,0
C0046,2026-03-31,51,97.92,1,71.12,Premium,West,0
C0047,2026-03-31,67,27.01,2,34.41,Basic,West,0
C0048,2026-03-31,12,26.81,2,38.7,Basic,West,0
C0049,2026-03-31,56,67.97,2,34.36,Standard,East,0
C0050,2026-03-31,51,38.73,0,51.36,Basic,North,0
C0051,2026-03-31,33,35.21,0,34.15,Basic,East,0
C0052,2026-03-31,56,34.89,1,41.17,Basic,South,0
C0053,2026-03-31,13,66.67,0,45.1,Standard,West,0
C0054,2026-03-31,60,60.33,4,39.07,Standard,South,0
C0055,2026-03-31,42,67.3,1,48.44,Standard,South,0
C0056,2026-03-31,41,73.65,1,54.05,Standard,North,0
C0057,2026-03-31,19,65.04,1,49.71,Standard,West,0
C0058,2026-03-31,44,64.66,1,31.34,Standard,West,0
C0059,2026-03-31,19,27.95,2,38.47,Basic,North,0
C0060,2026-03-31,6,36.24,2,46.81,Basic,South,0
C0061,2026-03-31,53,62.75,0,35.18,Standard,South,0
C0062,2026-03-31,46,64.07,1,32.36,Standard,South,0
C0063,2026-03-31,52,60.75,1,47.76,Standard,West,0
C0064,2026-03-31,31,72.49,2,44.57,Standard,North,0
C0065,2026-03-31,12,69.72,1,52.78,Standard,South,0
C0066,2026-03-31,32,67.63,0,63.4,Standard,North,0
C0067,2026-03-31,5,64.34,1,42.08,Standard,North,0
C0068,2026-03-31,68,,1,41.55,Basic,West,0
C0069,2026-03-31,55,20.52,0,64.22,Basic,West,0
C0070,2026-03-31,29,69.41,1,45.95,Standard,North,0
C0071,2026-03-31,6,41.32,1,27.66,Basic,East,0
C0072,2026-03-31,7,30.23,0,39.81,Basic,North,0
C0073,2026-03-31,7,98.54,5,66.11,Premium,North,0
C0074,2026-03-31,9,30.66,0,43.96,Basic,South,0
C0075,2026-03-31,48,30.05,1,25.04,Basic,North,0
C0076,2026-03-31,29,40.18,1,58.46,Basic,South,0
C0077,2026-03-31,13,38.46,1,61.07,Basic,West,1
C0078,2026-03-31,31,62.33,1,38.34,Standard,East,1
C0079,2026-03-31,11,64.75,2,60.93,Standard,East,0
C0080,2026-03-31,27,64.45,2,40.89,Standard,South,0
C0081,2026-03-31,25,67.71,1,41.38,Standard,North,0
C0082,2026-03-31,6,39.61,1,44.32,Basic,North,1
C0083,2026-03-31,56,101.6,1,48.63,Premium,South,0
C0084,2026-03-31,67,28.52,1,40.12,Basic,North,0
C0085,2026-03-31,15,42.55,2,57.49,Basic,West,0
C0086,2026-03-31,18,34.39,2,35.76,Basic,West,0
C0087,2026-03-31,54,66.96,0,45.79,Standard,West,0
C0088,2026-03-31,13,59.91,1,43.18,Standard,East,0
C0089,2026-03-31,60,32.13,1,33.32,Basic,East,0
C0090,2026-03-31,11,70.39,1,54.65,Standard,East,0
C0091,2026-03-31,41,31.56,0,32.54,Basic,South,0
C0092,2026-03-31,26,58.81,1,56.67,Standard,East,0
C0093,2026-03-31,32,67.09,2,22.33,Standard,West,1
C0094,2026-03-31,31,38.3,2,40.41,Basic,West,0
C0095,2026-03-31,11,40.53,1,31.79,Basic,East,0
C0096,2026-03-31,33,67.49,4,40.88,Standard,North,0
C0097,2026-03-31,70,35.0,3,34.2,Basic,East,0
C0098,2026-03-31,60,37.04,1,43.51,Basic,South,0
C0099,2026-03-31,16,28.73,0,51.84,Basic,East,0
C0100,2026-03-31,26,97.88,2,60.53,Premium,East,0
C0101,2026-03-31,43,94.51,0,42.63,Premium,West,0
C0102,2026-03-31,44,66.16,2,51.33,Standard,South,0
C0103,2026-03-31,52,42.36,1,43.64,Basic,West,1
C0104,2026-03-31,55,101.54,1,33.87,Premium,West,0
C0105,2026-03-31,22,71.56,0,43.15,Standard,South,0
C0106,2026-03-31,70,57.23,3,50.65,Standard,South,0
C0107,2026-03-31,43,71.69,1,52.3,Standard,East,0
C0108,2026-03-31,38,48.77,2,41.89,Basic,West,0
C0109,2026-03-31,35,33.43,0,35.66,Basic,East,0
C0110,2026-03-31,34,89.97,5,71.47,Premium,West,0
C0111,2026-03-31,40,65.89,2,54.94,Standard,South,0
C0112,2026-03-31,67,32.43,1,10.86,Basic,East,0
C0113,2026-03-31,63,,1,36.72,Basic,South,0
C0114,2026-03-31,44,65.04,1,41.98,Standard,West,0
C0115,2026-03-31,42,37.4,2,24.5,Basic,South,0
C0116,2026-03-31,30,85.72,2,54.13,Premium,East,0
C0117,2026-03-31,20,66.19,1,56.14,Standard,North,0
C0118,2026-03-31,51,73.16,2,47.41,Standard,West,0
C0119,2026-03-31,13,57.23,0,48.55,Standard,South,0
C0120,2026-03-31,21,62.07,1,31.63,Standard,South,0
C0121,2026-03-31,54,63.33,3,41.14,Standard,East,0
C0122,2026-03-31,48,54.08,1,47.36,Standard,South,0
C0123,2026-03-31,15,39.37,1,31.62,Basic,West,0
C0124,2026-03-31,20,37.26,4,37.28,Basic,East,1
C0125,2026-03-31,47,26.04,1,25.76,Basic,East,0
C0126,2026-03-31,21,55.2,0,72.38,Standard,North,0
C0127,2026-03-31,20,35.92,1,45.08,Basic,North,0
C0128,2026-03-31,33,31.3,1,34.56,Basic,South,0
C0129,2026-03-31,48,37.49,1,39.82,Basic,West,0
C0130,2026-03-31,33,63.04,1,39.11,Standard,West,0
C0131,2026-03-31,21,34.56,2,53.69,Basic,East,0
C0132,2026-03-31,14,98.28,1,46.51,Premium,East,0
C0133,2026-03-31,12,66.44,1,46.28,Standard,South,0
C0134,2026-03-31,17,35.23,2,36.23,Basic,North,0
C0135,2026-03-31,35,61.49,1,41.85,Standard,North,1
C0136,2026-03-31,11,38.75,0,48.51,Basic,South,0
C0137,2026-03-31,17,96.32,2,63.62,Premium,South,0
C0138,2026-03-31,25,75.05,2,45.23,Standard,North,0
C0139,2026-03-31,48,66.65,1,44.53,Standard,South,0
C0140,2026-03-31,37,32.33,1,44.55,Basic,North,0
C0141,2026-03-31,23,61.06,1,45.26,Standard,East,0
C0142,2026-03-31,44,67.03,0,68.87,Standard,West,0
C0143,2026-03-31,59,96.02,1,31.72,Premium,East,0
C0144,2026-03-31,56,63.87,0,57.5,Standard,South,0
C0145,2026-03-31,15,63.25,2,57.72,Standard,South,0
C0146,2026-03-31,6,37.29,1,40.6,Basic,South,1
C0147,2026-03-31,32,42.44,1,68.11,Basic,North,0
C0148,2026-03-31,22,61.23,0,56.01,Standard,East,0
C0149,2026-03-31,45,57.65,0,53.28,Standard,East,1
C0150,2026-03-31,52,33.15,0,32.39,Basic,North,0
C0151,2026-03-31,71,95.48,2,52.06,Premium,South,0
C0152,2026-03-31,6,102.76,2,49.91,Premium,South,0
C0153,2026-03-31,44,38.66,2,44.75,Basic,North,0
C0154,2026-03-31,29,,1,55.73,Standard,East,0
C0155,2026-03-31,62,33.7,1,35.29,Basic,East,0
C0156,2026-03-31,42,66.03,4,46.91,Standard,East,1
C0157,2026-03-31,14,29.82,0,52.21,Basic,East,0
C0158,2026-03-31,30,70.05,1,51.82,Standard,West,0
C0159,2026-03-31,10,60.52,0,45.85,Standard,West,0
C0160,2026-03-31,42,67.28,2,47.38,Standard,East,0
C0161,2026-03-31,5,35.16,1,26.55,Basic,West,0
C0162,2026-03-31,20,96.49,0,36.61,Premium,South,0
C0163,2026-03-31,62,38.53,2,26.61,Basic,West,0
C0164,2026-03-31,59,33.99,1,23.67,Basic,West,0
C0165,2026-03-31,68,65.75,0,50.83,Standard,East,0
C0166,2026-03-31,23,32.22,0,41.38,Basic,West,0
C0167,2026-03-31,71,92.48,4,60.98,Premium,East,0
C0168,2026-03-31,59,77.35,2,26.73,Premium,East,0
C0169,2026-03-31,43,29.49,2,30.86,Basic,South,0
C0170,2026-03-31,63,94.07,0,58.16,Premium,West,0
C0171,2026-03-31,42,31.74,1,37.26,Basic,East,0
C0172,2026-03-31,48,66.25,0,52.55,Standard,West,0
C0173,2026-03-31,50,34.34,3,23.83,Basic,South,0
C0174,2026-03-31,59,102.35,1,66.45,Premium,West,0
C0175,2026-03-31,25,29.35,0,37.4,Basic,North,0
C0176,2026-03-31,18,33.16,0,44.03,Basic,North,0
C0177,2026-03-31,35,63.8,2,66.46,Standard,East,0
C0178,2026-03-31,31,95.4,1,71.4,Premium,East,0
C0179,2026-03-31,22,93.37,1,36.99,Premium,West,0
C0180,2026-03-31,67,71.98,1,44.14,Standard,South,0
C0181,2026-03-31,18,93.14,1,48.26,Premium,East,0
C0182,2026-03-31,20,94.19,0,57.1,Premium,East,0
C0183,2026-03-31,51,58.18,2,51.07,Standard,West,0
C0184,2026-03-31,27,31.99,1,40.45,Basic,East,0
C0185,2026-03-31,69,58.27,1,56.54,Standard,South,0
C0186,2026-03-31,21,71.18,1,41.27,Standard,West,0
C0187,2026-03-31,21,36.94,2,70.14,Basic,North,0
C0188,2026-03-31,54,29.07,3,40.41,Basic,West,0
C0189,2026-03-31,49,64.27,0,63.47,Standard,North,0
C0190,2026-03-31,13,32.22,1,48.66,Basic,South,0
C0191,2026-03-31,19,91.1,1,56.16,Premium,West,0
C0192,2026-03-31,24,25.88,2,20.53,Basic,East,1
C0193,2026-03-31,22,35.28,1,27.92,Basic,West,0
C0194,2026-03-31,52,91.57,3,63.59,Premium,East,0
C0195,2026-03-31,55,32.47,0,47.56,Basic,East,0
C0196,2026-03-31,9,27.52,1,37.35,Basic,South,0
C0197,2026-03-31,70,66.5,0,28.66,Standard,North,0
C0198,2026-03-31,54,81.45,1,42.55,Premium,North,0
C0199,2026-03-31,59,42.6,3,17.33,Basic,South,0
C0200,2026-03-31,67,41.9,0,22.92,Basic,North,0
C0201,2026-03-31,63,69.08,1,50.82,Standard,East,0
C0202,2026-03-31,41,93.68,2,60.38,Premium,West,0
C0203,2026-03-31,63,73.79,2,48.54,Standard,West,0
C0204,2026-03-31,59,38.74,2,10.21,Basic,South,0
C0205,2026-03-31,35,38.5,2,37.3,Basic,West,0
C0206,2026-03-31,31,34.41,0,28.16,Basic,West,0
C0207,2026-03-31,51,35.67,0,48.61,Basic,West,0
C0208,2026-03-31,45,62.12,2,27.7,Standard,South,0
C0209,2026-03-31,22,41.17,3,41.84,Basic,South,0
C0210,2026-03-31,60,59.26,2,54.27,Standard,West,0
C0211,2026-03-31,52,63.09,1,52.36,Standard,North,0
C0212,2026-03-31,49,69.47,1,58.06,Standard,South,0
C0213,2026-03-31,67,37.75,1,29.65,Basic,North,1
C0214,2026-03-31,26,88.25,0,58.28,Premium,West,0
C0215,2026-03-31,54,72.87,2,47.92,Standard,East,0
C0216,2026-03-31,32,73.79,1,35.97,Standard,North,0
C0217,2026-03-31,70,41.35,2,48.82,Basic,North,0
C0218,2026-03-31,39,45.55,1,21.33,Basic,East,0
C0219,2026-03-31,57,85.02,2,61.95,Premium,East,0
C0220,2026-03-31,36,40.31,3,42.18,Basic,West,0
C0221,2026-03-31,28,29.53,0,31.38,Basic,South,0
C0222,2026-03-31,45,59.16,1,47.36,Standard,West,0
C0223,2026-03-31,59,69.44,1,36.95,Standard,South,0
C0224,2026-03-31,46,100.27,1,52.42,Premium,West,0
C0225,2026-03-31,7,22.39,0,28.95,Basic,North,0
C0226,2026-03-31,29,93.16,3,32.92,Premium,North,0
C0227,2026-03-31,7,26.64,3,43.45,Basic,North,1
C0228,2026-03-31,26,64.1,0,40.84,Standard,South,0
C0229,2026-03-31,32,57.24,0,51.99,Standard,West,0
C0230,2026-03-31,5,29.35,2,29.16,Basic,North,0
C0231,2026-03-31,54,24.94,4,33.94,Basic,South,1
C0232,2026-03-31,70,36.04,1,21.61,Basic,North,0
C0233,2026-03-31,23,90.02,0,54.72,Premium,West,0
C0234,2026-03-31,20,72.13,1,46.73,Standard,East,0
C0235,2026-03-31,67,102.19,0,44.08,Premium,West,0
C0236,2026-03-31,32,95.5,0,52.9,Premium,East,0
C0237,2026-03-31,64,56.58,2,14.37,Standard,East,0
C0238,2026-03-31,70,72.41,1,48.89,Standard,West,0
C0239,2026-03-31,57,37.06,1,53.11,Basic,North,0
C0240,2026-03-31,57,40.76,0,41.39,Basic,West,0
C0241,2026-03-31,11,107.04,2,54.86,Premium,East,0
C0242,2026-03-31,57,57.82,1,59.75,Standard,East,0
C0243,2026-03-31,4,35.49,3,43.5,Basic,South,1
C0244,2026-03-31,27,58.52,2,24.35,Standard,West,1
C0245,2026-03-31,15,64.4,3,27.18,Standard,South,0
C0246,2026-03-31,52,91.67,2,61.15,Premium,North,0
C0247,2026-03-31,70,67.46,3,26.31,Standard,West,0
C0248,2026-03-31,66,32.39,1,44.44,Basic,North,0
C0249,2026-03-31,58,33.58,0,33.81,Basic,North,0
C0250,2026-03-31,51,56.48,2,25.64,Standard,East,0
C0251,2026-03-31,61,56.07,0,39.97,Standard,North,0
C0252,2026-03-31,42,92.77,1,34.63,Premium,West,0
C0253,2026-03-31,65,65.79,0,40.09,Standard,South,0
C0254,2026-03-31,42,35.88,1,29.47,Basic,North,0
C0255,2026-03-31,26,39.67,1,32.66,Basic,West,1
C0256,2026-03-31,50,60.89,2,55.36,Standard,East,0
C0257,2026-03-31,15,97.05,1,59.64,Premium,South,0
C0258,2026-03-31,60,39.76,0,39.44,Basic,East,0
C0259,2026-03-31,5,33.07,2,17.9,Basic,East,0
C0260,2026-03-31,43,69.82,1,54.16,Standard,North,0
C0261,2026-03-31,8,30.28,1,40.91,Basic,West,0
C0262,2026-03-31,48,97.11,2,51.37,Premium,South,0
C0263,2026-03-31,6,41.41,1,43.71,Basic,East,0
C0264,2026-03-31,56,33.53,0,33.68,Basic,West,0
C0265,2026-03-31,12,99.62,1,77.74,Premium,East,0
C0266,2026-03-31,15,34.69,3,30.53,Basic,East,0
C0267,2026-03-31,21,32.73,0,36.4,Basic,South,0
C0268,2026-03-31,41,33.66,3,19.7,Basic,North,0
C0269,2026-03-31,56,25.68,1,29.68,Basic,South,0
C0270,2026-03-31,52,,1,62.47,Basic,West,0
C0271,2026-03-31,34,30.29,2,34.22,Basic,East,0
C0272,2026-03-31,54,39.32,2,42.25,Basic,South,0
C0273,2026-03-31,22,41.44,0,33.02,Basic,West,0
C0274,2026-03-31,37,66.04,1,44.89,Standard,West,0
C0275,2026-03-31,16,62.9,2,52.52,Standard,West,0
C0276,2026-03-31,42,37.35,1,24.82,Basic,South,0
C0277,2026-03-31,45,38.07,2,18.25,Basic,East,0
C0278,2026-03-31,58,64.2,2,37.61,Standard,East,0
C0279,2026-03-31,17,98.15,0,56.13,Premium,South,0
C0280,2026-03-31,20,99.04,1,57.24,Premium,South,0
C0281,2026-03-31,23,46.76,2,16.84,Basic,North,1
C0282,2026-03-31,70,34.02,3,31.11,Basic,South,0
C0283,2026-03-31,55,26.56,2,27.94,Basic,East,0
C0284,2026-03-31,65,37.64,0,27.96,Basic,West,0
C0285,2026-03-31,34,64.99,2,37.44,Standard,West,0
C0286,2026-03-31,50,26.82,0,23.93,Basic,North,0
C0287,2026-03-31,20,37.87,1,26.84,Basic,East,0
C0288,2026-03-31,33,31.85,1,44.61,Basic,North,0
C0289,2026-03-31,62,65.37,1,46.76,Standard,East,0
C0290,2026-03-31,6,35.93,1,40.36,Basic,South,0
C0291,2026-03-31,24,85.63,1,54.46,Premium,South,0
C0292,2026-03-31,37,43.39,0,50.11,Basic,East,0
C0293,2026-03-31,37,90.92,1,43.9,Premium,South,0
C0294,2026-03-31,39,25.32,0,32.03,Basic,West,0
C0295,2026-03-31,6,89.41,0,47.06,Premium,East,0
C0296,2026-03-31,11,91.16,2,47.51,Premium,West,0
C0297,2026-03-31,59,93.09,1,45.6,Premium,East,0
C0298,2026-03-31,48,93.4,0,53.27,Premium,South,0
C0299,2026-03-31,54,79.8,1,49.72,Standard,West,0
C0300,2026-03-31,7,71.68,1,35.51,Standard,South,0
C0301,2026-03-31,27,63.7,0,45.28,Standard,East,0
C0302,2026-03-31,62,34.13,1,32.64,Basic,North,0
C0303,2026-03-31,18,67.7,0,53.42,Standard,North,0
C0304,2026-03-31,36,66.32,1,49.48,Standard,East,0
C0305,2026-03-31,42,87.3,1,54.31,Premium,North,0
C0306,2026-03-31,68,61.38,2,29.83,Standard,West,1
C0307,2026-03-31,51,28.35,2,41.53,Basic,West,0
C0308,2026-03-31,8,59.81,2,47.61,Standard,East,0
C0309,2026-03-31,70,34.02,1,13.06,Basic,East,1
C0310,2026-03-31,57,30.87,2,43.42,Basic,East,0
C0311,2026-03-31,63,75.09,0,50.86,Standard,North,0
C0312,2026-03-31,64,30.63,1,30.13,Basic,South,0
C0313,2026-03-31,24,30.53,3,39.04,Basic,South,0
C0314,2026-03-31,15,29.29,2,24.51,Basic,West,0
C0315,2026-03-31,22,30.57,3,32.8,Basic,North,0
C0316,2026-03-31,69,41.55,1,29.66,Basic,South,0
C0317,2026-03-31,11,37.02,1,25.05,Basic,South,0
C0318,2026-03-31,31,57.83,0,63.19,Standard,North,0
C0319,2026-03-31,4,38.27,1,20.88,Basic,North,0
C0320,2026-03-31,14,93.66,1,46.54,Premium,South,0
C0321,2026-03-31,27,93.68,0,45.41,Premium,North,0
C0322,2026-03-31,8,62.9,0,33.96,Standard,North,0
C0323,2026-03-31,33,38.65,1,30.59,Basic,South,1
C0324,2026-03-31,45,68.47,1,31.01,Standard,North,1
C0325,2026-03-31,8,88.89,2,53.63,Premium,East,0
C0326,2026-03-31,53,63.57,0,54.74,Standard,North,0
C0327,2026-03-31,16,103.11,1,51.6,Premium,South,1
C0328,2026-03-31,29,65.51,1,51.32,Standard,South,0
C0329,2026-03-31,12,69.74,3,59.04,Standard,West,0
C0330,2026-03-31,43,29.86,3,20.68,Basic,East,0
C0331,2026-03-31,7,64.41,0,53.55,Standard,West,0
C0332,2026-03-31,39,31.86,1,44.37,Basic,South,0
C0333,2026-03-31,69,56.77,1,62.51,Standard,South,0
C0334,2026-03-31,48,92.67,2,54.71,Premium,South,0
C0335,2026-03-31,25,32.92,0,34.48,Basic,West,0
C0336,2026-03-31,59,65.03,1,64.58,Standard,West,0
C0337,2026-03-31,49,38.18,0,36.52,Basic,West,0
C0338,2026-03-31,65,63.79,0,37.92,Standard,West,0
C0339,2026-03-31,68,33.16,1,43.75,Basic,East,0
C0340,2026-03-31,7,98.76,0,45.14,Premium,East,0
C0341,2026-03-31,6,,1,40.3,Basic,West,1
C0342,2026-03-31,33,94.85,1,54.1,Premium,South,0
C0343,2026-03-31,10,98.28,3,53.41,Premium,South,0
C0344,2026-03-31,64,69.78,1,47.25,Standard,West,0
C0345,2026-03-31,51,68.32,2,33.26,Standard,South,0
C0346,2026-03-31,52,66.14,2,53.89,Standard,North,0
C0347,2026-03-31,42,94.51,2,82.59,Premium,East,0
C0348,2026-03-31,41,44.35,1,28.02,Basic,South,0
C0349,2026-03-31,20,61.09,2,48.9,Standard,West,0
C0350,2026-03-31,45,35.06,0,33.8,Basic,West,0
C0351,2026-03-31,26,68.9,1,53.72,Standard,South,0
C0352,2026-03-31,15,39.77,0,31.98,Basic,East,0
C0353,2026-03-31,39,68.54,1,56.55,Standard,West,0
C0354,2026-03-31,15,71.2,2,54.89,Standard,East,0
C0355,2026-03-31,4,69.77,3,43.86,Standard,North,0
C0356,2026-03-31,4,56.5,0,50.54,Standard,East,0
C0357,2026-03-31,46,58.16,2,28.54,Standard,East,0
C0358,2026-03-31,44,61.22,2,66.04,Standard,East,0
C0359,2026-03-31,23,70.93,0,47.87,Standard,North,0
C0360,2026-03-31,32,62.06,1,67.75,Standard,South,0
C0361,2026-03-31,51,102.04,2,40.37,Premium,West,0
C0362,2026-03-31,6,36.78,1,31.83,Basic,North,0
C0363,2026-03-31,29,28.82,1,43.52,Basic,South,0
C0364,2026-03-31,52,26.13,0,42.04,Basic,South,0
C0365,2026-03-31,17,60.89,0,55.27,Standard,North,0
C0366,2026-03-31,41,41.15,2,46.97,Basic,North,0
C0367,2026-03-31,20,65.21,1,24.02,Standard,South,1
C0368,2026-03-31,35,62.53,1,52.29,Standard,West,0
C0369,2026-03-31,49,39.51,2,28.67,Basic,North,0
C0370,2026-03-31,10,97.23,0,52.15,Premium,South,0
C0371,2026-03-31,28,75.11,4,41.45,Standard,North,0
C0372,2026-03-31,71,40.51,1,41.55,Basic,East,0
C0373,2026-03-31,5,37.06,0,3.59,Basic,South,0
C0374,2026-03-31,25,37.61,1,41.46,Basic,West,0
C0375,2026-03-31,28,25.85,1,16.37,Basic,East,0
C0376,2026-03-31,30,31.75,0,39.84,Basic,West,0
C0377,2026-03-31,71,97.21,2,55.81,Premium,East,0
C0378,2026-03-31,47,64.01,1,56.15,Standard,South,0
C0379,2026-03-31,60,36.93,2,29.69,Basic,West,0
C0380,2026-03-31,63,66.14,3,44.23,Standard,South,0
C0381,2026-03-31,27,65.59,1,32.97,Standard,West,0
C0382,2026-03-31,46,89.63,2,64.09,Premium,West,0
C0383,2026-03-31,58,64.41,0,51.27,Standard,East,0
C0384,2026-03-31,61,62.75,4,46.75,Standard,East,0
C0385,2026-03-31,22,33.09,0,32.61,Basic,South,0
C0386,2026-03-31,69,97.7,2,31.29,Premium,West,0
C0387,2026-03-31,4,66.74,2,49.41,Standard,East,0
C0388,2026-03-31,52,97.28,3,29.89,Premium,West,1
C0389,2026-03-31,15,35.59,3,47.95,Basic,South,0
C0390,2026-03-31,14,99.13,5,52.72,Premium,West,0
C0391,2026-03-31,23,75.29,1,75.02,Standard,South,1
C0392,2026-03-31,28,32.14,2,20.28,Basic,North,0
C0393,2026-03-31,39,66.42,0,45.14,Standard,North,0
C0394,2026-03-31,19,74.81,0,65.22,Standard,East,0
C0395,2026-03-31,65,28.38,0,45.98,Basic,South,0
C0396,2026-03-31,63,64.51,0,41.54,Standard,North,0
C0397,2026-03-31,64,93.06,1,54.79,Premium,South,0
C0398,2026-03-31,4,37.16,0,40.23,Basic,East,0
C0399,2026-03-31,5,74.42,1,57.73,Standard,South,0
C0400,2026-03-31,36,63.23,2,43.5,Standard,West,0
C0401,2026-03-31,28,33.7,1,40.42,Basic,West,0
C0402,2026-03-31,29,98.93,1,39.39,Premium,East,0
C0403,2026-03-31,69,58.38,0,43.17,Standard,West,0
C0404,2026-03-31,16,24.34,0,41.57,Basic,South,0
C0405,2026-03-31,62,100.21,0,51.13,Premium,North,0
C0406,2026-03-31,18,98.18,1,48.13,Premium,North,0
C0407,2026-03-31,46,38.27,1,45.52,Basic,West,0
C0408,2026-03-31,24,101.3,4,62.47,Premium,West,0
C0409,2026-03-31,6,31.21,0,30.72,Basic,East,1
C0410,2026-03-31,38,88.6,1,46.28,Premium,North,0
C0411,2026-03-31,6,69.57,0,37.27,Standard,South,0
C0412,2026-03-31,51,62.36,3,27.59,Standard,North,1
C0413,2026-03-31,33,40.62,1,33.59,Basic,North,0
C0414,2026-03-31,8,99.5,1,59.98,Premium,North,0
C0415,2026-03-31,52,42.34,0,32.57,Basic,East,0
C0416,2026-03-31,31,39.33,0,47.61,Basic,North,0
C0417,2026-03-31,58,33.78,5,32.17,Basic,West,1
C0418,2026-03-31,6,61.43,4,40.27,Standard,South,1
C0419,2026-03-31,11,45.44,0,39.48,Basic,South,0
C0420,2026-03-31,36,95.47,2,56.99,Premium,East,0
C0421,2026-03-31,12,63.22,0,51.89,Standard,West,0
C0422,2026-03-31,35,34.49,2,26.45,Basic,South,0
C0423,2026-03-31,23,35.1,0,30.58,Basic,North,0
C0424,2026-03-31,37,36.72,1,35.17,Basic,North,0
C0425,2026-03-31,63,60.51,0,27.85,Standard,West,0
C0426,2026-03-31,71,98.75,2,69.48,Premium,North,0
C0427,2026-03-31,7,43.65,1,21.25,Basic,East,0
C0428,2026-03-31,5,93.9,1,67.61,Premium,South,0
C0429,2026-03-31,55,41.9,0,13.57,Basic,West,1
C0430,2026-03-31,39,88.61,0,51.21,Premium,North,0
C0431,2026-03-31,55,93.21,2,49.16,Premium,West,0
C0432,2026-03-31,30,56.4,2,40.5,Standard,East,1
C0433,2026-03-31,71,,1,45.37,Standard,South,0
C0434,2026-03-31,68,90.65,1,29.45,Premium,North,0
C0435,2026-03-31,19,29.95,1,42.21,Basic,West,0
C0436,2026-03-31,36,26.81,2,59.13,Basic,South,0
C0437,2026-03-31,64,37.65,1,40.82,Basic,South,1
C0438,2026-03-31,57,55.78,0,42.62,Standard,South,0
C0439,2026-03-31,54,66.24,0,55.82,Standard,North,0
C0440,2026-03-31,42,65.54,1,42.31,Standard,South,0
C0441,2026-03-31,11,91.47,1,51.02,Premium,North,0
C0442,2026-03-31,47,41.36,2,22.69,Basic,North,0
C0443,2026-03-31,45,56.29,2,51.5,Standard,South,0
C0444,2026-03-31,65,30.19,0,34.5,Basic,North,0
C0445,2026-03-31,36,34.7,1,28.55,Basic,South,0
C0446,2026-03-31,22,62.66,2,46.11,Standard,West,1
C0447,2026-03-31,48,96.66,1,54.1,Premium,North,0
C0448,2026-03-31,16,64.95,2,40.85,Standard,North,0
C0449,2026-03-31,16,37.64,2,39.63,Basic,North,0
C0450,2026-03-31,37,60.52,0,33.68,Standard,East,0
C0451,2026-03-31,68,43.83,0,35.36,Basic,South,0
C0452,2026-03-31,41,94.29,0,49.63,Premium,South,0
C0453,2026-03-31,23,62.59,2,41.56,Standard,North,0
C0454,2026-03-31,17,35.04,2,65.17,Basic,South,0
C0455,2026-03-31,10,35.13,0,50.32,Basic,South,0
C0456,2026-03-31,30,40.06,3,42.94,Basic,South,0
C0457,2026-03-31,54,92.69,2,49.28,Premium,East,0
C0458,2026-03-31,17,53.26,1,47.08,Standard,West,0
C0459,2026-03-31,70,67.87,4,51.71,Standard,South,0
C0460,2026-03-31,21,61.25,1,50.35,Standard,West,0
C0461,2026-03-31,61,67.65,2,43.84,Standard,East,0
C0462,2026-03-31,56,32.84,1,35.23,Basic,South,0
C0463,2026-03-31,51,100.22,4,50.88,Premium,North,0
C0464,2026-03-31,8,35.8,2,31.51,Basic,South,0
C0465,2026-03-31,68,69.1,1,44.16,Standard,East,0
C0466,2026-03-31,8,63.79,4,50.2,Standard,North,0
C0467,2026-03-31,59,68.97,1,31.9,Standard,West,0
C0468,2026-03-31,61,97.42,0,45.23,Premium,South,0
C0469,2026-03-31,43,30.79,1,25.6,Basic,West,0
C0470,2026-03-31,66,63.26,2,46.83,Standard,East,0
C0471,2026-03-31,53,41.52,0,28.57,Basic,South,0
C0472,2026-03-31,60,67.7,1,63.45,Standard,North,0
C0473,2026-03-31,30,31.46,0,39.69,Basic,East,0
C0474,2026-03-31,32,32.6,1,30.43,Basic,South,0
C0475,2026-03-31,12,30.12,0,40.54,Basic,North,0
C0476,2026-03-31,70,25.86,1,27.07,Basic,West,0
C0477,2026-03-31,24,53.64,0,39.69,Standard,South,0
C0478,2026-03-31,36,55.53,2,56.94,Standard,North,0
C0479,2026-03-31,57,65.22,1,49.99,Standard,South,0
C0480,2026-03-31,68,31.25,1,48.04,Basic,South,0
C0481,2026-03-31,4,30.12,1,32.4,Basic,West,0
C0482,2026-03-31,56,44.77,1,29.64,Basic,East,0
C0483,2026-03-31,46,65.39,0,31.89,Standard,North,0
C0484,2026-03-31,15,34.01,0,37.46,Basic,North,0
C0485,2026-03-31,65,27.15,4,51.87,Basic,East,0
C0486,2026-03-31,25,32.97,0,36.44,Basic,North,0
C0487,2026-03-31,19,66.51,0,66.54,Standard,South,0
C0488,2026-03-31,59,26.76,2,57.75,Basic,North,0
C0489,2026-03-31,18,67.98,0,45.7,Standard,North,1
C0490,2026-03-31,56,59.43,0,51.77,Standard,West,0
C0491,2026-03-31,63,70.1,3,35.42,Standard,North,0
C0492,2026-03-31,23,62.69,3,34.2,Standard,North,0
C0493,2026-03-31,51,63.98,4,44.16,Standard,West,1
C0494,2026-03-31,63,30.92,1,28.39,Basic,North,0
C0495,2026-03-31,57,69.62,0,33.97,Standard,West,0
C0496,2026-03-31,31,67.33,3,49.9,Standard,North,0
C0497,2026-03-31,59,63.71,1,34.55,Standard,North,1
C0498,2026-03-31,15,62.69,1,55.12,Standard,North,0
C0499,2026-03-31,33,31.06,4,29.15,Basic,East,0
C0500,2026-03-31,71,71.92,1,76.91,Standard,East,0
C0501,2026-03-31,5,63.38,3,39.44,Standard,South,0
C0502,2026-03-31,53,91.8,2,53.38,Premium,North,0
C0503,2026-03-31,71,100.46,0,43.27,Premium,North,0
C0504,2026-03-31,50,57.15,3,57.28,Standard,East,0
C0505,2026-03-31,7,70.23,0,50.17,Standard,North,0
C0506,2026-03-31,47,67.29,1,43.34,Standard,East,0
C0507,2026-03-31,53,32.96,2,31.48,Basic,East,0
C0508,2026-03-31,14,90.55,1,63.04,Premium,West,0
C0509,2026-03-31,8,58.52,0,37.13,Standard,South,0
C0510,2026-03-31,6,40.15,1,46.16,Basic,North,0
C0511,2026-03-31,22,36.38,1,48.01,Basic,South,0
C0512,2026-03-31,67,99.59,0,50.24,Premium,West,0
C0513,2026-03-31,48,31.42,1,21.12,Basic,East,1
C0514,2026-03-31,30,29.15,2,37.86,Basic,East,0
C0515,2026-03-31,15,27.59,1,44.9,Basic,South,0
C0516,2026-03-31,16,35.57,1,48.13,Basic,North,0
C0517,2026-03-31,16,,0,55.66,Basic,West,0
C0518,2026-03-31,50,63.37,0,26.57,Standard,West,0
C0519,2026-03-31,12,31.62,1,43.6,Basic,West,1
C0520,2026-03-31,20,100.46,2,66.15,Premium,West,0
C0001,2026-04-30,40,69.32,0,60.34,Standard,East,0
C0002,2026-04-30,65,63.74,1,59.49,Standard,West,0
C0003,2026-04-30,32,98.39,0,54.15,Premium,South,0
C0004,2026-04-30,42,64.37,2,47.45,Standard,South,0
C0005,2026-04-30,21,34.24,1,38.22,Basic,East,1
C0006,2026-04-30,43,110.63,4,54.05,Premium,North,0
C0007,2026-04-30,57,69.24,0,50.46,Standard,North,0
C0008,2026-04-30,9,66.44,2,62.39,Standard,East,0
C0009,2026-04-30,68,23.4,1,33.89,Basic,East,1
C0010,2026-04-30,16,71.99,1,49.19,Standard,North,0
C0011,2026-04-30,32,32.07,4,37.52,Basic,East,1
C0012,2026-04-30,45,91.57,2,40.98,Premium,South,0
C0013,2026-04-30,30,69.82,3,31.07,Standard,East,0
C0014,2026-04-30,42,104.93,1,60.26,Premium,West,0
C0015,2026-04-30,16,58.96,2,45.23,Standard,North,0
C0016,2026-04-30,67,39.97,3,41.12,Basic,West,0
C0017,2026-04-30,40,70.65,4,40.03,Standard,South,1
C0018,2026-04-30,56,32.38,3,39.69,Basic,West,0
C0019,2026-04-30,32,96.87,3,68.39,Premium,South,0
C0020,2026-04-30,32,60.94,1,49.59,Standard,South,0
C0021,2026-04-30,28,59.35,0,42.91,Standard,West,0
C0022,2026-04-30,15,30.11,3,44.03,Basic,East,1
C0023,2026-04-30,33,94.09,1,50.32,Premium,North,0
C0024,2026-04-30,62,89.53,1,36.02,Premium,East,0
C0025,2026-04-30,27,58.76,2,49.0,Standard,West,0
C0026,2026-04-30,13,30.23,1,52.05,Basic,South,0
C0027,2026-04-30,70,58.35,0,34.62,Standard,West,0
C0028,2026-04-30,32,36.74,2,36.39,Basic,East,0
C0029,2026-04-30,28,32.55,2,33.24,Basic,South,0
C0030,2026-04-30,38,72.16,2,40.81,Standard,North,0
C0031,2026-04-30,25,63.36,1,56.68,Standard,East,0
C0032,2026-04-30,27,95.32,1,36.6,Premium,North,0
C0033,2026-04-30,20,40.64,1,39.36,Basic,West,1
C0034,2026-04-30,64,32.63,1,42.97,Basic,East,0
C0035,2026-04-30,42,65.78,0,40.95,Standard,South,0
C0036,2026-04-30,24,45.6,1,27.47,Basic,North,0
C0037,2026-04-30,33,36.2,1,28.04,Basic,East,0
C0038,2026-04-30,27,60.75,3,63.39,Standard,North,0
C0039,2026-04-30,16,22.84,2,11.86,Basic,South,0
C0040,2026-04-30,54,67.11,1,47.82,Standard,West,0
C0041,2026-04-30,40,59.36,2,32.78,Standard,West,0
C0042,2026-04-30,15,101.41,0,63.26,Premium,West,0
C0043,2026-04-30,9,68.48,1,34.42,Standard,West,0
C0044,2026-04-30,29,36.76,1,36.94,Basic,East,0
C0045,2026-04-30,48,98.6,2,54.54,Premium,North,0
C0046,2026-04-30,66,92.38,0,62.18,Premium,West,0
C0047,2026-04-30,24,33.2,0,27.89,Basic,West,0
C0048,2026-04-30,24,38.57,3,50.16,Basic,West,0
C0049,2026-04-30,11,56.45,0,30.94,Standard,East,1
C0050,2026-04-30,6,34.48,0,47.81,Basic,North,0
C0051,2026-04-30,28,33.7,1,29.16,Basic,East,0
C0052,2026-04-30,20,39.44,0,32.93,Basic,South,0
C0053,2026-04-30,25,54.96,3,45.97,Standard,West,0
C0054,2026-04-30,22,67.84,0,41.66,Standard,South,0
C0055,2026-04-30,65,68.67,2,53.89,Standard,South,0
C0056,2026-04-30,44,73.88,0,50.78,Standard,North,0
C0057,2026-04-30,26,67.0,2,56.55,Standard,West,0
C0058,2026-04-30,32,63.38,2,23.96,Standard,West,0
C0059,2026-04-30,38,46.37,0,28.16,Basic,North,0
C0060,2026-04-30,16,39.98,0,38.6,Basic,South,0
C0061,2026-04-30,71,63.82,1,34.33,Standard,South,0
C0062,2026-04-30,48,72.98,0,34.12,Standard,South,0
C0063,2026-04-30,69,58.18,2,53.96,Standard,West,0
C0064,2026-04-30,30,63.81,0,53.69,Standard,North,0
C0065,2026-04-30,19,70.15,1,38.93,Standard,South,0
C0066,2026-04-30,50,54.62,2,64.0,Standard,North,0
C0067,2026-04-30,12,64.1,0,51.15,Standard,North,0
C0068,2026-04-30,58,34.99,1,54.29,Basic,West,0
C0069,2026-04-30,44,37.32,1,55.75,Basic,West,0
C0070,2026-04-30,36,75.18,0,53.29,Standard,North,0
C0071,2026-04-30,53,36.08,2,35.18,Basic,East,0
C0072,2026-04-30,43,36.57,1,38.64,Basic,North,0
C0073,2026-04-30,15,102.77,0,56.06,Premium,North,0
C0074,2026-04-30,70,40.67,0,33.38,Basic,South,0
C0075,2026-04-30,22,39.28,1,39.33,Basic,North,0
C0076,2026-04-30,46,30.39,2,67.18,Basic,South,0
C0077,2026-04-30,50,28.79,2,42.03,Basic,West,0
C0078,2026-04-30,42,64.26,4,37.7,Standard,East,0
C0079,2026-04-30,44,62.19,1,48.23,Standard,East,0
C0080,2026-04-30,5,73.87,0,52.51,Standard,South,0
C0081,2026-04-30,17,59.62,0,46.87,Standard,North,0
C0082,2026-04-30,52,37.04,1,39.74,Basic,North,1
C0083,2026-04-30,32,102.71,3,41.82,Premium,South,1
C0084,2026-04-30,61,35.92,0,54.28,Basic,North,0
C0085,2026-04-30,37,,0,59.95,Basic,West,0
C0086,2026-04-30,46,41.11,2,39.56,Basic,West,0
C0087,2026-04-30,44,57.13,0,43.29,Standard,West,0
C0088,2026-04-30,33,72.56,2,51.63,Standard,East,0
C0089,2026-04-30,47,38.12,2,39.42,Basic,East,0
C0090,2026-04-30,65,64.84,1,49.12,Standard,East,0
C0091,2026-04-30,62,37.6,0,36.89,Basic,South,0
C0092,2026-04-30,9,60.5,0,56.46,Standard,East,0
C0093,2026-04-30,29,60.76,1,33.36,Standard,West,1
C0094,2026-04-30,41,26.71,0,42.95,Basic,West,0
C0095,2026-04-30,60,37.04,4,46.24,Basic,East,0
C0096,2026-04-30,34,73.48,0,52.54,Standard,North,0
C0097,2026-04-30,32,30.46,2,26.54,Basic,East,0
C0098,2026-04-30,50,32.87,4,44.94,Basic,South,0
C0099,2026-04-30,68,40.83,1,45.63,Basic,East,0
C0100,2026-04-30,12,96.29,0,56.9,Premium,East,0
C0101,2026-04-30,16,87.58,2,45.47,Premium,West,0
C0102,2026-04-30,7,63.42,2,53.38,Standard,South,1
C0103,2026-04-30,33,34.53,0,41.27,Basic,West,0
C0104,2026-04-30,24,89.24,3,37.53,Premium,West,0
C0105,2026-04-30,44,62.99,1,43.8,Standard,South,0
C0106,2026-04-30,8,59.95,0,48.13,Standard,South,0
C0107,2026-04-30,26,68.82,1,55.8,Standard,East,0
C0108,2026-04-30,56,45.93,0,43.78,Basic,West,0
C0109,2026-04-30,57,31.36,2,37.0,Basic,East,0
C0110,2026-04-30,62,96.56,2,79.1,Premium,West,0
C0111,2026-04-30,57,60.8,0,50.46,Standard,South,0
C0112,2026-04-30,6,32.24,2,11.68,Basic,East,0
C0113,2026-04-30,59,35.31,1,29.27,Basic,South,0
C0114,2026-04-30,46,54.22,0,43.21,Standard,West,0
C0115,2026-04-30,16,33.06,0,19.19,Basic,South,0
C0116,2026-04-30,13,96.65,0,61.5,Premium,East,0
C0117,2026-04-30,71,71.12,0,57.11,Standard,North,0
C0118,2026-04-30,63,69.14,3,39.44,Standard,West,0
C0119,2026-04-30,8,68.37,0,53.96,Standard,South,0
C0120,2026-04-30,12,72.22,1,38.15,Standard,South,0
C0121,2026-04-30,58,63.05,1,39.67,Standard,East,0
C0122,2026-04-30,52,67.72,2,65.42,Standard,South,0
C0123,2026-04-30,25,36.13,3,40.66,Basic,West,1
C0124,2026-04-30,70,38.99,1,48.82,Basic,East,0
C0125,2026-04-30,20,33.15,1,24.48,Basic,East,0
C0126,2026-04-30,61,67.51,1,66.04,Standard,North,0
C0127,2026-04-30,70,27.16,1,31.78,Basic,North,0
C0128,2026-04-30,56,28.78,0,28.35,Basic,South,0
C0129,2026-04-30,21,35.41,2,41.63,Basic,West,0
C0130,2026-04-30,21,65.2,1,38.76,Standard,West,0
C0131,2026-04-30,71,33.96,0,55.64,Basic,East,0
C0132,2026-04-30,72,88.14,0,51.94,Premium,East,0
C0133,2026-04-30,19,63.94,2,47.85,Standard,South,0
C0134,2026-04-30,20,40.4,0,29.82,Basic,North,0
C0135,2026-04-30,68,55.15,1,35.69,Standard,North,0
C0136,2026-04-30,50,33.83,2,37.87,Basic,South,0
C0137,2026-04-30,55,83.99,5,55.5,Premium,South,0
C0138,2026-04-30,39,72.49,0,49.06,Standard,North,0
C0139,2026-04-30,32,60.29,1,40.05,Standard,South,0
C0140,2026-04-30,61,35.71,1,41.47,Basic,North,0
C0141,2026-04-30,65,67.31,1,43.7,Standard,East,0
C0142,2026-04-30,57,64.43,2,72.46,Standard,West,0
C0143,2026-04-30,32,89.69,0,32.6,Premium,East,0
C0144,2026-04-30,57,62.2,1,60.11,Standard,South,0
C0145,2026-04-30,63,72.89,2,59.91,Standard,South,0
C0146,2026-04-30,70,28.22,0,38.98,Basic,South,0
C0147,2026-04-30,17,25.8,2,62.54,Basic,North,0
C0148,2026-04-30,25,71.25,1,55.74,Standard,East,0
C0149,2026-04-30,12,67.36,0,59.71,Standard,East,0
C0150,2026-04-30,40,28.72,0,46.17,Basic,North,0
C0151,2026-04-30,62,105.39,1,50.2,Premium,South,0
C0152,2026-04-30,64,91.87,2,51.9,Premium,South,0
C0153,2026-04-30,72,35.08,1,48.31,Basic,North,0
C0154,2026-04-30,52,58.8,0,54.03,Standard,East,0
C0155,2026-04-30,18,33.67,1,49.1,Basic,East,0
C0156,2026-04-30,53,65.61,2,40.2,Standard,East,0
C0157,2026-04-30,6,28.12,2,48.65,Basic,East,0
C0158,2026-04-30,12,67.51,0,60.28,Standard,West,0
C0159,2026-04-30,36,69.07,0,50.37,Standard,West,0
C0160,2026-04-30,9,64.9,1,61.67,Standard,East,0
C0161,2026-04-30,35,34.81,1,38.45,Basic,West,0
C0162,2026-04-30,28,101.55,2,48.18,Premium,South,0
C0163,2026-04-30,34,30.57,0,31.48,Basic,West,0
C0164,2026-04-30,48,34.95,0,30.71,Basic,West,0
C0165,2026-04-30,62,62.57,3,51.02,Standard,East,0
C0166,2026-04-30,16,30.54,2,41.15,Basic,West,0
C0167,2026-04-30,12,102.44,0,46.89,Premium,East,0
C0168,2026-04-30,40,98.68,4,31.1,Premium,East,0
C0169,2026-04-30,9,31.75,2,30.16,Basic,South,0
C0170,2026-04-30,58,95.09,0,62.83,Premium,West,0
C0171,2026-04-30,64,33.27,1,27.12,Basic,East,0
C0172,2026-04-30,44,68.79,1,51.3,Standard,West,0
C0173,2026-04-30,47,36.02,1,25.06,Basic,South,0
C0174,2026-04-30,41,94.98,0,67.99,Premium,West,0
C0175,2026-04-30,53,38.96,0,46.47,Basic,North,0
C0176,2026-04-30,65,37.62,6,46.8,Basic,North,0
C0177,2026-04-30,61,58.63,0,61.88,Standard,East,0
C0178,2026-04-30,16,94.92,0,69.15,Premium,East,0
C0179,2026-04-30,17,92.48,0,45.21,Premium,West,0
C0180,2026-04-30,7,74.28,2,40.18,Standard,South,1
C0181,2026-04-30,18,96.48,0,57.53,Premium,East,0
C0182,2026-04-30,59,95.41,1,59.92,Premium,East,0
C0183,2026-04-30,60,59.78,0,51.39,Standard,West,0
C0184,2026-04-30,69,33.22,2,32.09,Basic,East,0
C0185,2026-04-30,27,68.58,2,51.0,Standard,South,0
C0186,2026-04-30,65,67.43,3,40.7,Standard,West,0
C0187,2026-04-30,65,37.6,1,53.47,Basic,North,0
C0188,2026-04-30,17,36.01,2,40.03,Basic,West,0
C0189,2026-04-30,16,75.33,3,61.09,Standard,North,0
C0190,2026-04-30,65,33.48,0,42.71,Basic,South,0
C0191,2026-04-30,44,94.32,2,70.7,Premium,West,0
C0192,2026-04-30,40,30.76,0,33.21,Basic,East,0
C0193,2026-04-30,32,25.53,1,31.63,Basic,West,0
C0194,2026-04-30,17,97.86,1,68.54,Premium,East,0
C0195,2026-04-30,49,31.01,1,44.24,Basic,East,0
C0196,2026-04-30,68,33.76,0,40.46,Basic,South,0
C0197,2026-04-30,45,67.62,0,38.85,Standard,North,0
C0198,2026-04-30,35,97.82,0,39.44,Premium,North,0
C0199,2026-04-30,51,32.3,2,28.65,Basic,South,0
C0200,2026-04-30,22,32.97,2,17.03,Basic,North,0
C0201,2026-04-30,37,63.42,0,35.15,Standard,East,0
C0202,2026-04-30,16,92.04,2,63.94,Premium,West,0
C0203,2026-04-30,35,72.85,3,48.12,Standard,West,0
C0204,2026-04-30,8,25.89,0,20.41,Basic,South,0
C0205,2026-04-30,19,34.96,1,31.71,Basic,West,0
C0206,2026-04-30,37,39.49,0,33.01,Basic,West,0
C0207,2026-04-30,25,31.01,2,62.71,Basic,West,0
C0208,2026-04-30,41,58.0,0,30.6,Standard,South,0
C0209,2026-04-30,46,,2,40.76,Basic,South,0
C0210,2026-04-30,41,64.32,1,65.0,Standard,West,0
C0211,2026-04-30,8,66.64,3,48.74,Standard,North,0
C0212,2026-04-30,12,60.67,0,54.64,Standard,South,0
C0213,2026-04-30,39,28.37,0,37.62,Basic,North,0
C0214,2026-04-30,29,97.17,1,56.44,Premium,West,0
C0215,2026-04-30,19,57.38,3,55.05,Standard,East,0
C0216,2026-04-30,27,66.62,1,37.78,Standard,North,0
C0217,2026-04-30,18,29.2,1,54.54,Basic,North,0
C0218,2026-04-30,31,41.72,1,19.52,Basic,East,0
C0219,2026-04-30,9,96.67,0,55.43,Premium,East,0
C0220,2026-04-30,52,34.5,1,44.09,Basic,West,0
C0221,2026-04-30,12,33.57,1,26.63,Basic,South,0
C0222,2026-04-30,30,60.9,0,52.17,Standard,West,0
C0223,2026-04-30,72,66.36,1,34.18,Standard,South,0
C0224,2026-04-30,25,96.17,1,40.85,Premium,West,0
C0225,2026-04-30,33,26.53,2,36.84,Basic,North,0
C0226,2026-04-30,56,93.99,1,48.09,Premium,North,0
C0227,2026-04-30,18,37.31,0,40.35,Basic,North,0
C0228,2026-04-30,41,72.71,1,41.02,Standard,South,0
C0229,2026-04-30,13,,0,53.61,Standard,West,0
C0230,2026-04-30,71,41.4,0,39.14,Basic,North,0
C0231,2026-04-30,47,32.73,2,32.14,Basic,South,0
C0232,2026-04-30,23,33.69,0,29.14,Basic,North,0
C0233,2026-04-30,42,100.45,0,62.91,Premium,West,0
C0234,2026-04-30,30,67.87,1,49.49,Standard,East,0
C0235,2026-04-30,23,94.63,1,45.13,Premium,West,0
C0236,2026-04-30,12,95.48,0,60.71,Premium,East,0
C0237,2026-04-30,48,64.17,4,29.34,Standard,East,0
C0238,2026-04-30,56,62.89,1,45.22,Standard,West,0
C0239,2026-04-30,68,30.08,1,54.29,Basic,North,0
C0240,2026-04-30,63,38.75,2,47.99,Basic,West,0
C0241,2026-04-30,39,94.94,0,55.93,Premium,East,0
C0242,2026-04-30,20,67.67,2,47.85,Standard,East,0
C0243,2026-04-30,28,35.78,3,61.37,Basic,South,0
C0244,2026-04-30,51,68.25,3,30.7,Standard,West,1
C0245,2026-04-30,64,67.12,1,33.54,Standard,South,0
C0246,2026-04-30,13,94.28,0,52.81,Premium,North,0
C0247,2026-04-30,46,58.67,1,48.17,Standard,West,0
C0248,2026-04-30,36,36.53,0,49.5,Basic,North,0
C0249,2026-04-30,38,29.37,0,35.44,Basic,North,0
C0250,2026-04-30,16,60.33,3,33.78,Standard,East,0
C0251,2026-04-30,43,65.91,1,28.65,Standard,North,0
C0252,2026-04-30,23,100.75,1,27.09,Premium,West,0
C0253,2026-04-30,16,64.37,2,39.21,Standard,South,0
C0254,2026-04-30,49,34.9,2,38.48,Basic,North,0
C0255,2026-04-30,5,49.12,1,33.43,Basic,West,0
C0256,2026-04-30,61,67.44,1,60.47,Standard,East,0
C0257,2026-04-30,47,84.83,1,72.02,Premium,South,0
C0258,2026-04-30,63,36.59,0,40.33,Basic,East,0
C0259,2026-04-30,55,39.95,1,22.26,Basic,East,1
C0260,2026-04-30,43,78.06,1,53.09,Standard,North,0
C0261,2026-04-30,63,39.66,1,44.31,Basic,West,0
C0262,2026-04-30,35,97.76,0,56.45,Premium,South,0
C0263,2026-04-30,54,27.27,1,53.46,Basic,East,0
C0264,2026-04-30,64,24.23,1,25.09,Basic,West,0
C0265,2026-04-30,25,102.03,0,84.46,Premium,East,0
C0266,2026-04-30,41,31.71,1,28.52,Basic,East,0
C0267,2026-04-30,56,38.65,0,44.58,Basic,South,0
C0268,2026-04-30,17,36.05,0,15.8,Basic,North,0
C0269,2026-04-30,9,31.1,1,37.58,Basic,South,0
C0270,2026-04-30,58,34.92,0,48.77,Basic,West,0
C0271,2026-04-30,45,35.05,2,30.72,Basic,East,0
C0272,2026-04-30,29,29.11,1,52.96,Basic,South,0
C0273,2026-04-30,27,38.61,2,39.41,Basic,West,0
C0274,2026-04-30,49,65.71,5,54.77,Standard,West,1
C0275,2026-04-30,65,66.04,0,57.1,Standard,West,0
C0276,2026-04-30,48,35.54,0,32.92,Basic,South,0
C0277,2026-04-30,20,38.87,2,18.01,Basic,East,0
C0278,2026-04-30,65,62.97,2,40.66,Standard,East,0
C0279,2026-04-30,58,101.36,1,50.68,Premium,South,0
C0280,2026-04-30,62,92.08,3,59.23,Premium,South,0
C0281,2026-04-30,33,31.07,2,27.56,Basic,North,1
C0282,2026-04-30,53,30.25,1,32.45,Basic,South,0
C0283,2026-04-30,47,41.62,0,27.68,Basic,East,0
C0284,2026-04-30,57,33.58,1,38.68,Basic,West,0
C0285,2026-04-30,30,67.11,3,41.14,Standard,West,1
C0286,2026-04-30,51,32.84,2,36.1,Basic,North,0
C0287,2026-04-30,62,43.99,0,32.66,Basic,East,0
C0288,2026-04-30,19,30.83,2,45.09,Basic,North,0
C0289,2026-04-30,66,65.59,0,49.34,Standard,East,0
C0290,2026-04-30,55,34.76,0,35.43,Basic,South,0
C0291,2026-04-30,21,95.64,0,56.81,Premium,South,0
C0292,2026-04-30,51,30.33,2,38.26,Basic,East,0
C0293,2026-04-30,71,92.54,2,45.06,Premium,South,0
C0294,2026-04-30,32,37.68,0,29.14,Basic,West,0
C0295,2026-04-30,43,101.16,1,45.39,Premium,East,0
C0296,2026-04-30,43,90.63,2,52.58,Premium,West,0
C0297,2026-04-30,39,96.74,1,41.78,Premium,East,0
C0298,2026-04-30,42,95.12,1,56.58,Premium,South,0
C0299,2026-04-30,36,70.07,1,49.04,Standard,West,0
C0300,2026-04-30,68,55.82,0,39.42,Standard,South,0
C0301,2026-04-30,49,60.38,0,44.29,Standard,East,0
C0302,2026-04-30,28,35.28,1,38.7,Basic,North,0
C0303,2026-04-30,53,63.2,1,38.29,Standard,North,0
C0304,2026-04-30,46,64.94,1,52.88,Standard,East,0
C0305,2026-04-30,11,95.3,0,46.45,Premium,North,0
C0306,2026-04-30,27,73.47,3,36.31,Standard,West,0
C0307,2026-04-30,63,36.89,1,45.38,Basic,West,0
C0308,2026-04-30,33,65.08,0,52.14,Standard,East,0
C0309,2026-04-30,33,33.19,0,25.07,Basic,East,0
C0310,2026-04-30,66,37.79,0,45.35,Basic,East,0
C0311,2026-04-30,12,68.47,1,62.21,Standard,North,0
C0312,2026-04-30,42,33.04,4,36.7,Basic,South,0
C0313,2026-04-30,53,39.54,2,34.31,Basic,South,1
C0314,2026-04-30,27,33.64,2,26.74,Basic,West,1
C0315,2026-04-30,46,37.5,2,39.86,Basic,North,0
C0316,2026-04-30,24,22.86,0,25.59,Basic,South,0
C0317,2026-04-30,12,29.54,1,16.32,Basic,South,0
C0318,2026-04-30,23,60.36,2,52.34,Standard,North,0
C0319,2026-04-30,20,35.84,3,26.89,Basic,North,0
C0320,2026-04-30,9,100.92,0,53.9,Premium,South,0
C0321,2026-04-30,61,93.63,2,38.66,Premium,North,0
C0322,2026-04-30,20,65.45,2,32.34,Standard,North,0
C0323,2026-04-30,67,34.51,1,37.99,Basic,South,0
C0324,2026-04-30,44,61.48,2,46.35,Standard,North,0
C0325,2026-04-30,33,102.24,1,56.68,Premium,East,0
C0326,2026-04-30,30,65.47,1,53.26,Standard,North,0
C0327,2026-04-30,59,93.86,2,63.87,Premium,South,0
C0328,2026-04-30,22,58.87,0,53.42,Standard,South,1
C0329,2026-04-30,32,62.18,1,62.41,Standard,West,0
C0330,2026-04-30,64,38.43,2,38.05,Basic,East,0
C0331,2026-04-30,33,60.64,2,40.15,Standard,West,0
C0332,2026-04-30,28,30.33,0,59.12,Basic,South,0
C0333,2026-04-30,15,63.19,1,53.9,Standard,South,0
C0334,2026-04-30,28,94.54,1,44.96,Premium,South,0
C0335,2026-04-30,35,41.07,1,33.86,Basic,West,0
C0336,2026-04-30,60,64.11,0,60.7,Standard,West,0
C0337,2026-04-30,14,29.59,1,45.77,Basic,West,0
C0338,2026-04-30,23,63.88,0,42.75,Standard,West,0
C0339,2026-04-30,31,37.48,2,33.68,Basic,East,0
C0340,2026-04-30,54,93.21,1,49.31,Premium,East,0
C0341,2026-04-30,70,40.45,0,41.88,Basic,West,0
C0342,2026-04-30,5,95.73,3,51.39,Premium,South,0
C0343,2026-04-30,25,97.71,3,53.51,Premium,South,0
C0344,2026-04-30,68,73.02,0,39.72,Standard,West,0
C0345,2026-04-30,57,63.79,1,38.23,Standard,South,0
C0346,2026-04-30,24,65.46,3,60.36,Standard,North,0
C0347,2026-04-30,55,97.52,0,82.13,Premium,East,0
C0348,2026-04-30,40,20.28,1,22.89,Basic,South,0
C0349,2026-04-30,7,62.19,1,48.23,Standard,West,0
C0350,2026-04-30,32,39.1,1,42.31,Basic,West,0
C0351,2026-04-30,72,61.7,2,54.33,Standard,South,0
C0352,2026-04-30,14,27.79,3,37.94,Basic,East,0
C0353,2026-04-30,11,66.28,1,55.94,Standard,West,0
C0354,2026-04-30,23,72.89,0,59.63,Standard,East,0
C0355,2026-04-30,62,70.74,0,47.75,Standard,North,0
C0356,2026-04-30,59,61.92,1,68.99,Standard,East,0
C0357,2026-04-30,7,69.22,0,24.3,Standard,East,0
C0358,2026-04-30,26,64.11,1,50.61,Standard,East,0
C0359,2026-04-30,14,67.78,1,43.18,Standard,North,0
C0360,2026-04-30,58,66.38,0,57.59,Standard,South,0
C0361,2026-04-30,23,91.46,0,44.52,Premium,West,0
C0362,2026-04-30,26,34.62,1,35.95,Basic,North,0
C0363,2026-04-30,65,44.64,2,36.41,Basic,South,0
C0364,2026-04-30,24,37.76,0,39.3,Basic,South,0
C0365,2026-04-30,46,60.56,1,58.88,Standard,North,0
C0366,2026-04-30,45,30.53,0,46.59,Basic,North,0
C0367,2026-04-30,61,63.91,2,34.85,Standard,South,0
C0368,2026-04-30,28,65.37,0,57.54,Standard,West,0
C0369,2026-04-30,70,33.56,0,33.38,Basic,North,0
C0370,2026-04-30,31,98.38,0,52.02,Premium,South,0
C0371,2026-04-30,55,65.82,0,41.25,Standard,North,0
C0372,2026-04-30,62,32.44,2,54.7,Basic,East,0
C0373,2026-04-30,53,36.59,1,30.28,Basic,South,0
C0374,2026-04-30,9,40.13,2,41.95,Basic,West,1
C0375,2026-04-30,22,33.13,1,32.33,Basic,East,1
C0376,2026-04-30,55,38.68,1,31.56,Basic,West,0
C0377,2026-04-30,15,92.1,3,47.53,Premium,East,0
C0378,2026-04-30,17,70.12,2,55.67,Standard,South,0
C0379,2026-04-30,20,43.12,1,33.25,Basic,West,0
C0380,2026-04-30,33,61.6,0,53.71,Standard,South,0
C0381,2026-04-30,40,60.7,1,41.03,Standard,West,0
C0382,2026-04-30,35,92.57,0,71.44,Premium,West,0
C0383,2026-04-30,13,65.33,0,55.27,Standard,East,0
C0384,2026-04-30,37,64.91,0,43.35,Standard,East,0
C0385,2026-04-30,61,40.42,1,28.26,Basic,South,0
C0386,2026-04-30,68,103.69,0,37.24,Premium,West,0
C0387,2026-04-30,35,60.47,2,48.84,Standard,East,0
C0388,2026-04-30,47,,1,30.07,Premium,West,0
C0389,2026-04-30,62,42.04,1,42.72,Basic,South,0
C0390,2026-04-30,32,91.34,1,57.38,Premium,West,0
C0391,2026-04-30,16,75.86,1,70.77,Standard,South,1
C0392,2026-04-30,47,32.47,3,36.45,Basic,North,0
C0393,2026-04-30,69,69.48,1,51.64,Standard,North,0
C0394,2026-04-30,24,72.37,2,56.11,Standard,East,0
C0395,2026-04-30,40,37.36,1,45.79,Basic,South,0
C0396,2026-04-30,31,62.87,0,42.43,Standard,North,0
C0397,2026-04-30,15,95.05,2,53.64,Premium,South,0
C0398,2026-04-30,29,41.63,0,36.07,Basic,East,0
C0399,2026-04-30,38,66.95,3,51.55,Standard,South,0
C0400,2026-04-30,61,64.43,2,32.91,Standard,West,0
C0401,2026-04-30,56,43.23,2,36.84,Basic,West,0
C0402,2026-04-30,13,91.26,0,43.91,Premium,East,0
C0403,2026-04-30,25,65.02,0,45.53,Standard,West,0
C0404,2026-04-30,52,37.45,0,37.17,Basic,South,0
C0405,2026-04-30,35,96.64,2,56.78,Premium,North,0
C0406,2026-04-30,21,97.54,1,41.08,Premium,North,1
C0407,2026-04-30,51,34.75,1,44.69,Basic,West,0
C0408,2026-04-30,18,104.93,1,50.53,Premium,West,0
C0409,2026-04-30,24,35.02,1,24.96,Basic,East,0
C0410,2026-04-30,62,89.26,0,53.85,Premium,North,0
C0411,2026-04-30,5,65.98,0,41.65,Standard,South,0
C0412,2026-04-30,16,65.26,0,32.88,Standard,North,0
C0413,2026-04-30,21,42.08,0,30.59,Basic,North,0
C0414,2026-04-30,71,92.0,0,64.71,Premium,North,1
C0415,2026-04-30,40,32.97,0,35.31,Basic,East,0
C0416,2026-04-30,41,42.87,3,35.91,Basic,North,0
C0417,2026-04-30,17,,2,28.99,Basic,West,1
C0418,2026-04-30,61,70.84,2,47.3,Standard,South,0
C0419,2026-04-30,64,29.94,0,22.59,Basic,South,0
C0420,2026-04-30,42,100.95,2,54.7,Premium,East,0
C0421,2026-04-30,23,59.02,0,42.04,Standard,West,0
C0422,2026-04-30,21,37.96,0,27.71,Basic,South,0
C0423,2026-04-30,8,33.94,1,26.13,Basic,North,0
C0424,2026-04-30,20,,0,40.02,Basic,North,0
C0425,2026-04-30,35,61.16,0,33.66,Standard,West,0
C0426,2026-04-30,52,,0,53.21,Premium,North,0
C0427,2026-04-30,63,36.53,1,32.47,Basic,East,0
C0428,2026-04-30,48,97.73,1,80.65,Premium,South,0
C0429,2026-04-30,60,34.82,1,17.47,Basic,West,0
C0430,2026-04-30,71,96.85,0,62.78,Premium,North,0
C0431,2026-04-30,18,102.73,3,43.13,Premium,West,1
C0432,2026-04-30,70,65.88,1,40.76,Standard,East,0
C0433,2026-04-30,59,61.95,4,53.69,Standard,South,0
C0434,2026-04-30,49,95.63,1,38.03,Premium,North,0
C0435,2026-04-30,38,38.39,0,46.21,Basic,West,0
C0436,2026-04-30,16,35.99,0,51.66,Basic,South,0
C0437,2026-04-30,47,35.41,3,31.27,Basic,South,0
C0438,2026-04-30,71,76.44,1,45.52,Standard,South,0
C0439,2026-04-30,72,62.95,2,61.96,Standard,North,0
C0440,2026-04-30,12,68.27,0,43.45,Standard,South,0
C0441,2026-04-30,25,91.03,5,56.21,Premium,North,1
C0442,2026-04-30,58,,0,14.6,Basic,North,0
C0443,2026-04-30,63,65.26,0,44.45,Standard,South,0
C0444,2026-04-30,6,36.13,1,34.79,Basic,North,1
C0445,2026-04-30,64,38.41,0,25.54,Basic,South,0
C0446,2026-04-30,39,74.35,1,46.93,Standard,West,0
C0447,2026-04-30,28,96.42,0,47.39,Premium,North,0
C0448,2026-04-30,35,71.99,0,39.29,Standard,North,0
C0449,2026-04-30,54,36.29,2,43.11,Basic,North,0
C0450,2026-04-30,58,61.02,0,26.77,Standard,East,0
C0451,2026-04-30,7,45.07,0,51.06,Basic,South,0
C0452,2026-04-30,38,92.7,1,45.12,Premium,South,0
C0453,2026-04-30,67,65.14,2,39.94,Standard,North,0
C0454,2026-04-30,25,38.44,2,47.22,Basic,South,0
C0455,2026-04-30,19,24.52,3,54.24,Basic,South,0
C0456,2026-04-30,17,37.07,0,42.5,Basic,South,0
C0457,2026-04-30,14,95.73,0,47.28,Premium,East,0
C0458,2026-04-30,57,68.08,1,42.5,Standard,West,0
C0459,2026-04-30,42,65.63,2,50.04,Standard,South,0
C0460,2026-04-30,47,63.56,1,50.89,Standard,West,0
C0461,2026-04-30,18,61.93,0,57.49,Standard,East,0
C0462,2026-04-30,10,39.02,2,38.82,Basic,South,0
C0463,2026-04-30,8,93.9,3,55.93,Premium,North,0
C0464,2026-04-30,35,34.49,2,26.75,Basic,South,0
C0465,2026-04-30,66,59.95,2,52.22,Standard,East,0
C0466,2026-04-30,17,61.08,1,50.22,Standard,North,0
C0467,2026-04-30,49,62.38,0,34.64,Standard,West,0
C0468,2026-04-30,43,88.64,1,57.8,Premium,South,0
C0469,2026-04-30,29,26.67,1,25.48,Basic,West,0
C0470,2026-04-30,56,63.08,2,43.46,Standard,East,0
C0471,2026-04-30,71,45.03,0,41.75,Basic,South,0
C0472,2026-04-30,22,66.04,2,64.6,Standard,North,0
C0473,2026-04-30,5,27.47,2,42.03,Basic,East,0
C0474,2026-04-30,36,41.52,0,25.47,Basic,South,0
C0475,2026-04-30,14,34.02,0,38.65,Basic,North,0
C0476,2026-04-30,71,37.75,1,34.93,Basic,West,0
C0477,2026-04-30,32,61.35,3,35.21,Standard,South,0
C0478,2026-04-30,41,64.33,2,47.51,Standard,North,0
C0479,2026-04-30,12,67.37,0,39.17,Standard,South,0
C0480,2026-04-30,27,32.35,4,41.38,Basic,South,0
C0481,2026-04-30,20,36.43,2,34.77,Basic,West,0
C0482,2026-04-30,48,35.92,0,30.33,Basic,East,0
C0483,2026-04-30,43,62.38,1,39.65,Standard,North,0
C0484,2026-04-30,59,27.84,1,31.19,Basic,North,0
C0485,2026-04-30,58,35.43,0,52.35,Basic,East,0
C0486,2026-04-30,49,33.18,2,38.49,Basic,North,0
C0487,2026-04-30,32,55.23,0,59.33,Standard,South,0
C0488,2026-04-30,72,38.74,2,69.94,Basic,North,0
C0489,2026-04-30,11,69.08,1,41.91,Standard,North,1
C0490,2026-04-30,65,65.88,1,47.25,Standard,West,0
C0491,2026-04-30,39,63.33,0,29.93,Standard,North,0
C0492,2026-04-30,14,70.18,0,41.1,Standard,North,0
C0493,2026-04-30,64,65.36,2,36.06,Standard,West,0
C0494,2026-04-30,11,43.64,0,37.42,Basic,North,0
C0495,2026-04-30,32,66.91,3,36.45,Standard,West,0
C0496,2026-04-30,13,61.32,5,50.46,Standard,North,0
C0497,2026-04-30,51,63.81,0,31.24,Standard,North,0
C0498,2026-04-30,38,76.11,0,53.35,Standard,North,0
C0499,2026-04-30,71,38.85,1,31.22,Basic,East,1
C0500,2026-04-30,16,72.38,1,68.07,Standard,East,0
C0501,2026-04-30,27,70.32,1,46.92,Standard,South,0
C0502,2026-04-30,15,84.04,0,56.63,Premium,North,0
C0503,2026-04-30,30,99.7,2,50.85,Premium,North,0
C0504,2026-04-30,9,63.33,1,60.53,Standard,East,0
C0505,2026-04-30,19,55.06,0,58.27,Standard,North,0
C0506,2026-04-30,46,63.89,3,51.8,Standard,East,0
C0507,2026-04-30,58,39.11,1,26.62,Basic,East,0
C0508,2026-04-30,46,94.51,1,53.11,Premium,West,0
C0509,2026-04-30,48,69.03,5,41.28,Standard,South,0
C0510,2026-04-30,45,23.9,2,55.32,Basic,North,0
C0511,2026-04-30,31,26.3,0,48.32,Basic,South,0
C0512,2026-04-30,33,97.88,0,57.68,Premium,West,0
C0513,2026-04-30,6,39.58,1,28.29,Basic,East,0
C0514,2026-04-30,50,45.83,1,30.24,Basic,East,0
C0515,2026-04-30,44,34.06,0,37.79,Basic,South,0
C0516,2026-04-30,62,42.36,1,44.81,Basic,North,0
C0517,2026-04-30,44,38.52,0,48.8,Basic,West,0
C0518,2026-04-30,21,57.69,0,31.79,Standard,West,0
C0519,2026-04-30,22,30.76,1,48.08,Basic,West,0
C0520,2026-04-30,8,92.03,0,59.99,Premium,West,1
C0001,2026-05-31,21,71.47,0,56.55,Standard,East,0
C0002,2026-05-31,8,66.79,2,60.26,Standard,West,0
C0003,2026-05-31,39,84.87,0,50.94,Premium,South,0
C0004,2026-05-31,63,70.11,2,49.62,Standard,South,0
C0005,2026-05-31,30,31.43,0,42.81,Basic,East,0
C0006,2026-05-31,34,95.31,4,56.43,Premium,North,1
C0007,2026-05-31,67,64.18,2,50.39,Standard,North,0
C0008,2026-05-31,46,53.18,1,60.3,Standard,East,0
C0009,2026-05-31,55,36.64,0,40.7,Basic,East,0
C0010,2026-05-31,30,68.81,2,51.05,Standard,North,0
C0011,2026-05-31,18,40.09,0,44.82,Basic,East,0
C0012,2026-05-31,16,94.68,2,37.9,Premium,South,0
C0013,2026-05-31,13,62.68,0,28.66,Standard,East,0
C0014,2026-05-31,24,92.84,1,73.34,Premium,West,0
C0015,2026-05-31,6,64.61,3,50.39,Standard,North,0
C0016,2026-05-31,44,35.74,1,42.46,Basic,West,0
C0017,2026-05-31,60,62.66,1,28.89,Standard,South,0
C0018,2026-05-31,32,32.16,0,41.55,Basic,West,0
C0019,2026-05-31,73,85.47,1,75.25,Premium,South,0
C0020,2026-05-31,37,61.11,2,61.09,Standard,South,0
C0021,2026-05-31,47,62.99,3,50.1,Standard,West,0
C0022,2026-05-31,57,39.87,3,38.8,Basic,East,0
C0023,2026-05-31,35,95.99,1,60.28,Premium,North,0
C0024,2026-05-31,34,99.07,2,31.33,Premium,East,0
C0025,2026-05-31,54,69.52,3,51.3,Standard,West,0
C0026,2026-05-31,7,34.9,1,46.45,Basic,South,0
C0027,2026-05-31,28,60.4,0,33.89,Standard,West,0
C0028,2026-05-31,69,31.56,2,28.84,Basic,East,0
C0029,2026-05-31,13,33.18,0,27.14,Basic,South,0
C0030,2026-05-31,26,57.43,0,44.88,Standard,North,0
C0031,2026-05-31,71,69.62,0,45.84,Standard,East,0
C0032,2026-05-31,46,94.24,1,27.89,Premium,North,0
C0033,2026-05-31,28,36.99,2,50.62,Basic,West,0
C0034,2026-05-31,6,41.91,1,41.54,Basic,East,0
C0035,2026-05-31,71,72.68,0,56.4,Standard,South,0
C0036,2026-05-31,22,26.54,3,21.37,Basic,North,0
C0037,2026-05-31,44,39.89,1,37.03,Basic,East,0
C0038,2026-05-31,34,64.71,0,61.12,Standard,North,0
C0039,2026-05-31,73,34.72,2,14.88,Basic,South,0
C0040,2026-05-31,31,58.11,0,37.75,Standard,West,0
C0041,2026-05-31,51,61.33,0,47.9,Standard,West,0
C0042,2026-05-31,68,91.19,4,72.89,Premium,West,0
C0043,2026-05-31,15,62.34,1,37.69,Standard,West,0
C0044,2026-05-31,9,34.89,0,42.44,Basic,East,0
C0045,2026-05-31,68,95.15,0,66.48,Premium,North,0
C0046,2026-05-31,13,95.39,1,78.79,Premium,West,0
C0047,2026-05-31,44,35.95,3,41.53,Basic,West,1
C0048,2026-05-31,56,36.91,1,49.59,Basic,West,0
C0049,2026-05-31,64,71.25,1,41.53,Standard,East,0
C0050,2026-05-31,54,37.2,1,48.48,Basic,North,1
C0051,2026-05-31,48,33.66,1,36.54,Basic,East,0
C0052,2026-05-31,31,37.47,0,37.67,Basic,South,0
C0053,2026-05-31,17,74.58,1,48.67,Standard,West,0
C0054,2026-05-31,27,68.19,1,23.42,Standard,South,1
C0055,2026-05-31,41,,0,46.09,Standard,South,0
C0056,2026-05-31,64,66.35,1,52.95,Standard,North,0
C0057,2026-05-31,62,67.76,2,54.29,Standard,West,0
C0058,2026-05-31,28,54.01,2,24.91,Standard,West,0
C0059,2026-05-31,63,31.53,1,37.53,Basic,North,0
C0060,2026-05-31,59,33.56,1,44.24,Basic,South,0
C0061,2026-05-31,44,67.02,2,32.62,Standard,South,0
C0062,2026-05-31,24,70.38,3,26.42,Standard,South,1
C0063,2026-05-31,49,74.15,2,54.82,Standard,West,0
C0064,2026-05-31,30,63.57,2,42.3,Standard,North,0
C0065,2026-05-31,66,58.45,0,41.27,Standard,South,0
C0066,2026-05-31,37,62.26,1,63.23,Standard,North,0
C0067,2026-05-31,61,66.86,1,54.51,Standard,North,0
C0068,2026-05-31,56,38.07,2,39.25,Basic,West,0
C0069,2026-05-31,44,29.26,4,64.72,Basic,West,1
C0070,2026-05-31,42,63.08,0,47.49,Standard,North,0
C0071,2026-05-31,68,35.28,0,35.38,Basic,East,0
C0072,2026-05-31,24,42.08,1,47.0,Basic,North,0
C0073,2026-05-31,21,96.77,2,65.42,Premium,North,0
C0074,2026-05-31,70,39.94,1,33.75,Basic,South,0
C0075,2026-05-31,37,36.52,3,26.58,Basic,North,0
C0076,2026-05-31,36,26.52,0,64.41,Basic,South,0
C0077,2026-05-31,12,44.53,0,40.45,Basic,West,1
C0078,2026-05-31,33,60.3,2,54.36,Standard,East,0
C0079,2026-05-31,72,60.68,1,53.52,Standard,East,0
C0080,2026-05-31,42,61.88,3,48.52,Standard,South,0
C0081,2026-05-31,13,68.33,1,50.67,Standard,North,0
C0082,2026-05-31,73,42.26,1,52.0,Basic,North,0
C0083,2026-05-31,73,89.25,0,48.25,Premium,South,0
C0084,2026-05-31,42,27.82,1,41.51,Basic,North,0
C0085,2026-05-31,34,45.06,1,63.13,Basic,West,0
C0086,2026-05-31,34,32.68,3,39.89,Basic,West,0
C0087,2026-05-31,20,67.12,1,47.99,Standard,West,0
C0088,2026-05-31,73,59.96,2,30.63,Standard,East,0
C0089,2026-05-31,48,34.39,3,42.69,Basic,East,1
C0090,2026-05-31,42,66.29,0,52.11,Standard,East,0
C0091,2026-05-31,10,29.81,0,35.39,Basic,South,1
C0092,2026-05-31,48,59.95,2,54.32,Standard,East,0
C0093,2026-05-31,46,65.49,1,31.84,Standard,West,0
C0094,2026-05-31,35,36.28,2,47.73,Basic,West,0
C0095,2026-05-31,11,35.09,1,41.09,Basic,East,0
C0096,2026-05-31,69,69.8,0,52.58,Standard,North,0
C0097,2026-05-31,35,38.82,7,42.25,Basic,East,1
C0098,2026-05-31,23,27.52,1,50.21,Basic,South,0
C0099,2026-05-31,60,33.89,1,53.89,Basic,East,0
C0100,2026-05-31,34,90.97,1,67.06,Premium,East,0
C0101,2026-05-31,52,95.39,2,44.2,Premium,West,0
C0102,2026-05-31,36,65.49,1,57.86,Standard,South,0
C0103,2026-05-31,21,41.48,2,43.87,Basic,West,0
C0104,2026-05-31,69,96.54,0,47.5,Premium,West,0
C0105,2026-05-31,73,66.75,2,44.86,Standard,South,0
C0106,2026-05-31,46,57.01,2,40.76,Standard,South,0
C0107,2026-05-31,61,69.78,1,55.68,Standard,East,0
C0108,2026-05-31,33,32.92,0,42.26,Basic,West,0
C0109,2026-05-31,67,35.02,1,40.44,Basic,East,0
C0110,2026-05-31,31,92.2,1,75.8,Premium,West,0
C0111,2026-05-31,6,56.28,2,54.14,Standard,South,0
C0112,2026-05-31,55,32.39,0,12.53,Basic,East,0
C0113,2026-05-31,64,32.25,2,39.15,Basic,South,0
C0114,2026-05-31,51,58.39,0,48.51,Standard,West,0
C0115,2026-05-31,68,33.18,0,26.48,Basic,South,0
C0116,2026-05-31,7,94.09,2,53.88,Premium,East,0
C0117,2026-05-31,20,60.34,0,59.31,Standard,North,0
C0118,2026-05-31,63,66.94,1,42.08,Standard,West,0
C0119,2026-05-31,39,55.95,1,51.83,Standard,South,0
C0120,2026-05-31,66,55.39,2,35.54,Standard,South,0
C0121,2026-05-31,17,63.93,2,42.06,Standard,East,0
C0122,2026-05-31,48,63.32,3,65.88,Standard,South,0
C0123,2026-05-31,28,37.54,1,30.27,Basic,West,0
C0124,2026-05-31,48,29.37,3,46.75,Basic,East,1
C0125,2026-05-31,55,42.96,0,19.79,Basic,East,0
C0126,2026-05-31,45,69.11,6,68.15,Standard,North,0
C0127,2026-05-31,41,31.11,0,47.86,Basic,North,0
C0128,2026-05-31,8,36.73,2,41.74,Basic,South,0
C0129,2026-05-31,35,29.59,0,46.09,Basic,West,0
C0130,2026-05-31,15,64.38,2,33.68,Standard,West,0
C0131,2026-05-31,71,24.79,2,57.61,Basic,East,0
C0132,2026-05-31,72,92.82,1,58.5,Premium,East,0
C0133,2026-05-31,28,67.69,1,42.07,Standard,South,0
C0134,2026-05-31,27,31.79,0,36.11,Basic,North,0
C0135,2026-05-31,35,59.83,2,45.05,Standard,North,0
C0136,2026-05-31,72,31.0,2,53.56,Basic,South,0
C0137,2026-05-31,71,103.11,1,55.96,Premium,South,0
C0138,2026-05-31,66,63.38,0,60.2,Standard,North,0
C0139,2026-05-31,35,57.71,0,41.61,Standard,South,0
C0140,2026-05-31,61,33.63,0,49.93,Basic,North,0
C0141,2026-05-31,28,66.39,1,44.91,Standard,East,0
C0142,2026-05-31,56,61.18,1,71.36,Standard,West,0
C0143,2026-05-31,68,94.71,2,35.94,Premium,East,0
C0144,2026-05-31,17,62.36,3,55.36,Standard,South,0
C0145,2026-05-31,30,56.04,2,64.27,Standard,South,0
C0146,2026-05-31,66,39.45,0,40.2,Basic,South,0
C0147,2026-05-31,61,34.02,1,61.81,Basic,North,0
C0148,2026-05-31,23,57.06,1,63.61,Standard,East,0
C0149,2026-05-31,12,62.51,0,61.07,Standard,East,0
C0150,2026-05-31,37,31.49,0,36.69,Basic,North,0
C0151,2026-05-31,64,84.77,4,57.08,Premium,South,0
C0152,2026-05-31,49,92.56,3,58.46,Premium,South,0
C0153,2026-05-31,26,29.46,0,51.17,Basic,North,0
C0154,2026-05-31,53,,3,64.67,Standard,East,0
C0155,2026-05-31,36,40.57,2,52.53,Basic,East,0
C0156,2026-05-31,29,57.94,1,37.53,Standard,East,1
C0157,2026-05-31,57,45.56,1,39.8,Basic,East,0
C0158,2026-05-31,28,51.06,2,59.39,Standard,West,0
C0159,2026-05-31,57,,0,48.22,Standard,West,0
C0160,2026-05-31,20,58.05,2,50.49,Standard,East,0
C0161,2026-05-31,63,30.36,3,32.23,Basic,West,0
C0162,2026-05-31,58,102.34,0,48.53,Premium,South,0
C0163,2026-05-31,28,37.38,1,31.44,Basic,West,0
C0164,2026-05-31,69,45.32,1,26.88,Basic,West,0
C0165,2026-05-31,67,59.97,0,52.44,Standard,East,0
C0166,2026-05-31,60,30.17,1,38.03,Basic,West,0
C0167,2026-05-31,73,94.79,1,47.24,Premium,East,0
C0168,2026-05-31,11,99.06,3,30.85,Premium,East,0
C0169,2026-05-31,9,26.73,5,29.44,Basic,South,1
C0170,2026-05-31,39,91.26,2,68.59,Premium,West,0
C0171,2026-05-31,52,35.67,2,30.79,Basic,East,0
C0172,2026-05-31,47,64.52,0,60.3,Standard,West,0
C0173,2026-05-31,33,29.7,3,30.94,Basic,South,0
C0174,2026-05-31,36,102.13,3,71.75,Premium,West,0
C0175,2026-05-31,66,34.21,2,37.06,Basic,North,0
C0176,2026-05-31,34,30.48,1,38.89,Basic,North,0
C0177,2026-05-31,65,72.82,1,66.21,Standard,East,0
C0178,2026-05-31,28,84.63,0,71.24,Premium,East,0
C0179,2026-05-31,66,87.15,0,48.42,Premium,West,0
C0180,2026-05-31,52,66.34,0,36.34,Standard,South,0
C0181,2026-05-31,27,93.07,0,55.39,Premium,East,0
C0182,2026-05-31,52,92.1,1,56.78,Premium,East,0
C0183,2026-05-31,45,64.21,2,41.08,Standard,West,0
C0184,2026-05-31,69,35.44,0,35.64,Basic,East,0
C0185,2026-05-31,45,69.23,0,63.48,Standard,South,0
C0186,2026-05-31,11,69.24,4,43.62,Standard,West,0
C0187,2026-05-31,32,,0,55.86,Basic,North,0
C0188,2026-05-31,65,38.97,2,33.76,Basic,West,0
C0189,2026-05-31,54,66.71,0,62.16,Standard,North,0
C0190,2026-05-31,50,44.35,2,40.38,Basic,South,0
C0191,2026-05-31,16,94.65,2,62.85,Premium,West,0
C0192,2026-05-31,22,30.53,0,36.4,Basic,East,0
C0193,2026-05-31,42,40.27,1,25.99,Basic,West,1
C0194,2026-05-31,37,92.9,1,59.33,Premium,East,0
C0195,2026-05-31,9,32.19,3,46.39,Basic,East,1
C0196,2026-05-31,20,28.19,2,40.96,Basic,South,0
C0197,2026-05-31,9,60.63,1,38.34,Standard,North,0
C0198,2026-05-31,27,94.7,0,48.87,Premium,North,0
C0199,2026-05-31,42,40.08,3,25.76,Basic,South,0
C0200,2026-05-31,72,27.73,1,21.9,Basic,North,0
C0201,2026-05-31,64,60.58,2,47.5,Standard,East,0
C0202,2026-05-31,30,,4,58.2,Premium,West,0
C0203,2026-05-31,7,66.5,0,50.74,Standard,West,0
C0204,2026-05-31,15,38.3,1,23.75,Basic,South,0
C0205,2026-05-31,64,43.86,0,32.15,Basic,West,0
C0206,2026-05-31,12,36.22,2,42.36,Basic,West,1
C0207,2026-05-31,38,44.22,2,58.27,Basic,West,1
C0208,2026-05-31,61,74.69,4,30.15,Standard,South,1
C0209,2026-05-31,51,30.41,3,31.53,Basic,South,0
C0210,2026-05-31,37,66.92,0,54.96,Standard,West,0
C0211,2026-05-31,68,67.39,2,53.29,Standard,North,0
C0212,2026-05-31,60,63.97,0,50.73,Standard,South,0
C0213,2026-05-31,35,43.91,2,50.44,Basic,North,0
C0214,2026-05-31,63,88.68,2,62.91,Premium,West,0
C0215,2026-05-31,60,68.42,1,47.14,Standard,East,0
C0216,2026-05-31,17,62.21,1,41.49,Standard,North,0
C0217,2026-05-31,15,29.5,2,47.98,Basic,North,0
C0218,2026-05-31,44,39.32,1,28.7,Basic,East,0
C0219,2026-05-31,62,101.99,1,61.06,Premium,East,0
C0220,2026-05-31,15,,0,43.47,Basic,West,0
C0221,2026-05-31,71,33.86,2,34.04,Basic,South,0
C0222,2026-05-31,54,67.04,0,42.38,Standard,West,0
C0223,2026-05-31,71,55.99,2,50.14,Standard,South,0
C0224,2026-05-31,22,92.42,0,44.11,Premium,West,0
C0225,2026-05-31,53,36.48,1,42.64,Basic,North,0
C0226,2026-05-31,36,96.72,1,49.62,Premium,North,0
C0227,2026-05-31,11,35.03,1,45.34,Basic,North,0
C0228,2026-05-31,34,70.5,1,35.67,Standard,South,0
C0229,2026-05-31,50,60.37,1,46.16,Standard,West,0
C0230,2026-05-31,9,31.18,2,40.43,Basic,North,1
C0231,2026-05-31,44,34.71,1,41.11,Basic,South,0
C0232,2026-05-31,46,35.35,0,22.58,Basic,North,0
C0233,2026-05-31,21,97.42,1,71.96,Premium,West,0
C0234,2026-05-31,19,66.31,2,51.91,Standard,East,1
C0235,2026-05-31,13,98.44,0,58.88,Premium,West,0
C0236,2026-05-31,44,88.41,3,53.04,Premium,East,0
C0237,2026-05-31,22,61.92,0,26.05,Standard,East,0
C0238,2026-05-31,10,77.4,2,46.89,Standard,West,1
C0239,2026-05-31,71,33.02,2,55.92,Basic,North,0
C0240,2026-05-31,31,35.1,0,41.19,Basic,West,0
C0241,2026-05-31,62,93.66,1,53.48,Premium,East,0
C0242,2026-05-31,48,69.02,0,52.86,Standard,East,0
C0243,2026-05-31,52,36.61,2,53.08,Basic,South,0
C0244,2026-05-31,52,62.21,2,29.74,Standard,West,0
C0245,2026-05-31,47,69.15,2,23.31,Standard,South,1
C0246,2026-05-31,51,90.34,4,61.54,Premium,North,0
C0247,2026-05-31,60,69.24,1,45.67,Standard,West,0
C0248,2026-05-31,16,36.18,0,48.75,Basic,North,0
C0249,2026-05-31,19,33.84,1,34.86,Basic,North,0
C0250,2026-05-31,70,59.76,0,32.15,Standard,East,0
C0251,2026-05-31,35,70.57,0,30.83,Standard,North,0
C0252,2026-05-31,57,103.74,0,28.91,Premium,West,0
C0253,2026-05-31,66,61.04,0,46.98,Standard,South,0
C0254,2026-05-31,60,31.94,0,39.96,Basic,North,0
C0255,2026-05-31,37,33.82,1,44.68,Basic,West,0
C0256,2026-05-31,33,72.78,0,67.49,Standard,East,0
C0257,2026-05-31,16,92.53,0,70.07,Premium,South,0
C0258,2026-05-31,72,34.19,0,34.39,Basic,East,0
C0259,2026-05-31,50,21.92,1,16.35,Basic,East,0
C0260,2026-05-31,49,59.6,1,54.49,Standard,North,0
C0261,2026-05-31,68,38.45,1,42.01,Basic,West,0
C0262,2026-05-31,55,94.23,1,62.83,Premium,South,0
C0263,2026-05-31,38,28.87,0,45.95,Basic,East,1
C0264,2026-05-31,52,28.44,1,28.88,Basic,West,0
C0265,2026-05-31,10,86.76,1,72.95,Premium,East,0
C0266,2026-05-31,72,,1,29.59,Basic,East,0
C0267,2026-05-31,72,35.28,1,48.57,Basic,South,0
C0268,2026-05-31,66,44.2,1,31.68,Basic,North,0
C0269,2026-05-31,10,37.1,3,28.82,Basic,South,0
C0270,2026-05-31,66,31.74,0,48.7,Basic,West,0
C0271,2026-05-31,25,36.39,1,39.72,Basic,East,0
C0272,2026-05-31,28,29.86,1,43.61,Basic,South,0
C0273,2026-05-31,45,35.43,0,49.96,Basic,West,0
C0274,2026-05-31,47,58.18,1,48.1,Standard,West,0
C0275,2026-05-31,61,64.67,0,63.56,Standard,West,0
C0276,2026-05-31,71,25.02,3,33.97,Basic,South,0
C0277,2026-05-31,9,39.29,3,24.64,Basic,East,0
C0278,2026-05-31,70,70.47,1,42.76,Standard,East,0
C0279,2026-05-31,21,90.73,1,60.6,Premium,South,0
C0280,2026-05-31,7,90.44,5,60.06,Premium,South,0
C0281,2026-05-31,39,40.26,1,31.66,Basic,North,0
C0282,2026-05-31,70,40.04,2,26.71,Basic,South,0
C0283,2026-05-31,28,27.31,2,42.4,Basic,East,0
C0284,2026-05-31,28,32.21,1,41.08,Basic,West,0
C0285,2026-05-31,57,61.18,0,33.34,Standard,West,0
C0286,2026-05-31,58,31.49,0,34.09,Basic,North,0
C0287,2026-05-31,43,37.77,3,34.91,Basic,East,1
C0288,2026-05-31,33,30.91,0,54.91,Basic,North,0
C0289,2026-05-31,71,,0,58.79,Standard,East,0
C0290,2026-05-31,14,35.85,2,42.31,Basic,South,0
C0291,2026-05-31,16,98.25,2,44.38,Premium,South,0
C0292,2026-05-31,26,32.78,3,43.32,Basic,East,0
C0293,2026-05-31,18,102.33,1,55.58,Premium,South,0
C0294,2026-05-31,13,31.24,0,28.89,Basic,West,0
C0295,2026-05-31,33,,1,54.07,Premium,East,0
C0296,2026-05-31,21,95.71,2,52.1,Premium,West,0
C0297,2026-05-31,17,96.28,1,50.01,Premium,East,0
C0298,2026-05-31,70,89.77,1,62.87,Premium,South,0
C0299,2026-05-31,38,59.99,0,51.88,Standard,West,0
C0300,2026-05-31,40,60.25,1,25.63,Standard,South,0
C0301,2026-05-31,51,53.09,2,47.1,Standard,East,0
C0302,2026-05-31,31,42.03,0,43.98,Basic,North,0
C0303,2026-05-31,9,58.47,3,49.89,Standard,North,1
C0304,2026-05-31,47,65.37,2,47.97,Standard,East,0
C0305,2026-05-31,44,101.85,0,37.63,Premium,North,0
C0306,2026-05-31,73,69.86,1,33.72,Standard,West,0
C0307,2026-05-31,45,33.92,0,40.6,Basic,West,0
C0308,2026-05-31,12,77.17,0,54.35,Standard,East,0
C0309,2026-05-31,58,26.8,0,28.96,Basic,East,0
C0310,2026-05-31,8,30.9,0,35.99,Basic,East,1
C0311,2026-05-31,45,57.73,1,59.56,Standard,North,0
C0312,2026-05-31,43,35.76,0,36.86,Basic,South,1
C0313,2026-05-31,68,36.16,2,51.27,Basic,South,0
C0314,2026-05-31,47,37.82,1,23.39,Basic,West,0
C0315,2026-05-31,50,36.24,2,40.06,Basic,North,0
C0316,2026-05-31,36,34.14,4,21.63,Basic,South,1
C0317,2026-05-31,38,34.22,1,21.3,Basic,South,0
C0318,2026-05-31,33,64.55,2,50.63,Standard,North,0
C0319,2026-05-31,61,23.17,0,36.92,Basic,North,0
C0320,2026-05-31,27,93.49,3,50.26,Premium,South,0
C0321,2026-05-31,34,94.04,2,49.56,Premium,North,0
C0322,2026-05-31,60,60.19,2,37.84,Standard,North,1
C0323,2026-05-31,35,37.75,2,40.82,Basic,South,0
C0324,2026-05-31,56,59.14,0,36.63,Standard,North,0
C0325,2026-05-31,22,91.42,0,61.28,Premium,East,0
C0326,2026-05-31,72,54.25,3,45.12,Standard,North,0
C0327,2026-05-31,27,100.76,2,65.67,Premium,South,0
C0328,2026-05-31,69,66.36,1,56.26,Standard,South,0
C0329,2026-05-31,50,63.24,1,52.23,Standard,West,0
C0330,2026-05-31,54,35.13,2,23.25,Basic,East,0
C0331,2026-05-31,24,78.0,1,41.77,Standard,West,0
C0332,2026-05-31,21,31.2,1,47.43,Basic,South,0
C0333,2026-05-31,58,69.64,1,53.55,Standard,South,0
C0334,2026-05-31,29,91.66,2,46.37,Premium,South,0
C0335,2026-05-31,25,38.74,1,41.29,Basic,West,0
C0336,2026-05-31,40,,0,68.22,Standard,West,0
C0337,2026-05-31,23,36.69,2,45.15,Basic,West,1
C0338,2026-05-31,26,65.04,2,56.63,Standard,West,0
C0339,2026-05-31,60,32.3,2,47.83,Basic,East,0
C0340,2026-05-31,14,85.06,0,50.71,Premium,East,0
C0341,2026-05-31,17,38.1,0,35.48,Basic,West,0
C0342,2026-05-31,39,99.0,3,54.59,Premium,South,1
C0343,2026-05-31,11,102.31,0,58.31,Premium,South,0
C0344,2026-05-31,54,61.31,2,43.74,Standard,West,1
C0345,2026-05-31,36,72.75,0,43.12,Standard,South,0
C0346,2026-05-31,9,72.95,1,54.52,Standard,North,0
C0347,2026-05-31,53,99.31,2,81.2,Premium,East,0
C0348,2026-05-31,7,27.35,1,23.72,Basic,South,1
C0349,2026-05-31,46,73.43,2,52.16,Standard,West,0
C0350,2026-05-31,60,28.2,4,35.44,Basic,West,0
C0351,2026-05-31,9,58.96,1,43.55,Standard,South,0
C0352,2026-05-31,28,33.77,0,34.17,Basic,East,0
C0353,2026-05-31,25,58.86,1,46.66,Standard,West,0
C0354,2026-05-31,67,74.79,3,65.92,Standard,East,0
C0355,2026-05-31,51,72.41,1,39.7,Standard,North,0
C0356,2026-05-31,32,63.38,6,60.09,Standard,East,0
C0357,2026-05-31,41,78.38,2,31.26,Standard,East,0
C0358,2026-05-31,52,63.34,1,61.01,Standard,East,0
C0359,2026-05-31,14,56.84,0,44.43,Standard,North,0
C0360,2026-05-31,18,61.9,3,57.75,Standard,South,0
C0361,2026-05-31,20,97.41,3,44.11,Premium,West,1
C0362,2026-05-31,31,36.7,1,31.35,Basic,North,1
C0363,2026-05-31,35,31.22,0,45.35,Basic,South,0
C0364,2026-05-31,56,34.43,2,35.27,Basic,South,0
C0365,2026-05-31,38,62.52,1,50.41,Standard,North,0
C0366,2026-05-31,11,36.36,1,52.56,Basic,North,0
C0367,2026-05-31,56,66.16,1,31.37,Standard,South,0
C0368,2026-05-31,53,59.4,2,53.64,Standard,West,0
C0369,2026-05-31,14,26.88,2,49.44,Basic,North,0
C0370,2026-05-31,66,102.13,1,52.51,Premium,South,0
C0371,2026-05-31,10,70.55,1,30.03,Standard,North,0
C0372,2026-05-31,47,29.22,1,44.68,Basic,East,0
C0373,2026-05-31,41,37.55,0,20.48,Basic,South,0
C0374,2026-05-31,8,32.18,0,49.79,Basic,West,0
C0375,2026-05-31,61,32.27,0,23.1,Basic,East,0
C0376,2026-05-31,37,41.63,1,35.25,Basic,West,0
C0377,2026-05-31,41,90.45,2,54.21,Premium,East,0
C0378,2026-05-31,36,70.14,0,60.9,Standard,South,0
C0379,2026-05-31,35,36.14,1,39.59,Basic,West,1
C0380,2026-05-31,35,74.41,3,49.26,Standard,South,0
C0381,2026-05-31,51,61.57,4,40.91,Standard,West,0
C0382,2026-05-31,71,105.5,0,67.0,Premium,West,0
C0383,2026-05-31,26,58.15,1,48.46,Standard,East,0
C0384,2026-05-31,26,59.15,2,43.07,Standard,East,0
C0385,2026-05-31,47,43.2,1,40.95,Basic,South,0
C0386,2026-05-31,58,91.13,4,41.71,Premium,West,0
C0387,2026-05-31,36,62.43,2,56.09,Standard,East,1
C0388,2026-05-31,31,88.84,0,38.7,Premium,West,0
C0389,2026-05-31,14,24.17,1,53.03,Basic,South,0
C0390,2026-05-31,51,91.62,0,58.48,Premium,West,0
C0391,2026-05-31,27,65.89,1,69.93,Standard,South,0
C0392,2026-05-31,57,33.3,0,23.21,Basic,North,0
C0393,2026-05-31,39,63.91,0,47.23,Standard,North,0
C0394,2026-05-31,70,74.15,1,70.35,Standard,East,0
C0395,2026-05-31,30,41.38,0,54.81,Basic,South,0
C0396,2026-05-31,23,59.06,4,39.12,Standard,North,0
C0397,2026-05-31,63,95.94,1,60.79,Premium,South,0
C0398,2026-05-31,69,31.34,3,39.09,Basic,East,1
C0399,2026-05-31,47,72.73,1,52.57,Standard,South,0
C0400,2026-05-31,64,67.72,0,44.51,Standard,West,0
C0401,2026-05-31,30,42.63,0,31.84,Basic,West,0
C0402,2026-05-31,30,100.63,0,37.22,Premium,East,0
C0403,2026-05-31,53,76.17,0,49.25,Standard,West,0
C0404,2026-05-31,21,33.75,1,43.29,Basic,South,0
C0405,2026-05-31,50,93.28,0,41.33,Premium,North,0
C0406,2026-05-31,18,,0,25.95,Premium,North,0
C0407,2026-05-31,68,40.13,1,51.48,Basic,West,0
C0408,2026-05-31,69,97.65,3,55.33,Premium,West,0
C0409,2026-05-31,38,36.09,0,35.72,Basic,East,0
C0410,2026-05-31,37,91.98,2,49.48,Premium,North,0
C0411,2026-05-31,17,64.7,1,39.6,Standard,South,0
C0412,2026-05-31,59,63.42,0,33.99,Standard,North,0
C0413,2026-05-31,45,28.66,1,30.68,Basic,North,0
C0414,2026-05-31,55,95.09,0,57.99,Premium,North,0
C0415,2026-05-31,37,35.33,2,31.6,Basic,East,0
C0416,2026-05-31,6,36.09,0,45.27,Basic,North,0
C0417,2026-05-31,43,33.83,3,37.7,Basic,West,0
C0418,2026-05-31,35,75.83,1,59.22,Standard,South,0
C0419,2026-05-31,36,38.28,0,43.32,Basic,South,0
C0420,2026-05-31,39,98.91,1,64.78,Premium,East,0
C0421,2026-05-31,71,59.07,1,46.35,Standard,West,0
C0422,2026-05-31,10,36.4,0,28.17,Basic,South,0
C0423,2026-05-31,29,28.79,2,28.16,Basic,North,1
C0424,2026-05-31,11,31.86,1,32.11,Basic,North,0
C0425,2026-05-31,10,62.82,2,39.66,Standard,West,0
C0426,2026-05-31,63,90.97,0,54.45,Premium,North,0
C0427,2026-05-31,31,44.86,1,31.0,Basic,East,0
C0428,2026-05-31,72,95.03,1,73.53,Premium,South,0
C0429,2026-05-31,55,31.49,0,23.74,Basic,West,0
C0430,2026-05-31,25,102.4,0,55.35,Premium,North,0
C0431,2026-05-31,53,95.0,1,49.3,Premium,West,0
C0432,2026-05-31,18,66.22,1,47.15,Standard,East,0
C0433,2026-05-31,31,64.33,2,36.89,Standard,South,0
C0434,2026-05-31,57,107.72,2,27.91,Premium,North,0
C0435,2026-05-31,9,34.6,2,48.64,Basic,West,0
C0436,2026-05-31,39,33.64,3,63.69,Basic,South,0
C0437,2026-05-31,29,43.5,2,35.49,Basic,South,1
C0438,2026-05-31,12,68.05,3,51.78,Standard,South,0
C0439,2026-05-31,9,64.48,2,51.72,Standard,North,0
C0440,2026-05-31,66,66.66,0,41.22,Standard,South,0
C0441,2026-05-31,68,94.97,0,49.71,Premium,North,0
C0442,2026-05-31,27,34.51,1,17.99,Basic,North,0
C0443,2026-05-31,33,63.37,1,56.11,Standard,South,0
C0444,2026-05-31,49,30.9,3,44.95,Basic,North,0
C0445,2026-05-31,47,41.95,4,24.27,Basic,South,1
C0446,2026-05-31,31,67.04,2,42.63,Standard,West,0
C0447,2026-05-31,68,98.2,1,48.61,Premium,North,0
C0448,2026-05-31,61,62.6,2,43.53,Standard,North,0
C0449,2026-05-31,39,46.76,3,45.82,Basic,North,0
C0450,2026-05-31,42,65.13,1,41.31,Standard,East,0
C0451,2026-05-31,30,35.1,0,48.03,Basic,South,0
C0452,2026-05-31,14,97.74,2,35.17,Premium,South,0
C0453,2026-05-31,73,60.75,1,40.1,Standard,North,0
C0454,2026-05-31,38,36.73,0,55.97,Basic,South,0
C0455,2026-05-31,7,24.63,0,51.51,Basic,South,0
C0456,2026-05-31,14,39.29,1,32.87,Basic,South,0
C0457,2026-05-31,20,93.68,1,50.11,Premium,East,0
C0458,2026-05-31,66,70.71,0,43.72,Standard,West,0
C0459,2026-05-31,55,55.96,1,46.42,Standard,South,0
C0460,2026-05-31,30,69.09,3,44.91,Standard,West,0
C0461,2026-05-31,11,70.07,1,44.72,Standard,East,0
C0462,2026-05-31,62,33.06,2,29.54,Basic,South,0
C0463,2026-05-31,57,100.31,0,54.24,Premium,North,0
C0464,2026-05-31,51,37.49,1,35.03,Basic,South,0
C0465,2026-05-31,24,68.81,2,47.0,Standard,East,0
C0466,2026-05-31,55,62.5,0,55.43,Standard,North,0
C0467,2026-05-31,43,62.12,2,23.62,Standard,West,0
C0468,2026-05-31,14,100.25,0,60.52,Premium,South,0
C0469,2026-05-31,23,27.73,0,25.68,Basic,West,1
C0470,2026-05-31,40,67.57,1,54.22,Standard,East,0
C0471,2026-05-31,9,23.35,2,45.99,Basic,South,0
C0472,2026-05-31,17,60.38,3,56.02,Standard,North,1
C0473,2026-05-31,29,28.16,0,36.61,Basic,East,0
C0474,2026-05-31,38,35.4,0,30.28,Basic,South,1
C0475,2026-05-31,18,29.0,1,45.11,Basic,North,0
C0476,2026-05-31,57,34.38,0,34.17,Basic,West,0
C0477,2026-05-31,48,70.18,2,45.36,Standard,South,1
C0478,2026-05-31,49,64.4,0,42.2,Standard,North,0
C0479,2026-05-31,23,56.19,0,46.61,Standard,South,1
C0480,2026-05-31,64,32.37,4,40.09,Basic,South,1
C0481,2026-05-31,34,37.94,1,38.13,Basic,West,0
C0482,2026-05-31,40,34.78,0,40.83,Basic,East,0
C0483,2026-05-31,65,62.78,0,46.34,Standard,North,0
C0484,2026-05-31,48,42.88,1,32.3,Basic,North,0
C0485,2026-05-31,73,37.14,3,47.6,Basic,East,0
C0486,2026-05-31,30,33.5,2,53.06,Basic,North,0
C0487,2026-05-31,20,63.21,0,62.44,Standard,South,0
C0488,2026-05-31,13,37.02,0,65.01,Basic,North,0
C0489,2026-05-31,46,70.54,0,40.61,Standard,North,0
C0490,2026-05-31,60,69.87,3,42.72,Standard,West,0
C0491,2026-05-31,73,72.6,2,48.51,Standard,North,0
C0492,2026-05-31,71,59.52,1,40.9,Standard,North,0
C0493,2026-05-31,56,70.99,1,43.63,Standard,West,0
C0494,2026-05-31,72,29.35,1,31.98,Basic,North,0
C0495,2026-05-31,55,56.79,1,36.67,Standard,West,0
C0496,2026-05-31,13,57.73,2,41.59,Standard,North,0
C0497,2026-05-31,6,59.8,2,36.7,Standard,North,0
C0498,2026-05-31,33,61.63,2,42.52,Standard,North,0
C0499,2026-05-31,46,27.46,2,36.69,Basic,East,0
C0500,2026-05-31,19,71.41,1,68.06,Standard,East,0
C0501,2026-05-31,43,59.74,0,38.84,Standard,South,0
C0502,2026-05-31,42,93.13,0,58.71,Premium,North,0
C0503,2026-05-31,17,95.55,1,45.64,Premium,North,0
C0504,2026-05-31,48,69.74,3,63.46,Standard,East,0
C0505,2026-05-31,47,59.55,1,59.11,Standard,North,0
C0506,2026-05-31,42,70.37,4,50.12,Standard,East,1
C0507,2026-05-31,68,36.3,0,30.79,Basic,East,0
C0508,2026-05-31,45,100.58,0,56.54,Premium,West,0
C0509,2026-05-31,37,66.69,1,36.07,Standard,South,0
C0510,2026-05-31,47,32.11,2,56.64,Basic,North,0
C0511,2026-05-31,11,32.05,2,54.91,Basic,South,0
C0512,2026-05-31,14,93.93,0,61.77,Premium,West,0
C0513,2026-05-31,68,38.66,1,24.8,Basic,East,1
C0514,2026-05-31,35,38.3,0,32.97,Basic,East,0
C0515,2026-05-31,6,38.47,1,47.17,Basic,South,0
C0516,2026-05-31,7,40.46,2,41.92,Basic,North,0
C0517,2026-05-31,16,30.65,1,42.47,Basic,West,0
C0518,2026-05-31,39,60.67,2,32.47,Standard,West,0
C0519,2026-05-31,10,32.47,4,46.21,Basic,West,0
C0520,2026-05-31,69,95.24,2,62.9,Premium,West,0
C0001,2026-06-30,46,60.86,0,61.94,Standard,East,0
C0002,2026-06-30,55,58.74,1,67.53,Standard,West,0
C0003,2026-06-30,71,94.37,1,59.34,Premium,South,0
C0004,2026-06-30,41,64.8,2,53.22,Standard,South,1
C0005,2026-06-30,59,34.99,2,39.37,Basic,East,0
C0006,2026-06-30,17,93.12,1,56.13,Premium,North,0
C0007,2026-06-30,22,72.74,1,40.05,Standard,North,0
C0008,2026-06-30,61,64.01,1,59.82,Standard,East,0
C0009,2026-06-30,54,37.34,3,43.06,Basic,East,0
C0010,2026-06-30,52,78.17,1,51.52,Standard,North,0
C0011,2026-06-30,39,26.37,1,52.08,Basic,East,0
C0012,2026-06-30,43,100.56,0,42.21,Premium,South,0
C0013,2026-06-30,43,65.54,4,31.72,Standard,East,0
C0014,2026-06-30,12,100.43,1,71.2,Premium,West,0
C0015,2026-06-30,69,63.56,2,52.43,Standard,North,0
C0016,2026-06-30,37,35.1,1,44.24,Basic,West,0
C0017,2026-06-30,14,68.25,3,46.78,Standard,South,0
C0018,2026-06-30,18,32.9,0,42.82,Basic,West,0
C0019,2026-06-30,25,93.8,1,70.81,Premium,South,0
C0020,2026-06-30,30,60.27,1,49.58,Standard,South,0
C0021,2026-06-30,30,74.38,4,53.7,Standard,West,0
C0022,2026-06-30,73,44.29,3,39.0,Basic,East,0
C0023,2026-06-30,8,109.42,2,53.99,Premium,North,0
C0024,2026-06-30,18,93.98,1,36.7,Premium,East,0
C0025,2026-06-30,35,63.74,1,61.43,Standard,West,0
C0026,2026-06-30,72,29.86,4,50.71,Basic,South,0
C0027,2026-06-30,43,60.28,0,38.02,Standard,West,0
C0028,2026-06-30,40,32.23,1,31.49,Basic,East,0
C0029,2026-06-30,69,39.13,2,33.8,Basic,South,0
C0030,2026-06-30,8,64.21,0,49.07,Standard,North,0
C0031,2026-06-30,71,61.49,1,46.49,Standard,East,0
C0032,2026-06-30,61,83.21,3,36.95,Premium,North,0
C0033,2026-06-30,42,32.74,1,47.85,Basic,West,1
C0034,2026-06-30,31,33.75,0,50.1,Basic,East,0
C0035,2026-06-30,42,62.25,1,42.86,Standard,South,0
C0036,2026-06-30,64,25.08,2,19.98,Basic,North,0
C0037,2026-06-30,74,33.65,0,29.56,Basic,East,0
C0038,2026-06-30,61,63.93,0,57.42,Standard,North,0
C0039,2026-06-30,10,31.83,0,19.41,Basic,South,0
C0040,2026-06-30,41,60.23,0,47.8,Standard,West,0
C0041,2026-06-30,55,58.95,1,43.68,Standard,West,0
C0042,2026-06-30,37,103.06,0,65.95,Premium,West,0
C0043,2026-06-30,31,67.24,1,45.49,Standard,West,0
C0044,2026-06-30,18,29.13,1,46.57,Basic,East,0
C0045,2026-06-30,7,,1,57.59,Premium,North,0
C0046,2026-06-30,61,97.48,1,75.2,Premium,West,0
C0047,2026-06-30,36,45.45,1,27.04,Basic,West,0
C0048,2026-06-30,69,28.59,3,47.05,Basic,West,0
C0049,2026-06-30,72,70.69,2,33.51,Standard,East,0
C0050,2026-06-30,11,33.69,1,50.3,Basic,North,0
C0051,2026-06-30,46,38.31,0,35.49,Basic,East,0
C0052,2026-06-30,35,26.6,0,43.99,Basic,South,0
C0053,2026-06-30,18,67.15,1,49.3,Standard,West,0
C0054,2026-06-30,71,72.44,0,28.26,Standard,South,0
C0055,2026-06-30,7,60.36,1,56.02,Standard,South,0
C0056,2026-06-30,69,60.57,0,59.68,Standard,North,0
C0057,2026-06-30,64,,1,57.82,Standard,West,0
C0058,2026-06-30,70,58.55,0,34.5,Standard,West,0
C0059,2026-06-30,7,34.51,3,37.83,Basic,North,0
C0060,2026-06-30,41,38.3,0,42.21,Basic,South,0
C0061,2026-06-30,59,74.15,1,25.74,Standard,South,0
C0062,2026-06-30,22,60.34,0,31.23,Standard,South,0
C0063,2026-06-30,39,68.16,1,47.16,Standard,West,0
C0064,2026-06-30,57,62.68,0,52.47,Standard,North,0
C0065,2026-06-30,56,65.69,0,53.11,Standard,South,0
C0066,2026-06-30,72,62.49,0,74.23,Standard,North,0
C0067,2026-06-30,47,66.85,0,54.25,Standard,North,0
C0068,2026-06-30,45,36.33,0,48.44,Basic,West,0
C0069,2026-06-30,51,30.6,1,67.48,Basic,West,0
C0070,2026-06-30,65,,1,47.39,Standard,North,0
C0071,2026-06-30,71,34.07,2,38.98,Basic,East,0
C0072,2026-06-30,12,30.6,1,48.55,Basic,North,0
C0073,2026-06-30,33,88.02,3,66.41,Premium,North,0
C0074,2026-06-30,19,29.08,0,35.82,Basic,South,0
C0075,2026-06-30,35,33.39,2,34.69,Basic,North,0
C0076,2026-06-30,14,30.91,4,66.73,Basic,South,0
C0077,2026-06-30,39,26.7,1,39.33,Basic,West,0
C0078,2026-06-30,29,67.21,2,42.03,Standard,East,0
C0079,2026-06-30,31,71.96,0,64.37,Standard,East,0
C0080,2026-06-30,57,62.0,0,44.32,Standard,South,0
C0081,2026-06-30,71,60.86,0,50.42,Standard,North,0
C0082,2026-06-30,29,39.82,0,43.33,Basic,North,0
C0083,2026-06-30,50,92.3,1,45.59,Premium,South,0
C0084,2026-06-30,53,40.27,0,43.78,Basic,North,0
C0085,2026-06-30,29,33.49,0,55.86,Basic,West,0
C0086,2026-06-30,34,36.88,1,45.66,Basic,West,0
C0087,2026-06-30,35,67.27,3,50.5,Standard,West,0
C0088,2026-06-30,72,75.36,2,44.1,Standard,East,1
C0089,2026-06-30,22,33.84,1,35.24,Basic,East,0
C0090,2026-06-30,55,65.07,1,46.94,Standard,East,0
C0091,2026-06-30,44,38.91,1,36.69,Basic,South,0
C0092,2026-06-30,21,65.01,1,64.21,Standard,East,0
C0093,2026-06-30,19,67.82,0,32.67,Standard,West,0
C0094,2026-06-30,46,36.63,0,48.8,Basic,West,0
C0095,2026-06-30,33,37.11,0,45.43,Basic,East,0
C0096,2026-06-30,43,61.48,2,59.4,Standard,North,0
C0097,2026-06-30,14,33.64,1,26.91,Basic,East,1
C0098,2026-06-30,10,38.72,2,48.5,Basic,South,0
C0099,2026-06-30,14,31.78,2,58.51,Basic,East,0
C0100,2026-06-30,60,87.95,0,67.26,Premium,East,0
C0101,2026-06-30,13,93.48,2,46.71,Premium,West,0
C0102,2026-06-30,47,60.36,1,62.39,Standard,South,0
C0103,2026-06-30,21,28.62,2,45.67,Basic,West,0
C0104,2026-06-30,64,91.83,0,35.35,Premium,West,0
C0105,2026-06-30,11,64.42,0,53.88,Standard,South,0
C0106,2026-06-30,72,61.17,0,51.05,Standard,South,0
C0107,2026-06-30,16,65.64,1,53.0,Standard,East,0
C0108,2026-06-30,45,36.85,1,50.66,Basic,West,0
C0109,2026-06-30,56,38.59,0,47.49,Basic,East,0
C0110,2026-06-30,18,94.89,1,72.46,Premium,West,0
C0111,2026-06-30,56,68.17,3,48.1,Standard,South,0
C0112,2026-06-30,23,32.18,1,14.43,Basic,East,1
C0113,2026-06-30,45,36.48,3,28.46,Basic,South,0
C0114,2026-06-30,25,62.28,1,47.53,Standard,West,0
C0115,2026-06-30,48,31.08,1,22.91,Basic,South,0
C0116,2026-06-30,31,81.22,2,53.71,Premium,East,0
C0117,2026-06-30,43,53.22,1,58.5,Standard,North,0
C0118,2026-06-30,48,64.95,0,40.41,Standard,West,0
C0119,2026-06-30,52,63.16,3,53.0,Standard,South,0
C0120,2026-06-30,57,70.1,1,46.32,Standard,South,0
C0121,2026-06-30,10,63.15,1,43.64,Standard,East,0
C0122,2026-06-30,14,61.19,1,58.9,Standard,South,0
C0123,2026-06-30,49,35.23,1,34.18,Basic,West,0
C0124,2026-06-30,30,39.43,2,36.56,Basic,East,0
C0125,2026-06-30,52,34.54,3,29.17,Basic,East,0
C0126,2026-06-30,34,64.35,0,66.44,Standard,North,0
C0127,2026-06-30,53,32.15,3,42.61,Basic,North,0
C0128,2026-06-30,19,32.06,0,35.84,Basic,South,0
C0129,2026-06-30,16,34.22,1,57.95,Basic,West,0
C0130,2026-06-30,17,66.37,0,36.0,Standard,West,1
C0131,2026-06-30,20,35.08,0,49.17,Basic,East,0
C0132,2026-06-30,50,98.33,1,54.94,Premium,East,0
C0133,2026-06-30,15,69.54,2,46.22,Standard,South,1
C0134,2026-06-30,19,38.13,1,42.4,Basic,North,0
C0135,2026-06-30,7,70.37,0,30.84,Standard,North,0
C0136,2026-06-30,29,39.01,1,53.25,Basic,South,0
C0137,2026-06-30,46,93.64,2,62.32,Premium,South,0
C0138,2026-06-30,44,57.68,1,51.91,Standard,North,0
C0139,2026-06-30,42,60.26,1,46.43,Standard,South,0
C0140,2026-06-30,41,38.51,1,38.01,Basic,North,0
C0141,2026-06-30,10,69.0,0,46.87,Standard,East,0
C0142,2026-06-30,69,67.55,0,74.58,Standard,West,0
C0143,2026-06-30,12,92.03,3,40.85,Premium,East,0
C0144,2026-06-30,55,70.07,3,58.74,Standard,South,0
C0145,2026-06-30,53,65.7,3,64.57,Standard,South,0
C0146,2026-06-30,57,29.34,2,31.76,Basic,South,0
C0147,2026-06-30,16,40.69,2,62.01,Basic,North,0
C0148,2026-06-30,20,58.12,0,59.16,Standard,East,0
C0149,2026-06-30,60,62.21,1,56.39,Standard,East,0
C0150,2026-06-30,22,48.29,1,40.11,Basic,North,0
C0151,2026-06-30,39,93.69,2,59.27,Premium,South,0
C0152,2026-06-30,64,97.18,2,56.52,Premium,South,1
C0153,2026-06-30,30,42.07,2,47.72,Basic,North,0
C0154,2026-06-30,8,59.77,4,60.16,Standard,East,1
C0155,2026-06-30,41,31.17,0,46.43,Basic,East,0
C0156,2026-06-30,44,76.45,3,35.96,Standard,East,0
C0157,2026-06-30,65,36.91,1,47.51,Basic,East,0
C0158,2026-06-30,22,52.59,0,50.81,Standard,West,0
C0159,2026-06-30,49,66.39,1,50.1,Standard,West,0
C0160,2026-06-30,74,70.66,2,48.9,Standard,East,0
C0161,2026-06-30,27,37.29,1,39.02,Basic,West,0
C0162,2026-06-30,19,87.01,3,55.6,Premium,South,0
C0163,2026-06-30,17,25.85,2,32.44,Basic,West,1
C0164,2026-06-30,24,37.37,1,29.06,Basic,West,0
C0165,2026-06-30,39,68.46,1,49.71,Standard,East,0
C0166,2026-06-30,29,35.56,2,43.61,Basic,West,0
C0167,2026-06-30,21,98.74,0,50.01,Premium,East,0
C0168,2026-06-30,27,85.22,0,26.16,Premium,East,0
C0169,2026-06-30,36,41.27,0,26.42,Basic,South,0
C0170,2026-06-30,33,94.27,0,72.91,Premium,West,0
C0171,2026-06-30,50,38.09,2,33.91,Basic,East,0
C0172,2026-06-30,41,67.85,1,47.91,Standard,West,0
C0173,2026-06-30,53,39.24,3,19.23,Basic,South,0
C0174,2026-06-30,60,88.18,0,72.32,Premium,West,0
C0175,2026-06-30,67,22.55,2,41.57,Basic,North,0
C0176,2026-06-30,20,36.65,2,41.11,Basic,North,1
C0177,2026-06-30,11,60.05,1,76.73,Standard,East,0
C0178,2026-06-30,49,93.55,0,68.87,Premium,East,0
C0179,2026-06-30,73,97.19,2,47.54,Premium,West,0
C0180,2026-06-30,57,57.0,1,36.57,Standard,South,0
C0181,2026-06-30,18,95.49,1,45.65,Premium,East,0
C0182,2026-06-30,56,92.55,0,62.57,Premium,East,0
C0183,2026-06-30,49,64.25,0,52.66,Standard,West,0
C0184,2026-06-30,26,31.27,2,46.07,Basic,East,1
C0185,2026-06-30,49,62.8,0,73.07,Standard,South,0
C0186,2026-06-30,70,59.4,1,47.47,Standard,West,0
C0187,2026-06-30,43,33.2,1,61.99,Basic,North,0
C0188,2026-06-30,54,31.49,0,34.03,Basic,West,0
C0189,2026-06-30,16,66.39,2,60.43,Standard,North,1
C0190,2026-06-30,17,35.22,4,52.94,Basic,South,0
C0191,2026-06-30,12,84.43,1,64.37,Premium,West,0
C0192,2026-06-30,38,39.83,0,31.55,Basic,East,0
C0193,2026-06-30,18,34.93,1,36.0,Basic,West,0
C0194,2026-06-30,72,102.84,1,68.15,Premium,East,0
C0195,2026-06-30,31,37.5,1,48.99,Basic,East,0
C0196,2026-06-30,14,32.37,0,53.43,Basic,South,0
C0197,2026-06-30,16,62.43,1,37.58,Standard,North,0
C0198,2026-06-30,30,99.92,0,48.54,Premium,North,0
C0199,2026-06-30,27,33.83,3,30.42,Basic,South,0
C0200,2026-06-30,52,37.54,1,27.11,Basic,North,0
C0201,2026-06-30,38,62.39,2,49.89,Standard,East,0
C0202,2026-06-30,10,89.19,3,60.55,Premium,West,0
C0203,2026-06-30,34,67.42,1,47.36,Standard,West,0
C0204,2026-06-30,58,32.1,1,25.91,Basic,South,0
C0205,2026-06-30,68,42.76,0,38.29,Basic,West,0
C0206,2026-06-30,16,44.76,1,34.44,Basic,West,0
C0207,2026-06-30,59,41.54,2,67.44,Basic,West,0
C0208,2026-06-30,65,71.22,2,33.12,Standard,South,0
C0209,2026-06-30,33,40.81,2,30.9,Basic,South,0
C0210,2026-06-30,34,67.85,3,70.93,Standard,West,0
C0211,2026-06-30,53,67.53,2,53.02,Standard,North,0
C0212,2026-06-30,73,69.6,2,50.24,Standard,South,0
C0213,2026-06-30,44,37.1,0,45.44,Basic,North,0
C0214,2026-06-30,68,93.11,2,51.75,Premium,West,0
C0215,2026-06-30,9,67.45,0,60.71,Standard,East,0
C0216,2026-06-30,19,63.21,1,34.64,Standard,North,0
C0217,2026-06-30,49,30.03,0,47.99,Basic,North,0
C0218,2026-06-30,56,25.43,2,29.17,Basic,East,0
C0219,2026-06-30,40,96.16,1,62.75,Premium,East,0
C0220,2026-06-30,36,36.4,3,48.94,Basic,West,0
C0221,2026-06-30,59,37.18,2,34.35,Basic,South,0
C0222,2026-06-30,32,62.66,0,47.43,Standard,West,0
C0223,2026-06-30,10,69.81,1,43.73,Standard,South,0
C0224,2026-06-30,33,102.48,0,53.02,Premium,West,0
C0225,2026-06-30,42,31.15,2,44.81,Basic,North,0
C0226,2026-06-30,56,88.06,0,56.3,Premium,North,0
C0227,2026-06-30,61,35.51,1,43.68,Basic,North,0
C0228,2026-06-30,28,66.96,0,40.48,Standard,South,0
C0229,2026-06-30,22,71.49,0,60.05,Standard,West,0
C0230,2026-06-30,7,34.38,2,27.19,Basic,North,0
C0231,2026-06-30,19,37.18,0,32.35,Basic,South,0
C0232,2026-06-30,72,38.34,4,36.72,Basic,North,0
C0233,2026-06-30,58,100.63,3,65.98,Premium,West,0
C0234,2026-06-30,27,73.24,1,52.51,Standard,East,0
C0235,2026-06-30,40,98.12,5,56.48,Premium,West,0
C0236,2026-06-30,62,97.43,3,61.11,Premium,East,0
C0237,2026-06-30,38,68.46,1,31.55,Standard,East,0
C0238,2026-06-30,16,65.57,0,43.17,Standard,West,0
C0239,2026-06-30,14,40.94,0,55.12,Basic,North,0
C0240,2026-06-30,34,37.66,1,40.29,Basic,West,1
C0241,2026-06-30,69,93.04,2,58.82,Premium,East,0
C0242,2026-06-30,31,67.61,1,54.24,Standard,East,0
C0243,2026-06-30,41,25.49,2,50.28,Basic,South,0
C0244,2026-06-30,23,64.42,0,20.43,Standard,West,0
C0245,2026-06-30,59,66.33,1,42.67,Standard,South,0
C0246,2026-06-30,12,99.4,2,60.66,Premium,North,1
C0247,2026-06-30,21,62.42,1,41.79,Standard,West,0
C0248,2026-06-30,38,39.08,1,53.81,Basic,North,0
C0249,2026-06-30,53,32.27,1,27.91,Basic,North,0
C0250,2026-06-30,20,60.18,3,26.29,Standard,East,0
C0251,2026-06-30,59,60.81,1,35.4,Standard,North,0
C0252,2026-06-30,32,102.58,0,33.28,Premium,West,0
C0253,2026-06-30,23,57.19,1,47.62,Standard,South,0
C0254,2026-06-30,28,29.19,3,31.45,Basic,North,1
C0255,2026-06-30,65,41.78,1,35.86,Basic,West,0
C0256,2026-06-30,65,68.17,1,54.53,Standard,East,0
C0257,2026-06-30,71,95.04,0,63.59,Premium,South,0
C0258,2026-06-30,56,25.89,2,38.07,Basic,East,0
C0259,2026-06-30,19,39.83,1,25.44,Basic,East,1
C0260,2026-06-30,28,62.2,2,55.01,Standard,North,0
C0261,2026-06-30,48,36.71,1,48.4,Basic,West,0
C0262,2026-06-30,36,102.73,1,57.67,Premium,South,0
C0263,2026-06-30,36,38.43,1,53.13,Basic,East,0
C0264,2026-06-30,24,36.94,1,24.81,Basic,West,0
C0265,2026-06-30,53,97.17,2,77.66,Premium,East,0
C0266,2026-06-30,25,35.32,1,36.93,Basic,East,1
C0267,2026-06-30,73,43.73,0,40.24,Basic,South,0
C0268,2026-06-30,23,33.8,0,22.6,Basic,North,0
C0269,2026-06-30,51,31.83,1,39.11,Basic,South,0
C0270,2026-06-30,74,30.65,2,52.46,Basic,West,0
C0271,2026-06-30,70,37.44,1,40.81,Basic,East,0
C0272,2026-06-30,70,30.6,1,44.68,Basic,South,0
C0273,2026-06-30,43,39.93,0,44.58,Basic,West,0
C0274,2026-06-30,63,60.74,2,47.27,Standard,West,0
C0275,2026-06-30,30,74.92,0,60.41,Standard,West,0
C0276,2026-06-30,35,46.79,1,48.4,Basic,South,0
C0277,2026-06-30,31,35.0,1,26.45,Basic,East,0
C0278,2026-06-30,49,61.54,2,43.59,Standard,East,0
C0279,2026-06-30,31,100.8,1,61.13,Premium,South,0
C0280,2026-06-30,33,99.25,2,62.25,Premium,South,0
C0281,2026-06-30,73,41.92,0,24.21,Basic,North,0
C0282,2026-06-30,48,31.24,1,31.06,Basic,South,0
C0283,2026-06-30,8,29.1,1,39.02,Basic,East,0
C0284,2026-06-30,11,33.96,6,34.98,Basic,West,1
C0285,2026-06-30,46,66.98,0,30.99,Standard,West,0
C0286,2026-06-30,33,,0,43.88,Basic,North,0
C0287,2026-06-30,57,36.65,3,41.08,Basic,East,0
C0288,2026-06-30,37,29.61,1,47.56,Basic,North,0
C0289,2026-06-30,39,,2,50.86,Standard,East,0
C0290,2026-06-30,53,33.48,1,38.97,Basic,South,0
C0291,2026-06-30,12,93.03,0,52.46,Premium,South,0
C0292,2026-06-30,54,30.85,2,32.54,Basic,East,0
C0293,2026-06-30,73,98.86,1,56.64,Premium,South,0
C0294,2026-06-30,58,35.69,1,30.25,Basic,West,0
C0295,2026-06-30,9,100.93,1,50.92,Premium,East,0
C0296,2026-06-30,72,93.99,0,54.66,Premium,West,0
C0297,2026-06-30,27,98.56,1,51.34,Premium,East,0
C0298,2026-06-30,26,97.34,2,61.02,Premium,South,0
C0299,2026-06-30,8,63.79,3,58.53,Standard,West,0
C0300,2026-06-30,23,68.13,1,38.32,Standard,South,0
C0301,2026-06-30,41,60.41,3,56.72,Standard,East,0
C0302,2026-06-30,17,34.5,1,47.22,Basic,North,0
C0303,2026-06-30,62,60.79,1,55.74,Standard,North,0
C0304,2026-06-30,47,66.11,3,48.06,Standard,East,1
C0305,2026-06-30,47,89.77,1,42.47,Premium,North,0
C0306,2026-06-30,68,66.94,1,33.83,Standard,West,1
C0307,2026-06-30,17,23.53,1,39.75,Basic,West,1
C0308,2026-06-30,7,59.63,0,60.0,Standard,East,0
C0309,2026-06-30,48,34.54,1,19.45,Basic,East,0
C0310,2026-06-30,31,38.91,0,45.24,Basic,East,0
C0311,2026-06-30,50,69.55,2,58.55,Standard,North,0
C0312,2026-06-30,70,36.6,0,32.05,Basic,South,0
C0313,2026-06-30,19,33.77,1,39.56,Basic,South,0
C0314,2026-06-30,19,26.95,1,31.27,Basic,West,1
C0315,2026-06-30,36,32.34,1,40.05,Basic,North,0
C0316,2026-06-30,57,38.45,3,23.89,Basic,South,0
C0317,2026-06-30,15,34.46,1,18.19,Basic,South,0
C0318,2026-06-30,48,57.28,3,57.31,Standard,North,0
C0319,2026-06-30,22,45.03,1,29.17,Basic,North,0
C0320,2026-06-30,11,96.35,1,52.95,Premium,South,0
C0321,2026-06-30,26,102.29,3,43.46,Premium,North,1
C0322,2026-06-30,47,66.19,1,33.73,Standard,North,0
C0323,2026-06-30,63,36.79,0,40.36,Basic,South,0
C0324,2026-06-30,52,65.16,0,35.6,Standard,North,0
C0325,2026-06-30,73,89.38,0,58.39,Premium,East,0
C0326,2026-06-30,26,54.81,1,51.56,Standard,North,0
C0327,2026-06-30,29,92.16,2,66.2,Premium,South,0
C0328,2026-06-30,44,64.05,3,54.04,Standard,South,0
C0329,2026-06-30,43,67.75,2,67.6,Standard,West,0
C0330,2026-06-30,47,36.55,3,25.22,Basic,East,1
C0331,2026-06-30,37,66.71,2,49.18,Standard,West,0
C0332,2026-06-30,40,28.44,0,58.16,Basic,South,0
C0333,2026-06-30,33,61.03,1,65.49,Standard,South,0
C0334,2026-06-30,11,89.03,2,35.7,Premium,South,0
C0335,2026-06-30,17,33.69,1,30.12,Basic,West,0
C0336,2026-06-30,64,57.18,0,60.68,Standard,West,0
C0337,2026-06-30,44,32.36,1,50.0,Basic,West,0
C0338,2026-06-30,8,71.52,3,54.6,Standard,West,0
C0339,2026-06-30,46,34.01,1,37.26,Basic,East,0
C0340,2026-06-30,47,89.71,2,56.31,Premium,East,0
C0341,2026-06-30,34,39.37,0,38.55,Basic,West,0
C0342,2026-06-30,54,97.22,3,45.99,Premium,South,0
C0343,2026-06-30,22,96.67,1,52.44,Premium,South,0
C0344,2026-06-30,70,65.69,1,51.61,Standard,West,0
C0345,2026-06-30,69,60.95,3,44.62,Standard,South,0
C0346,2026-06-30,46,61.35,0,47.07,Standard,North,0
C0347,2026-06-30,29,100.43,2,86.8,Premium,East,0
C0348,2026-06-30,50,29.99,2,21.87,Basic,South,0
C0349,2026-06-30,12,60.05,1,50.74,Standard,West,0
C0350,2026-06-30,20,32.12,2,27.64,Basic,West,1
C0351,2026-06-30,39,72.43,2,51.78,Standard,South,0
C0352,2026-06-30,65,26.09,3,35.31,Basic,East,0
C0353,2026-06-30,25,72.42,0,60.13,Standard,West,0
C0354,2026-06-30,55,67.69,0,58.35,Standard,East,0
C0355,2026-06-30,39,69.49,1,42.77,Standard,North,0
C0356,2026-06-30,14,61.96,1,53.49,Standard,East,0
C0357,2026-06-30,13,69.0,1,21.8,Standard,East,0
C0358,2026-06-30,30,66.61,1,58.73,Standard,East,0
C0359,2026-06-30,52,63.55,1,54.29,Standard,North,0
C0360,2026-06-30,48,71.69,4,56.9,Standard,South,0
C0361,2026-06-30,33,94.16,0,50.85,Premium,West,0
C0362,2026-06-30,62,23.82,0,28.95,Basic,North,0
C0363,2026-06-30,14,40.08,0,34.51,Basic,South,1
C0364,2026-06-30,58,39.54,2,42.36,Basic,South,0
C0365,2026-06-30,30,70.65,3,57.96,Standard,North,0
C0366,2026-06-30,20,35.19,3,39.71,Basic,North,0
C0367,2026-06-30,27,61.89,0,39.29,Standard,South,0
C0368,2026-06-30,33,,2,59.14,Standard,West,0
C0369,2026-06-30,18,31.9,1,42.21,Basic,North,0
C0370,2026-06-30,33,99.0,0,50.68,Premium,South,0
C0371,2026-06-30,10,62.01,1,27.74,Standard,North,0
C0372,2026-06-30,17,30.09,1,50.07,Basic,East,0
C0373,2026-06-30,37,29.64,0,17.01,Basic,South,0
C0374,2026-06-30,12,36.28,1,42.4,Basic,West,0
C0375,2026-06-30,37,47.16,0,31.27,Basic,East,0
C0376,2026-06-30,8,32.4,1,42.39,Basic,West,0
C0377,2026-06-30,29,96.36,3,49.62,Premium,East,0
C0378,2026-06-30,47,,0,51.45,Standard,South,0
C0379,2026-06-30,13,38.35,3,36.41,Basic,West,0
C0380,2026-06-30,44,75.97,2,35.4,Standard,South,0
C0381,2026-06-30,7,58.24,0,51.22,Standard,West,0
C0382,2026-06-30,19,88.13,2,72.02,Premium,West,1
C0383,2026-06-30,45,66.21,3,47.94,Standard,East,0
C0384,2026-06-30,63,62.51,0,42.62,Standard,East,0
C0385,2026-06-30,15,31.17,0,34.56,Basic,South,0
C0386,2026-06-30,37,94.17,1,47.38,Premium,West,0
C0387,2026-06-30,9,71.94,0,53.28,Standard,East,0
C0388,2026-06-30,53,98.8,1,36.23,Premium,West,0
C0389,2026-06-30,68,35.74,1,51.49,Basic,South,0
C0390,2026-06-30,74,91.49,1,54.73,Premium,West,0
C0391,2026-06-30,59,71.3,0,74.29,Standard,South,0
C0392,2026-06-30,17,39.65,1,23.94,Basic,North,0
C0393,2026-06-30,7,67.78,1,49.9,Standard,North,0
C0394,2026-06-30,64,67.67,2,60.04,Standard,East,0
C0395,2026-06-30,43,33.97,1,53.32,Basic,South,0
C0396,2026-06-30,38,61.09,2,48.29,Standard,North,0
C0397,2026-06-30,36,105.48,0,47.83,Premium,South,0
C0398,2026-06-30,63,31.72,1,36.64,Basic,East,0
C0399,2026-06-30,24,71.01,1,55.65,Standard,South,1
C0400,2026-06-30,52,65.36,0,37.08,Standard,West,0
C0401,2026-06-30,50,40.97,1,34.93,Basic,West,0
C0402,2026-06-30,24,100.88,1,52.47,Premium,East,1
C0403,2026-06-30,62,69.17,2,47.27,Standard,West,0
C0404,2026-06-30,54,40.99,2,47.56,Basic,South,0
C0405,2026-06-30,51,97.03,5,48.82,Premium,North,0
C0406,2026-06-30,15,,0,48.19,Premium,North,0
C0407,2026-06-30,18,31.97,2,50.29,Basic,West,0
C0408,2026-06-30,64,95.29,1,61.22,Premium,West,0
C0409,2026-06-30,51,35.2,1,23.09,Basic,East,0
C0410,2026-06-30,47,92.13,3,50.61,Premium,North,0
C0411,2026-06-30,14,56.29,2,42.97,Standard,South,0
C0412,2026-06-30,63,63.95,2,39.58,Standard,North,0
C0413,2026-06-30,18,35.5,1,46.09,Basic,North,0
C0414,2026-06-30,7,96.36,2,65.26,Premium,North,0
C0415,2026-06-30,54,38.11,0,27.84,Basic,East,0
C0416,2026-06-30,73,31.7,1,51.42,Basic,North,0
C0417,2026-06-30,46,34.41,0,43.86,Basic,West,0
C0418,2026-06-30,57,60.84,2,46.34,Standard,South,0
C0419,2026-06-30,57,24.18,3,45.57,Basic,South,1
C0420,2026-06-30,49,95.29,2,62.02,Premium,East,0
C0421,2026-06-30,51,61.48,0,44.32,Standard,West,0
C0422,2026-06-30,33,30.35,1,26.11,Basic,South,0
C0423,2026-06-30,45,31.66,0,25.17,Basic,North,0
C0424,2026-06-30,29,28.14,1,42.48,Basic,North,0
C0425,2026-06-30,58,66.36,0,37.21,Standard,West,0
C0426,2026-06-30,22,104.07,1,57.83,Premium,North,0
C0427,2026-06-30,7,32.24,0,46.14,Basic,East,0
C0428,2026-06-30,26,95.85,0,79.09,Premium,South,0
C0429,2026-06-30,35,33.93,0,24.03,Basic,West,0
C0430,2026-06-30,47,88.43,1,58.71,Premium,North,0
C0431,2026-06-30,36,99.16,2,51.07,Premium,West,0
C0432,2026-06-30,65,62.15,1,48.6,Standard,East,0
C0433,2026-06-30,10,,0,49.89,Standard,South,0
C0434,2026-06-30,36,90.28,1,29.44,Premium,North,0
C0435,2026-06-30,20,34.95,0,45.61,Basic,West,0
C0436,2026-06-30,72,35.49,4,54.66,Basic,South,0
C0437,2026-06-30,70,27.19,3,34.81,Basic,South,0
C0438,2026-06-30,70,69.94,2,55.16,Standard,South,0
C0439,2026-06-30,51,64.23,1,48.72,Standard,North,0
C0440,2026-06-30,9,68.03,0,43.57,Standard,South,0
C0441,2026-06-30,56,109.64,1,45.78,Premium,North,0
C0442,2026-06-30,72,32.07,5,16.94,Basic,North,1
C0443,2026-06-30,11,67.22,3,61.0,Standard,South,0
C0444,2026-06-30,33,33.91,0,39.12,Basic,North,0
C0445,2026-06-30,53,24.24,1,32.31,Basic,South,0
C0446,2026-06-30,27,70.86,2,53.38,Standard,West,0
C0447,2026-06-30,54,86.95,3,57.3,Premium,North,0
C0448,2026-06-30,51,65.45,3,50.95,Standard,North,0
C0449,2026-06-30,47,31.66,1,37.23,Basic,North,0
C0450,2026-06-30,53,65.33,4,40.0,Standard,East,0
C0451,2026-06-30,53,36.6,1,54.59,Basic,South,0
C0452,2026-06-30,73,91.53,2,52.09,Premium,South,0
C0453,2026-06-30,68,61.42,1,42.81,Standard,North,0
C0454,2026-06-30,17,28.3,0,62.95,Basic,South,0
C0455,2026-06-30,35,34.5,1,48.19,Basic,South,0
C0456,2026-06-30,10,25.45,2,48.51,Basic,South,0
C0457,2026-06-30,25,99.08,0,37.89,Premium,East,0
C0458,2026-06-30,11,66.57,1,43.35,Standard,West,0
C0459,2026-06-30,35,80.54,2,49.61,Standard,South,0
C0460,2026-06-30,12,57.77,1,41.69,Standard,West,0
C0461,2026-06-30,60,69.0,2,46.89,Standard,East,0
C0462,2026-06-30,66,30.76,0,42.22,Basic,South,0
C0463,2026-06-30,28,97.04,1,55.34,Premium,North,0
C0464,2026-06-30,11,48.45,3,24.1,Basic,South,1
C0465,2026-06-30,70,58.19,1,48.08,Standard,East,0
C0466,2026-06-30,51,66.9,0,57.9,Standard,North,0
C0467,2026-06-30,52,66.07,0,39.82,Standard,West,0
C0468,2026-06-30,36,84.9,2,46.85,Premium,South,0
C0469,2026-06-30,36,28.69,2,38.0,Basic,West,0
C0470,2026-06-30,25,63.31,1,45.96,Standard,East,0
C0471,2026-06-30,20,29.96,1,37.47,Basic,South,0
C0472,2026-06-30,57,62.95,1,70.06,Standard,North,0
C0473,2026-06-30,46,34.26,0,39.99,Basic,East,0
C0474,2026-06-30,18,32.3,1,25.69,Basic,South,1
C0475,2026-06-30,23,31.3,0,51.63,Basic,North,0
C0476,2026-06-30,38,35.16,5,37.47,Basic,West,1
C0477,2026-06-30,59,68.53,0,41.67,Standard,South,0
C0478,2026-06-30,26,65.46,0,44.23,Standard,North,0
C0479,2026-06-30,68,63.47,1,55.39,Standard,South,0
C0480,2026-06-30,28,37.62,2,54.01,Basic,South,0
C0481,2026-06-30,62,42.47,3,28.01,Basic,West,0
C0482,2026-06-30,35,,0,36.76,Basic,East,0
C0483,2026-06-30,7,64.76,1,43.98,Standard,North,0
C0484,2026-06-30,40,35.69,0,40.99,Basic,North,0
C0485,2026-06-30,51,34.42,0,51.07,Basic,East,0
C0486,2026-06-30,62,38.83,1,45.1,Basic,North,0
C0487,2026-06-30,19,67.4,0,65.57,Standard,South,0
C0488,2026-06-30,39,29.92,2,61.06,Basic,North,0
C0489,2026-06-30,17,64.98,0,36.1,Standard,North,0
C0490,2026-06-30,17,62.66,1,51.35,Standard,West,0
C0491,2026-06-30,20,,3,43.98,Standard,North,0
C0492,2026-06-30,68,68.68,2,38.51,Standard,North,0
C0493,2026-06-30,44,57.42,1,43.65,Standard,West,0
C0494,2026-06-30,27,33.24,0,23.91,Basic,North,0
C0495,2026-06-30,37,65.49,1,42.51,Standard,West,0
C0496,2026-06-30,46,72.01,0,44.67,Standard,North,0
C0497,2026-06-30,60,64.22,0,36.04,Standard,North,0
C0498,2026-06-30,35,59.86,2,57.7,Standard,North,1
C0499,2026-06-30,45,,1,25.15,Basic,East,1
C0500,2026-06-30,11,68.4,1,78.35,Standard,East,0
C0501,2026-06-30,42,71.66,1,34.12,Standard,South,0
C0502,2026-06-30,63,97.38,2,66.94,Premium,North,0
C0503,2026-06-30,57,85.37,0,44.99,Premium,North,0
C0504,2026-06-30,61,57.28,1,62.05,Standard,East,0
C0505,2026-06-30,8,65.37,0,61.29,Standard,North,0
C0506,2026-06-30,21,64.89,2,54.53,Standard,East,0
C0507,2026-06-30,52,34.59,0,21.16,Basic,East,0
C0508,2026-06-30,15,97.5,1,59.04,Premium,West,0
C0509,2026-06-30,8,70.46,3,38.74,Standard,South,0
C0510,2026-06-30,21,37.24,2,61.29,Basic,North,0
C0511,2026-06-30,35,39.83,2,44.84,Basic,South,0
C0512,2026-06-30,32,89.26,1,60.11,Premium,West,0
C0513,2026-06-30,36,30.02,0,23.5,Basic,East,0
C0514,2026-06-30,13,41.82,0,23.91,Basic,East,0
C0515,2026-06-30,63,36.86,2,50.28,Basic,South,0
C0516,2026-06-30,68,37.92,1,58.81,Basic,North,0
C0517,2026-06-30,74,30.27,1,56.07,Basic,West,0
C0518,2026-06-30,23,77.12,1,36.97,Standard,West,0
C0519,2026-06-30,55,26.63,2,39.03,Basic,West,0
C0520,2026-06-30,33,98.04,3,61.99,Premium,West,0
