customer_id,snapshot_date,audit_group,tenure_months,monthly_charge,support_contacts,usage_hours,plan,region,churned_next_month
C0001,2026-01-31,Group C,40,64.35,0,48.0,Standard,West,0.0
C0002,2026-01-31,Group A,64,62.65,1,54.86,Standard,West,0.0
C0003,2026-01-31,Group A,17,100.95,1,37.29,Premium,North,0.0
C0004,2026-01-31,Group B,68,57.67,1,22.07,Standard,West,0.0
C0005,2026-01-31,Group A,49,32.08,2,28.32,Basic,West,0.0
C0006,2026-01-31,Group A,51,92.98,1,41.94,Premium,East,0.0
C0007,2026-01-31,Group C,37,64.83,0,70.89,Standard,West,0.0
C0008,2026-01-31,Group B,51,58.63,0,26.88,Standard,West,0.0
C0009,2026-01-31,Group A,8,31.24,1,23.47,Basic,South,0.0
C0010,2026-01-31,Group C,49,65.28,0,69.36,Standard,North,0.0
C0011,2026-01-31,Group A,36,33.57,3,34.04,Basic,South,0.0
C0012,2026-01-31,Group C,24,91.33,2,55.89,Premium,North,0.0
C0013,2026-01-31,Group A,38,68.98,0,42.88,Standard,North,0.0
C0014,2026-01-31,Group B,21,88.3,1,63.45,Premium,North,0.0
C0015,2026-01-31,Group A,53,67.44,0,58.87,Standard,East,0.0
C0016,2026-01-31,Group A,9,33.55,2,24.78,Basic,East,0.0
C0017,2026-01-31,Group C,53,67.73,1,53.86,Standard,East,0.0
C0018,2026-01-31,Group A,25,34.54,2,25.16,Basic,East,0.0
C0019,2026-01-31,Group A,68,97.17,0,51.63,Premium,East,0.0
C0020,2026-01-31,Group A,68,70.94,2,40.05,Standard,East,0.0
C0021,2026-01-31,Group B,2,64.86,2,39.25,Standard,North,1.0
C0022,2026-01-31,Group B,34,35.65,2,31.85,Basic,West,0.0
C0023,2026-01-31,Group C,51,96.03,1,33.39,Premium,South,0.0
C0024,2026-01-31,Group A,60,93.02,1,45.65,Premium,North,0.0
C0025,2026-01-31,Group A,40,66.47,1,35.85,Standard,West,0.0
C0026,2026-01-31,Group A,15,28.1,1,22.25,Basic,East,0.0
C0027,2026-01-31,Group B,5,59.39,0,47.42,Standard,North,0.0
C0028,2026-01-31,Group C,40,36.83,1,39.94,Basic,North,0.0
C0029,2026-01-31,Group B,63,36.9,4,43.77,Basic,North,0.0
C0030,2026-01-31,Group B,65,64.84,0,38.19,Standard,South,0.0
C0031,2026-01-31,Group A,43,55.11,0,31.87,Standard,North,0.0
C0032,2026-01-31,Group C,19,88.57,0,43.51,Premium,East,0.0
C0033,2026-01-31,Group A,30,36.94,1,49.96,Basic,East,0.0
C0034,2026-01-31,Group A,28,37.34,4,35.83,Basic,West,0.0
C0035,2026-01-31,Group A,51,69.35,2,46.02,Standard,East,0.0
C0036,2026-01-31,Group A,59,36.28,0,48.21,Basic,East,0.0
C0037,2026-01-31,Group A,20,32.44,0,15.64,Basic,East,0.0
C0038,2026-01-31,Group A,46,66.95,1,44.67,Standard,North,1.0
C0039,2026-01-31,Group A,46,33.7,0,56.42,Basic,North,0.0
C0040,2026-01-31,Group B,32,65.22,2,47.97,Standard,East,0.0
C0041,2026-01-31,Group A,33,62.38,1,55.64,Standard,North,0.0
C0042,2026-01-31,Group A,19,93.11,1,68.62,Premium,North,0.0
C0043,2026-01-31,Group C,41,69.23,0,53.31,Standard,North,0.0
C0044,2026-01-31,Group B,58,48.52,1,16.36,Basic,West,0.0
C0045,2026-01-31,Group B,28,99.68,0,32.15,Premium,South,0.0
C0046,2026-01-31,Group A,51,90.77,1,57.55,Premium,East,0.0
C0047,2026-01-31,Group C,19,30.95,0,31.23,Basic,South,0.0
C0048,2026-01-31,Group A,62,41.51,1,43.09,Basic,North,0.0
C0049,2026-01-31,Group A,54,56.45,0,55.23,Standard,South,0.0
C0050,2026-01-31,Group C,64,29.61,0,14.34,Basic,North,0.0
C0051,2026-01-31,Group B,22,37.54,1,26.99,Basic,West,1.0
C0052,2026-01-31,Group B,14,25.69,1,12.43,Basic,North,0.0
C0053,2026-01-31,Group B,62,75.05,1,39.55,Standard,South,0.0
C0054,2026-01-31,Group B,52,60.0,0,37.65,Standard,West,0.0
C0055,2026-01-31,Group A,47,65.07,0,39.28,Standard,East,0.0
C0056,2026-01-31,Group A,28,65.45,1,52.83,Standard,South,0.0
C0057,2026-01-31,Group A,20,68.95,3,52.62,Standard,East,0.0
C0058,2026-01-31,Group A,67,65.07,1,38.13,Standard,West,0.0
C0059,2026-01-31,Group C,4,,4,12.82,Basic,South,1.0
C0060,2026-01-31,Group A,36,36.39,1,52.48,Basic,East,0.0
C0061,2026-01-31,Group B,3,64.8,2,43.78,Standard,West,0.0
C0062,2026-01-31,Group B,14,71.15,0,45.26,Standard,East,0.0
C0063,2026-01-31,Group B,41,57.09,1,49.73,Standard,South,0.0
C0064,2026-01-31,Group A,43,59.82,0,39.34,Standard,North,0.0
C0065,2026-01-31,Group A,16,66.66,1,56.17,Standard,North,0.0
C0066,2026-01-31,Group C,34,64.03,3,36.06,Standard,West,0.0
C0067,2026-01-31,Group B,12,55.77,0,49.67,Standard,East,0.0
C0068,2026-01-31,Group B,21,38.16,0,15.36,Basic,South,0.0
C0069,2026-01-31,Group C,21,32.27,1,37.06,Basic,South,0.0
C0070,2026-01-31,Group B,19,66.38,1,63.17,Standard,East,0.0
C0071,2026-01-31,Group A,8,37.23,2,25.75,Basic,East,1.0
C0072,2026-01-31,Group B,48,39.64,1,49.38,Basic,East,0.0
C0073,2026-01-31,Group A,50,92.55,0,52.6,Premium,South,0.0
C0074,2026-01-31,Group B,58,36.85,0,32.88,Basic,East,0.0
C0075,2026-01-31,Group C,62,36.4,2,52.41,Basic,South,0.0
C0076,2026-01-31,Group A,35,46.17,3,35.89,Basic,West,0.0
C0077,2026-01-31,Group A,20,23.08,1,20.03,Basic,North,1.0
C0078,2026-01-31,Group A,33,60.49,2,41.77,Standard,North,0.0
C0079,2026-01-31,Group C,31,65.42,0,46.5,Standard,South,0.0
C0080,2026-01-31,Group A,12,69.22,0,52.81,Standard,East,0.0
C0081,2026-01-31,Group A,25,60.15,1,33.96,Standard,East,0.0
C0082,2026-01-31,Group A,53,38.75,0,36.99,Basic,South,0.0
C0083,2026-01-31,Group A,17,96.62,3,47.51,Premium,West,0.0
C0084,2026-01-31,Group A,55,47.66,3,35.11,Basic,South,0.0
C0085,2026-01-31,Group A,28,29.5,1,27.56,Basic,North,0.0
C0086,2026-01-31,Group A,18,22.8,1,28.57,Basic,North,1.0
C0087,2026-01-31,Group A,5,68.42,4,34.86,Standard,West,0.0
C0088,2026-01-31,Group A,49,55.2,2,50.72,Standard,North,0.0
C0089,2026-01-31,Group A,2,32.79,1,37.48,Basic,West,0.0
C0090,2026-01-31,Group A,15,66.41,2,47.59,Standard,South,0.0
C0091,2026-01-31,Group B,56,36.45,1,24.23,Basic,North,0.0
C0092,2026-01-31,Group A,44,56.49,2,53.14,Standard,South,0.0
C0093,2026-01-31,Group A,63,53.36,2,39.73,Standard,East,0.0
C0094,2026-01-31,Group A,58,35.5,1,23.5,Basic,South,0.0
C0095,2026-01-31,Group A,12,40.14,2,19.93,Basic,West,0.0
C0096,2026-01-31,Group A,27,60.08,3,29.91,Standard,East,0.0
C0097,2026-01-31,Group A,15,39.1,3,29.23,Basic,South,0.0
C0098,2026-01-31,Group C,5,38.84,0,35.17,Basic,East,0.0
C0099,2026-01-31,Group A,50,30.86,0,45.27,Basic,West,0.0
C0100,2026-01-31,Group A,20,85.79,1,34.69,Premium,South,0.0
C0101,2026-01-31,Group A,49,91.49,1,46.28,Premium,North,0.0
C0102,2026-01-31,Group A,17,68.31,0,48.63,Standard,South,0.0
C0103,2026-01-31,Group A,21,37.92,0,40.71,Basic,West,0.0
C0104,2026-01-31,Group B,64,93.6,2,55.69,Premium,North,0.0
C0105,2026-01-31,Group C,63,64.43,1,30.42,Standard,West,0.0
C0106,2026-01-31,Group A,41,69.08,1,32.63,Standard,East,0.0
C0107,2026-01-31,Group A,43,64.39,1,55.32,Standard,East,0.0
C0108,2026-01-31,Group A,23,37.77,0,51.42,Basic,South,0.0
C0109,2026-01-31,Group A,19,39.6,0,22.16,Basic,West,0.0
C0110,2026-01-31,Group B,33,103.53,2,52.1,Premium,North,0.0
C0111,2026-01-31,Group A,7,65.05,0,51.77,Standard,South,0.0
C0112,2026-01-31,Group A,69,33.93,2,43.53,Basic,South,0.0
C0113,2026-01-31,Group C,26,33.14,0,40.6,Basic,South,0.0
C0114,2026-01-31,Group A,7,67.71,0,43.41,Standard,South,0.0
C0115,2026-01-31,Group A,45,30.67,1,30.58,Basic,North,1.0
C0116,2026-01-31,Group B,62,98.94,3,35.81,Premium,North,0.0
C0117,2026-01-31,Group A,35,56.33,0,33.0,Standard,North,0.0
C0118,2026-01-31,Group A,4,63.1,3,54.43,Standard,East,0.0
C0119,2026-01-31,Group A,22,60.29,5,40.8,Standard,South,0.0
C0120,2026-01-31,Group C,15,76.36,1,42.25,Standard,East,0.0
C0121,2026-01-31,Group A,42,60.18,2,27.44,Standard,East,0.0
C0122,2026-01-31,Group A,35,64.57,1,36.15,Standard,East,0.0
C0123,2026-01-31,Group A,21,42.05,0,34.85,Basic,East,0.0
C0124,2026-01-31,Group A,60,26.96,3,33.0,Basic,East,0.0
C0125,2026-01-31,Group B,63,32.28,1,44.59,Basic,East,0.0
C0126,2026-01-31,Group A,65,60.51,1,53.97,Standard,East,0.0
C0127,2026-01-31,Group B,28,26.66,0,32.23,Basic,East,0.0
C0128,2026-01-31,Group B,62,31.61,1,28.86,Basic,South,0.0
C0129,2026-01-31,Group C,10,42.69,2,46.78,Basic,North,0.0
C0130,2026-01-31,Group A,34,72.33,1,41.16,Standard,West,0.0
C0131,2026-01-31,Group C,13,40.7,2,35.53,Basic,South,0.0
C0132,2026-01-31,Group B,19,93.35,0,68.23,Premium,East,0.0
C0133,2026-01-31,Group A,65,60.22,2,50.53,Standard,North,0.0
C0134,2026-01-31,Group B,61,36.46,1,20.64,Basic,South,0.0
C0135,2026-01-31,Group C,7,71.43,0,42.0,Standard,East,0.0
C0136,2026-01-31,Group A,18,34.1,2,43.47,Basic,East,0.0
C0137,2026-01-31,Group C,19,92.89,1,49.43,Premium,East,0.0
C0138,2026-01-31,Group A,26,68.46,2,42.48,Standard,South,0.0
C0139,2026-01-31,Group B,39,72.83,1,43.87,Standard,West,0.0
C0140,2026-01-31,Group C,20,41.16,0,34.82,Basic,East,0.0
C0141,2026-01-31,Group A,60,56.22,1,47.3,Standard,West,0.0
C0142,2026-01-31,Group B,26,58.6,0,32.18,Standard,East,0.0
C0143,2026-01-31,Group A,40,96.97,3,52.34,Premium,East,0.0
C0144,2026-01-31,Group B,61,69.18,0,39.15,Standard,West,0.0
C0145,2026-01-31,Group B,36,64.75,3,37.33,Standard,North,1.0
C0146,2026-01-31,Group A,32,35.34,1,40.08,Basic,West,0.0
C0147,2026-01-31,Group A,37,35.88,0,56.8,Basic,West,0.0
C0148,2026-01-31,Group A,11,62.07,0,28.91,Standard,East,0.0
C0149,2026-01-31,Group A,41,58.49,2,41.07,Standard,East,0.0
C0150,2026-01-31,Group A,65,33.82,2,24.44,Basic,East,0.0
C0151,2026-01-31,Group A,2,90.84,0,60.43,Premium,South,0.0
C0152,2026-01-31,Group A,35,94.17,2,50.07,Premium,West,0.0
C0153,2026-01-31,Group A,16,26.9,0,40.89,Basic,North,0.0
C0154,2026-01-31,Group B,49,68.75,2,56.24,Standard,South,0.0
C0155,2026-01-31,Group B,61,25.89,3,34.26,Basic,East,1.0
C0156,2026-01-31,Group B,66,64.18,3,52.97,Standard,West,0.0
C0157,2026-01-31,Group A,37,37.33,0,12.58,Basic,South,0.0
C0158,2026-01-31,Group C,27,67.51,0,55.01,Standard,South,0.0
C0159,2026-01-31,Group B,41,62.75,2,44.49,Standard,North,0.0
C0160,2026-01-31,Group A,6,67.8,3,57.08,Standard,North,0.0
C0161,2026-01-31,Group A,16,39.85,0,23.72,Basic,North,0.0
C0162,2026-01-31,Group B,23,,2,53.15,Premium,North,1.0
C0163,2026-01-31,Group A,31,33.18,0,34.14,Basic,West,0.0
C0164,2026-01-31,Group A,18,27.69,1,33.17,Basic,West,0.0
C0165,2026-01-31,Group C,23,68.38,1,48.04,Standard,West,0.0
C0166,2026-01-31,Group A,24,44.21,0,45.18,Basic,North,0.0
C0167,2026-01-31,Group A,45,99.85,1,41.02,Premium,North,0.0
C0168,2026-01-31,Group C,43,96.15,1,63.54,Premium,South,0.0
C0169,2026-01-31,Group B,34,31.68,2,39.73,Basic,East,0.0
C0170,2026-01-31,Group A,27,98.93,0,47.06,Premium,South,0.0
C0171,2026-01-31,Group C,24,36.22,0,29.6,Basic,South,0.0
C0172,2026-01-31,Group C,12,63.3,1,49.16,Standard,North,0.0
C0173,2026-01-31,Group B,13,28.71,2,8.84,Basic,East,1.0
C0174,2026-01-31,Group B,42,91.61,2,48.62,Premium,South,0.0
C0175,2026-01-31,Group A,64,28.39,0,11.36,Basic,North,0.0
C0176,2026-01-31,Group A,18,36.53,0,38.46,Basic,East,0.0
C0177,2026-01-31,Group B,38,65.71,2,45.49,Standard,West,0.0
C0178,2026-01-31,Group A,56,94.53,1,64.63,Premium,North,0.0
C0179,2026-01-31,Group B,48,95.39,2,55.29,Premium,South,0.0
C0180,2026-01-31,Group C,64,70.11,1,30.72,Standard,West,0.0
C0181,2026-01-31,Group A,15,95.1,0,53.15,Premium,East,0.0
C0182,2026-01-31,Group B,46,104.72,4,65.24,Premium,West,0.0
C0183,2026-01-31,Group A,15,61.39,0,53.39,Standard,South,0.0
C0184,2026-01-31,Group C,6,36.38,3,36.53,Basic,South,0.0
C0185,2026-01-31,Group A,58,70.89,0,46.22,Standard,East,0.0
C0186,2026-01-31,Group B,46,72.11,1,21.06,Standard,North,0.0
C0187,2026-01-31,Group B,46,35.12,0,45.82,Basic,North,0.0
C0188,2026-01-31,Group A,42,40.85,3,23.79,Basic,East,1.0
C0189,2026-01-31,Group B,41,52.42,0,49.13,Standard,East,0.0
C0190,2026-01-31,Group B,24,35.92,1,37.73,Basic,North,0.0
C0191,2026-01-31,Group B,2,95.14,1,69.8,Premium,East,0.0
C0192,2026-01-31,Group B,42,,3,31.24,Basic,South,0.0
C0193,2026-01-31,Group C,18,31.08,2,28.35,Basic,East,0.0
C0194,2026-01-31,Group A,64,102.73,1,67.74,Premium,West,0.0
C0195,2026-01-31,Group A,3,42.93,2,47.78,Basic,North,0.0
C0196,2026-01-31,Group A,55,34.7,1,37.87,Basic,West,0.0
C0197,2026-01-31,Group B,6,69.1,1,57.67,Standard,South,1.0
C0198,2026-01-31,Group B,32,100.3,5,42.15,Premium,West,1.0
C0199,2026-01-31,Group A,18,32.89,0,36.77,Basic,South,0.0
C0200,2026-01-31,Group A,17,40.29,1,26.56,Basic,South,0.0
C0201,2026-01-31,Group C,28,64.15,4,39.39,Standard,West,1.0
C0202,2026-01-31,Group A,61,88.21,0,41.3,Premium,East,0.0
C0203,2026-01-31,Group B,50,70.46,2,47.0,Standard,North,0.0
C0204,2026-01-31,Group A,53,30.83,0,39.57,Basic,East,0.0
C0205,2026-01-31,Group C,2,36.0,1,31.49,Basic,West,1.0
C0206,2026-01-31,Group A,32,39.44,0,24.08,Basic,South,0.0
C0207,2026-01-31,Group A,6,34.62,0,40.38,Basic,West,0.0
C0208,2026-01-31,Group C,14,70.89,3,45.7,Standard,East,0.0
C0209,2026-01-31,Group C,40,35.02,0,28.02,Basic,South,0.0
C0210,2026-01-31,Group A,59,60.77,0,51.86,Standard,North,0.0
C0211,2026-01-31,Group A,29,56.37,3,30.45,Standard,East,0.0
C0212,2026-01-31,Group B,45,59.46,0,32.44,Standard,North,1.0
C0213,2026-01-31,Group C,59,30.47,1,25.35,Basic,West,0.0
C0214,2026-01-31,Group A,5,91.08,2,67.74,Premium,East,0.0
C0215,2026-01-31,Group A,56,68.91,4,35.63,Standard,South,0.0
C0216,2026-01-31,Group B,43,68.79,0,49.99,Standard,North,0.0
C0217,2026-01-31,Group B,57,41.08,0,32.33,Basic,East,0.0
C0218,2026-01-31,Group B,35,31.67,1,41.98,Basic,North,1.0
C0219,2026-01-31,Group B,18,97.73,2,54.17,Premium,South,1.0
C0220,2026-01-31,Group A,39,31.88,6,44.12,Basic,West,1.0
C0221,2026-01-31,Group C,68,34.05,2,41.05,Basic,West,0.0
C0222,2026-01-31,Group C,8,63.01,1,31.12,Standard,West,0.0
C0223,2026-01-31,Group B,38,60.46,2,32.91,Standard,West,0.0
C0224,2026-01-31,Group A,57,108.36,1,43.33,Premium,East,0.0
C0225,2026-01-31,Group A,26,37.73,0,24.5,Basic,North,0.0
C0226,2026-01-31,Group B,8,90.62,1,57.39,Premium,West,0.0
C0227,2026-01-31,Group A,55,38.44,0,37.13,Basic,West,0.0
C0228,2026-01-31,Group C,22,68.14,3,66.26,Standard,West,1.0
C0229,2026-01-31,Group A,20,67.82,0,24.8,Standard,East,1.0
C0230,2026-01-31,Group B,56,31.38,0,32.93,Basic,North,0.0
C0231,2026-01-31,Group C,59,29.1,1,26.28,Basic,East,1.0
C0232,2026-01-31,Group A,25,40.82,4,28.69,Basic,South,1.0
C0233,2026-01-31,Group A,11,97.4,0,51.56,Premium,West,0.0
C0234,2026-01-31,Group B,24,65.21,0,20.33,Standard,South,0.0
C0235,2026-01-31,Group B,11,97.33,0,59.22,Premium,South,0.0
C0236,2026-01-31,Group A,30,102.13,1,74.14,Premium,North,0.0
C0237,2026-01-31,Group B,67,60.43,1,36.96,Standard,West,0.0
C0238,2026-01-31,Group C,35,62.76,2,39.07,Standard,West,0.0
C0239,2026-01-31,Group A,23,29.24,4,49.77,Basic,North,1.0
C0240,2026-01-31,Group A,6,36.29,0,35.82,Basic,South,0.0
C0241,2026-01-31,Group A,56,94.78,3,52.52,Premium,South,0.0
C0242,2026-01-31,Group A,50,61.76,1,25.23,Standard,South,0.0
C0243,2026-01-31,Group A,14,43.06,2,43.42,Basic,West,0.0
C0244,2026-01-31,Group A,25,64.81,0,29.23,Standard,North,0.0
C0245,2026-01-31,Group B,58,55.42,2,33.0,Standard,South,1.0
C0246,2026-01-31,Group A,56,93.0,1,49.31,Premium,North,0.0
C0247,2026-01-31,Group C,40,70.05,1,35.04,Standard,North,0.0
C0248,2026-01-31,Group A,48,29.86,0,29.21,Basic,West,0.0
C0249,2026-01-31,Group A,29,37.21,2,44.56,Basic,West,0.0
C0250,2026-01-31,Group B,11,75.31,1,34.71,Standard,North,0.0
C0251,2026-01-31,Group C,4,62.78,3,48.38,Standard,East,0.0
C0252,2026-01-31,Group A,21,100.44,1,40.11,Premium,North,0.0
C0253,2026-01-31,Group A,46,63.43,2,30.0,Standard,North,0.0
C0254,2026-01-31,Group A,3,36.42,0,57.86,Basic,South,0.0
C0255,2026-01-31,Group B,5,25.57,2,45.97,Basic,North,0.0
C0256,2026-01-31,Group A,61,63.77,0,43.47,Standard,South,0.0
C0257,2026-01-31,Group A,43,98.91,2,51.97,Premium,West,0.0
C0258,2026-01-31,Group A,17,37.7,1,32.12,Basic,East,0.0
C0259,2026-01-31,Group A,61,31.89,3,23.14,Basic,East,0.0
C0260,2026-01-31,Group C,61,64.72,0,45.17,Standard,South,0.0
C0261,2026-01-31,Group B,23,28.59,0,37.61,Basic,North,0.0
C0262,2026-01-31,Group A,19,93.72,1,52.35,Premium,North,0.0
C0263,2026-01-31,Group A,4,38.13,1,31.03,Basic,South,0.0
C0264,2026-01-31,Group A,49,44.39,2,24.65,Basic,North,0.0
C0265,2026-01-31,Group A,25,92.5,0,47.23,Premium,West,0.0
C0266,2026-01-31,Group B,2,26.37,0,38.86,Basic,West,0.0
C0267,2026-01-31,Group C,36,33.7,1,19.17,Basic,West,0.0
C0268,2026-01-31,Group C,32,27.42,3,39.55,Basic,East,0.0
C0269,2026-01-31,Group C,39,24.02,3,28.42,Basic,East,0.0
C0270,2026-01-31,Group C,49,29.47,0,35.21,Basic,East,0.0
C0271,2026-01-31,Group C,25,34.42,2,32.54,Basic,South,0.0
C0272,2026-01-31,Group A,28,37.63,2,51.2,Basic,East,0.0
C0273,2026-01-31,Group A,42,35.5,5,37.3,Basic,West,0.0
C0274,2026-01-31,Group A,50,65.32,1,32.43,Standard,West,0.0
C0275,2026-01-31,Group B,48,69.89,0,47.93,Standard,East,0.0
C0276,2026-01-31,Group A,9,38.52,0,21.12,Basic,North,0.0
C0277,2026-01-31,Group C,22,36.18,0,26.58,Basic,East,0.0
C0278,2026-01-31,Group B,56,58.09,3,40.25,Standard,South,0.0
C0279,2026-01-31,Group B,68,102.11,0,38.09,Premium,East,0.0
C0280,2026-01-31,Group A,69,97.75,1,65.51,Premium,East,0.0
C0281,2026-01-31,Group A,38,35.09,1,34.72,Basic,West,0.0
C0282,2026-01-31,Group A,64,41.55,0,35.3,Basic,South,0.0
C0283,2026-01-31,Group C,3,33.81,1,30.54,Basic,West,0.0
C0284,2026-01-31,Group B,34,42.2,1,32.12,Basic,West,0.0
C0285,2026-01-31,Group B,51,67.97,0,52.74,Standard,South,0.0
C0286,2026-01-31,Group A,52,34.09,3,49.9,Basic,South,0.0
C0287,2026-01-31,Group A,32,31.87,1,44.42,Basic,East,0.0
C0288,2026-01-31,Group A,56,34.7,3,58.64,Basic,West,0.0
C0289,2026-01-31,Group B,69,57.07,1,33.16,Standard,East,0.0
C0290,2026-01-31,Group B,16,28.38,0,38.56,Basic,West,0.0
C0291,2026-01-31,Group A,3,97.36,2,43.17,Premium,South,0.0
C0292,2026-01-31,Group C,62,30.93,1,33.32,Basic,East,0.0
C0293,2026-01-31,Group A,25,100.24,3,54.36,Premium,South,0.0
C0294,2026-01-31,Group C,40,40.17,1,20.56,Basic,West,0.0
C0295,2026-01-31,Group A,19,97.91,1,44.58,Premium,South,0.0
C0296,2026-01-31,Group A,56,88.72,0,51.27,Premium,East,0.0
C0297,2026-01-31,Group C,20,97.45,1,35.1,Premium,North,0.0
C0298,2026-01-31,Group A,18,,1,61.4,Premium,West,0.0
C0299,2026-01-31,Group A,17,75.27,3,38.97,Standard,South,1.0
C0300,2026-01-31,Group A,16,59.88,1,79.45,Standard,South,0.0
C0301,2026-01-31,Group A,4,67.24,2,48.94,Standard,East,0.0
C0302,2026-01-31,Group B,25,26.13,1,33.79,Basic,South,0.0
C0303,2026-01-31,Group C,53,69.03,2,32.69,Standard,West,0.0
C0304,2026-01-31,Group C,8,64.81,0,63.29,Standard,East,0.0
C0305,2026-01-31,Group A,21,85.74,0,59.76,Premium,East,0.0
C0306,2026-01-31,Group B,22,63.67,1,48.41,Standard,North,0.0
C0307,2026-01-31,Group A,57,38.63,6,27.03,Basic,North,0.0
C0308,2026-01-31,Group A,31,58.55,1,45.04,Standard,South,0.0
C0309,2026-01-31,Group A,51,34.55,2,34.23,Basic,West,0.0
C0310,2026-01-31,Group C,57,41.84,2,47.2,Basic,West,0.0
C0311,2026-01-31,Group C,34,66.74,2,54.4,Standard,East,0.0
C0312,2026-01-31,Group B,51,35.02,0,32.32,Basic,East,0.0
C0313,2026-01-31,Group A,53,34.16,0,15.65,Basic,South,0.0
C0314,2026-01-31,Group A,23,37.44,2,27.83,Basic,North,0.0
C0315,2026-01-31,Group B,18,38.05,2,36.95,Basic,North,0.0
C0316,2026-01-31,Group B,13,35.68,1,49.72,Basic,South,0.0
C0317,2026-01-31,Group A,27,38.59,3,52.73,Basic,South,0.0
C0318,2026-01-31,Group A,67,61.05,1,36.09,Standard,North,0.0
C0319,2026-01-31,Group A,26,31.29,2,34.26,Basic,South,0.0
C0320,2026-01-31,Group C,37,94.11,0,59.98,Premium,North,0.0
C0321,2026-01-31,Group A,10,95.4,2,36.34,Premium,East,0.0
C0322,2026-01-31,Group C,46,67.28,1,46.15,Standard,West,0.0
C0323,2026-01-31,Group A,55,36.14,3,45.4,Basic,East,0.0
C0324,2026-01-31,Group B,44,68.51,1,37.61,Standard,South,0.0
C0325,2026-01-31,Group A,45,91.64,2,43.05,Premium,South,0.0
C0326,2026-01-31,Group A,54,79.0,2,44.23,Standard,South,0.0
C0327,2026-01-31,Group A,40,101.5,0,45.42,Premium,North,0.0
C0328,2026-01-31,Group A,33,62.52,2,41.53,Standard,East,0.0
C0329,2026-01-31,Group C,4,68.8,3,36.71,Standard,East,1.0
C0330,2026-01-31,Group A,67,39.62,1,37.86,Basic,North,0.0
C0331,2026-01-31,Group B,11,67.1,1,36.92,Standard,South,0.0
C0332,2026-01-31,Group A,31,34.64,2,42.28,Basic,South,0.0
C0333,2026-01-31,Group A,47,74.12,1,48.02,Standard,North,0.0
C0334,2026-01-31,Group B,33,92.54,1,57.22,Premium,East,0.0
C0335,2026-01-31,Group A,26,26.7,2,35.98,Basic,East,0.0
C0336,2026-01-31,Group C,50,61.26,1,25.12,Standard,East,0.0
C0337,2026-01-31,Group B,50,34.51,2,41.09,Basic,East,0.0
C0338,2026-01-31,Group B,37,62.37,0,42.47,Standard,West,0.0
C0339,2026-01-31,Group A,9,33.5,3,44.16,Basic,West,0.0
C0340,2026-01-31,Group A,27,,2,59.0,Premium,East,0.0
C0341,2026-01-31,Group C,28,45.72,1,13.59,Basic,West,0.0
C0342,2026-01-31,Group A,46,96.41,0,41.39,Premium,South,0.0
C0343,2026-01-31,Group A,8,96.48,2,54.02,Premium,West,0.0
C0344,2026-01-31,Group A,11,64.53,0,32.27,Standard,West,0.0
C0345,2026-01-31,Group B,56,61.29,0,48.49,Standard,East,0.0
C0346,2026-01-31,Group B,8,55.64,0,40.3,Standard,West,0.0
C0347,2026-01-31,Group B,60,98.57,1,51.91,Premium,East,0.0
C0348,2026-01-31,Group B,61,29.54,0,35.81,Basic,East,0.0
C0349,2026-01-31,Group A,47,59.87,1,48.44,Standard,South,0.0
C0350,2026-01-31,Group C,9,29.38,1,35.66,Basic,West,0.0
C0351,2026-01-31,Group A,44,72.03,0,22.59,Standard,East,0.0
C0352,2026-01-31,Group B,66,30.09,1,43.2,Basic,West,0.0
C0353,2026-01-31,Group A,27,53.3,1,47.93,Standard,South,0.0
C0354,2026-01-31,Group C,7,58.16,0,41.81,Standard,West,0.0
C0355,2026-01-31,Group A,61,57.39,1,39.4,Standard,North,0.0
C0356,2026-01-31,Group A,68,57.03,0,62.3,Standard,North,0.0
C0357,2026-01-31,Group A,45,58.4,2,49.37,Standard,East,0.0
C0358,2026-01-31,Group A,50,61.74,0,56.45,Standard,East,0.0
C0359,2026-01-31,Group A,69,68.33,1,30.61,Standard,West,0.0
C0360,2026-01-31,Group B,13,57.83,1,34.85,Standard,South,0.0
C0361,2026-01-31,Group A,30,95.34,5,61.07,Premium,East,0.0
C0362,2026-01-31,Group C,23,38.52,2,37.51,Basic,East,0.0
C0363,2026-01-31,Group A,38,31.37,2,25.74,Basic,West,0.0
C0364,2026-01-31,Group B,27,35.13,0,37.69,Basic,East,0.0
C0365,2026-01-31,Group A,31,71.7,2,55.76,Standard,South,0.0
C0366,2026-01-31,Group B,66,29.83,4,33.7,Basic,West,1.0
C0367,2026-01-31,Group B,11,61.66,0,54.48,Standard,North,0.0
C0368,2026-01-31,Group A,55,68.88,1,45.39,Standard,West,1.0
C0369,2026-01-31,Group C,57,29.38,2,46.19,Basic,North,0.0
C0370,2026-01-31,Group A,29,89.83,1,45.31,Premium,South,0.0
C0371,2026-01-31,Group A,3,70.06,0,35.32,Standard,West,0.0
C0372,2026-01-31,Group B,43,39.48,1,37.36,Basic,East,0.0
C0373,2026-01-31,Group C,12,30.81,2,46.26,Basic,West,0.0
C0374,2026-01-31,Group A,44,43.61,1,25.96,Basic,East,0.0
C0375,2026-01-31,Group A,35,35.98,2,24.23,Basic,East,1.0
C0376,2026-01-31,Group C,37,31.78,2,12.84,Basic,South,0.0
C0377,2026-01-31,Group B,42,97.97,2,55.23,Premium,North,0.0
C0378,2026-01-31,Group C,62,65.46,3,33.07,Standard,North,1.0
C0379,2026-01-31,Group B,10,34.11,3,29.71,Basic,South,1.0
C0380,2026-01-31,Group B,36,62.29,1,51.95,Standard,North,0.0
C0381,2026-01-31,Group A,7,69.33,0,36.29,Standard,East,0.0
C0382,2026-01-31,Group C,30,100.32,1,55.31,Premium,West,0.0
C0383,2026-01-31,Group A,17,64.63,1,37.19,Standard,West,0.0
C0384,2026-01-31,Group B,16,64.2,1,49.26,Standard,South,0.0
C0385,2026-01-31,Group A,62,32.45,2,38.3,Basic,West,0.0
C0386,2026-01-31,Group B,67,86.42,4,41.68,Premium,West,0.0
C0387,2026-01-31,Group B,67,61.17,0,42.79,Standard,West,0.0
C0388,2026-01-31,Group A,56,97.75,0,52.57,Premium,South,0.0
C0389,2026-01-31,Group C,63,31.11,1,40.4,Basic,South,0.0
C0390,2026-01-31,Group A,21,82.91,0,43.31,Premium,West,0.0
C0391,2026-01-31,Group B,3,61.79,1,52.69,Standard,North,0.0
C0392,2026-01-31,Group A,52,39.87,1,31.87,Basic,South,0.0
C0393,2026-01-31,Group A,7,66.78,1,51.71,Standard,North,0.0
C0394,2026-01-31,Group A,14,63.48,0,58.27,Standard,West,0.0
C0395,2026-01-31,Group A,40,34.64,1,40.36,Basic,East,0.0
C0396,2026-01-31,Group A,61,66.01,0,52.33,Standard,North,0.0
C0397,2026-01-31,Group B,39,93.1,2,51.54,Premium,North,0.0
C0398,2026-01-31,Group B,13,34.42,1,52.08,Basic,East,0.0
C0399,2026-01-31,Group B,23,60.81,0,42.54,Standard,East,0.0
C0400,2026-01-31,Group A,3,71.69,0,47.93,Standard,West,0.0
C0401,2026-01-31,Group A,59,33.87,2,37.12,Basic,South,0.0
C0402,2026-01-31,Group A,4,100.31,2,49.46,Premium,West,0.0
C0403,2026-01-31,Group B,3,67.05,3,35.9,Standard,South,0.0
C0404,2026-01-31,Group C,53,27.91,2,25.65,Basic,West,0.0
C0405,2026-01-31,Group A,55,91.36,1,40.58,Premium,North,0.0
C0406,2026-01-31,Group B,10,89.98,1,38.43,Premium,North,0.0
C0407,2026-01-31,Group A,37,30.95,2,44.16,Basic,North,0.0
C0408,2026-01-31,Group A,57,99.44,3,68.32,Premium,South,0.0
C0409,2026-01-31,Group A,54,34.33,1,51.6,Basic,West,0.0
C0410,2026-01-31,Group A,65,101.05,0,44.26,Premium,North,0.0
C0411,2026-01-31,Group B,3,81.36,1,53.24,Standard,South,0.0
C0412,2026-01-31,Group C,60,66.99,0,58.89,Standard,North,0.0
C0413,2026-01-31,Group A,27,30.2,1,35.41,Basic,West,0.0
C0414,2026-01-31,Group B,59,96.13,1,53.93,Premium,East,0.0
C0415,2026-01-31,Group B,41,29.76,0,13.69,Basic,West,0.0
C0416,2026-01-31,Group C,57,42.33,3,35.26,Basic,East,0.0
C0417,2026-01-31,Group B,41,42.56,4,32.02,Basic,East,1.0
C0418,2026-01-31,Group A,5,61.64,3,50.14,Standard,West,0.0
C0419,2026-01-31,Group B,50,28.64,1,21.03,Basic,North,0.0
C0420,2026-01-31,Group A,31,96.97,0,66.11,Premium,West,0.0
C0421,2026-01-31,Group C,17,72.04,1,48.43,Standard,East,0.0
C0422,2026-01-31,Group A,3,43.46,1,26.9,Basic,East,0.0
C0423,2026-01-31,Group B,38,30.67,2,17.9,Basic,South,0.0
C0424,2026-01-31,Group A,15,31.7,1,15.29,Basic,West,0.0
C0425,2026-01-31,Group A,36,62.03,1,37.99,Standard,South,0.0
C0426,2026-01-31,Group C,3,96.68,1,57.22,Premium,North,0.0
C0427,2026-01-31,Group B,17,36.23,0,22.26,Basic,West,1.0
C0428,2026-01-31,Group A,12,90.26,1,53.37,Premium,North,0.0
C0429,2026-01-31,Group C,26,30.33,1,32.53,Basic,North,1.0
C0430,2026-01-31,Group C,42,97.84,0,44.68,Premium,East,0.0
C0001,2026-02-28,Group C,53,60.73,2,48.87,Standard,West,0.0
C0002,2026-02-28,Group A,42,64.59,3,60.73,Standard,West,0.0
C0003,2026-02-28,Group A,22,83.72,0,48.41,Premium,North,0.0
C0004,2026-02-28,Group B,40,57.68,2,25.1,Standard,West,1.0
C0005,2026-02-28,Group A,50,44.77,1,33.04,Basic,West,0.0
C0006,2026-02-28,Group A,59,92.02,0,49.69,Premium,East,0.0
C0007,2026-02-28,Group C,63,68.68,1,63.18,Standard,West,0.0
C0008,2026-02-28,Group B,19,53.99,2,36.26,Standard,West,0.0
C0009,2026-02-28,Group A,63,36.56,1,43.21,Basic,South,0.0
C0010,2026-02-28,Group C,46,63.1,0,63.96,Standard,North,0.0
C0011,2026-02-28,Group A,61,41.4,1,41.96,Basic,South,0.0
C0012,2026-02-28,Group C,60,92.68,2,58.4,Premium,North,0.0
C0013,2026-02-28,Group A,56,61.57,0,43.7,Standard,North,0.0
C0014,2026-02-28,Group B,34,,2,57.19,Premium,North,1.0
C0015,2026-02-28,Group A,43,61.24,0,55.73,Standard,East,0.0
C0016,2026-02-28,Group A,10,36.84,1,31.27,Basic,East,0.0
C0017,2026-02-28,Group C,30,68.64,2,47.88,Standard,East,0.0
C0018,2026-02-28,Group A,52,34.73,1,17.17,Basic,East,1.0
C0019,2026-02-28,Group A,4,99.24,1,65.5,Premium,East,0.0
C0020,2026-02-28,Group A,48,54.21,2,48.27,Standard,East,0.0
C0021,2026-02-28,Group B,11,67.12,0,34.06,Standard,North,1.0
C0022,2026-02-28,Group B,52,33.77,1,32.95,Basic,West,0.0
C0023,2026-02-28,Group C,29,92.12,2,46.06,Premium,South,0.0
C0024,2026-02-28,Group A,4,99.93,2,40.27,Premium,North,0.0
C0025,2026-02-28,Group A,8,60.91,0,53.95,Standard,West,0.0
C0026,2026-02-28,Group A,62,31.61,1,31.5,Basic,East,0.0
C0027,2026-02-28,Group B,48,66.15,4,50.06,Standard,North,0.0
C0028,2026-02-28,Group C,56,29.75,0,35.12,Basic,North,0.0
C0029,2026-02-28,Group B,30,36.62,2,38.56,Basic,North,0.0
C0030,2026-02-28,Group B,17,58.46,4,39.79,Standard,South,1.0
C0031,2026-02-28,Group A,10,60.41,1,34.86,Standard,North,0.0
C0032,2026-02-28,Group C,69,101.36,0,46.53,Premium,East,0.0
C0033,2026-02-28,Group A,46,34.2,0,52.97,Basic,East,0.0
C0034,2026-02-28,Group A,37,36.59,0,34.69,Basic,West,0.0
C0035,2026-02-28,Group A,27,65.94,1,41.91,Standard,East,0.0
C0036,2026-02-28,Group A,21,43.97,1,42.94,Basic,East,0.0
C0037,2026-02-28,Group A,11,29.47,1,19.54,Basic,East,0.0
C0038,2026-02-28,Group A,3,60.17,1,35.35,Standard,North,0.0
C0039,2026-02-28,Group A,33,41.21,0,53.46,Basic,North,0.0
C0040,2026-02-28,Group B,11,61.61,0,51.17,Standard,East,0.0
C0041,2026-02-28,Group A,58,67.31,1,47.41,Standard,North,0.0
C0042,2026-02-28,Group A,65,98.22,1,56.4,Premium,North,0.0
C0043,2026-02-28,Group C,70,65.59,0,55.57,Standard,North,0.0
C0044,2026-02-28,Group B,5,37.23,0,22.23,Basic,West,0.0
C0045,2026-02-28,Group B,26,100.22,2,40.05,Premium,South,0.0
C0046,2026-02-28,Group A,53,98.8,1,52.51,Premium,East,0.0
C0047,2026-02-28,Group C,29,37.34,1,29.09,Basic,South,0.0
C0048,2026-02-28,Group A,48,39.24,1,46.52,Basic,North,0.0
C0049,2026-02-28,Group A,37,69.34,0,45.95,Standard,South,0.0
C0050,2026-02-28,Group C,32,38.71,1,29.04,Basic,North,0.0
C0051,2026-02-28,Group B,26,29.71,1,26.54,Basic,West,1.0
C0052,2026-02-28,Group B,13,44.95,1,12.74,Basic,North,0.0
C0053,2026-02-28,Group B,13,78.66,2,37.88,Standard,South,0.0
C0054,2026-02-28,Group B,24,65.34,0,43.09,Standard,West,0.0
C0055,2026-02-28,Group A,4,61.51,1,45.12,Standard,East,0.0
C0056,2026-02-28,Group A,18,66.57,2,48.82,Standard,South,0.0
C0057,2026-02-28,Group A,16,64.91,4,60.19,Standard,East,0.0
C0058,2026-02-28,Group A,35,63.82,2,44.32,Standard,West,0.0
C0059,2026-02-28,Group C,53,30.66,2,17.37,Basic,South,1.0
C0060,2026-02-28,Group A,17,26.89,0,37.83,Basic,East,0.0
C0061,2026-02-28,Group B,55,74.26,3,53.97,Standard,West,0.0
C0062,2026-02-28,Group B,47,67.79,1,45.55,Standard,East,1.0
C0063,2026-02-28,Group B,54,59.52,2,49.14,Standard,South,0.0
C0064,2026-02-28,Group A,21,61.46,2,31.27,Standard,North,0.0
C0065,2026-02-28,Group A,68,66.47,1,68.61,Standard,North,0.0
C0066,2026-02-28,Group C,52,70.4,3,35.9,Standard,West,0.0
C0067,2026-02-28,Group B,70,67.88,2,55.37,Standard,East,0.0
C0068,2026-02-28,Group B,39,37.13,1,24.57,Basic,South,0.0
C0069,2026-02-28,Group C,15,39.34,1,36.81,Basic,South,0.0
C0070,2026-02-28,Group B,43,51.27,0,59.42,Standard,East,0.0
C0071,2026-02-28,Group A,4,33.39,1,40.3,Basic,East,0.0
C0072,2026-02-28,Group B,62,34.22,0,42.93,Basic,East,0.0
C0073,2026-02-28,Group A,5,99.5,2,51.23,Premium,South,0.0
C0074,2026-02-28,Group B,16,34.48,1,35.5,Basic,East,0.0
C0075,2026-02-28,Group C,22,26.26,2,44.02,Basic,South,0.0
C0076,2026-02-28,Group A,21,43.92,1,27.72,Basic,West,0.0
C0077,2026-02-28,Group A,51,35.9,1,18.24,Basic,North,0.0
C0078,2026-02-28,Group A,38,71.03,0,45.8,Standard,North,0.0
C0079,2026-02-28,Group C,50,66.0,1,57.97,Standard,South,0.0
C0080,2026-02-28,Group A,61,68.27,0,46.86,Standard,East,0.0
C0081,2026-02-28,Group A,49,65.16,1,30.54,Standard,East,0.0
C0082,2026-02-28,Group A,50,35.34,1,32.05,Basic,South,0.0
C0083,2026-02-28,Group A,70,86.37,1,50.66,Premium,West,0.0
C0084,2026-02-28,Group A,41,30.6,1,39.42,Basic,South,0.0
C0085,2026-02-28,Group A,28,37.71,2,24.74,Basic,North,0.0
C0086,2026-02-28,Group A,53,44.88,1,24.7,Basic,North,0.0
C0087,2026-02-28,Group A,27,,3,38.24,Standard,West,1.0
C0088,2026-02-28,Group A,22,62.64,2,45.05,Standard,North,0.0
C0089,2026-02-28,Group A,45,33.77,2,42.02,Basic,West,0.0
C0090,2026-02-28,Group A,69,55.26,0,37.11,Standard,South,0.0
C0091,2026-02-28,Group B,45,24.93,0,29.8,Basic,North,0.0
C0092,2026-02-28,Group A,18,59.99,1,47.2,Standard,South,0.0
C0093,2026-02-28,Group A,17,69.51,0,41.99,Standard,East,0.0
C0094,2026-02-28,Group A,19,45.19,2,25.67,Basic,South,0.0
C0095,2026-02-28,Group A,30,32.35,1,25.32,Basic,West,0.0
C0096,2026-02-28,Group A,31,67.54,1,42.62,Standard,East,0.0
C0097,2026-02-28,Group A,43,45.77,0,24.87,Basic,South,1.0
C0098,2026-02-28,Group C,46,29.79,2,32.46,Basic,East,0.0
C0099,2026-02-28,Group A,68,32.29,1,38.07,Basic,West,0.0
C0100,2026-02-28,Group A,35,97.21,0,37.32,Premium,South,0.0
C0101,2026-02-28,Group A,49,87.66,2,56.02,Premium,North,0.0
C0102,2026-02-28,Group A,47,64.55,0,38.75,Standard,South,0.0
C0103,2026-02-28,Group A,36,35.91,3,40.2,Basic,West,0.0
C0104,2026-02-28,Group B,43,92.44,1,48.07,Premium,North,1.0
C0105,2026-02-28,Group C,60,59.56,0,33.7,Standard,West,0.0
C0106,2026-02-28,Group A,60,66.41,1,33.38,Standard,East,0.0
C0107,2026-02-28,Group A,17,57.92,1,38.69,Standard,East,0.0
C0108,2026-02-28,Group A,13,40.28,1,53.74,Basic,South,0.0
C0109,2026-02-28,Group A,36,33.07,0,19.75,Basic,West,0.0
C0110,2026-02-28,Group B,40,96.85,2,51.34,Premium,North,0.0
C0111,2026-02-28,Group A,32,66.77,2,62.63,Standard,South,0.0
C0112,2026-02-28,Group A,12,34.61,1,31.47,Basic,South,0.0
C0113,2026-02-28,Group C,44,38.04,1,31.33,Basic,South,0.0
C0114,2026-02-28,Group A,18,62.56,1,39.95,Standard,South,0.0
C0115,2026-02-28,Group A,38,34.11,2,37.62,Basic,North,0.0
C0116,2026-02-28,Group B,56,95.74,2,35.31,Premium,North,0.0
C0117,2026-02-28,Group A,69,56.44,1,24.88,Standard,North,0.0
C0118,2026-02-28,Group A,61,66.38,1,55.43,Standard,East,0.0
C0119,2026-02-28,Group A,26,70.39,3,38.28,Standard,South,0.0
C0120,2026-02-28,Group C,14,60.54,0,41.15,Standard,East,0.0
C0121,2026-02-28,Group A,10,57.05,1,33.7,Standard,East,0.0
C0122,2026-02-28,Group A,32,58.65,2,36.21,Standard,East,0.0
C0123,2026-02-28,Group A,27,30.33,1,33.34,Basic,East,0.0
C0124,2026-02-28,Group A,62,33.0,2,35.9,Basic,East,0.0
C0125,2026-02-28,Group B,8,25.57,2,44.53,Basic,East,0.0
C0126,2026-02-28,Group A,63,64.74,0,55.33,Standard,East,0.0
C0127,2026-02-28,Group B,38,29.38,1,31.63,Basic,East,1.0
C0128,2026-02-28,Group B,43,39.52,3,46.01,Basic,South,0.0
C0129,2026-02-28,Group C,60,40.48,1,51.94,Basic,North,0.0
C0130,2026-02-28,Group A,45,63.64,0,35.3,Standard,West,0.0
C0131,2026-02-28,Group C,40,39.01,0,31.26,Basic,South,0.0
C0132,2026-02-28,Group B,29,96.79,0,61.72,Premium,East,0.0
C0133,2026-02-28,Group A,53,64.76,1,53.99,Standard,North,0.0
C0134,2026-02-28,Group B,44,37.08,1,24.4,Basic,South,0.0
C0135,2026-02-28,Group C,50,61.81,0,37.27,Standard,East,1.0
C0136,2026-02-28,Group A,14,41.52,0,52.77,Basic,East,0.0
C0137,2026-02-28,Group C,64,96.52,0,67.72,Premium,East,0.0
C0138,2026-02-28,Group A,33,63.74,1,49.3,Standard,South,0.0
C0139,2026-02-28,Group B,36,73.03,1,38.65,Standard,West,0.0
C0140,2026-02-28,Group C,9,30.92,0,33.73,Basic,East,0.0
C0141,2026-02-28,Group A,69,65.05,2,46.42,Standard,West,0.0
C0142,2026-02-28,Group B,57,,0,45.66,Standard,East,0.0
C0143,2026-02-28,Group A,69,87.89,0,53.47,Premium,East,0.0
C0144,2026-02-28,Group B,22,67.4,1,53.12,Standard,West,0.0
C0145,2026-02-28,Group B,47,65.06,0,34.21,Standard,North,0.0
C0146,2026-02-28,Group A,7,37.07,1,40.17,Basic,West,0.0
C0147,2026-02-28,Group A,25,20.65,0,62.32,Basic,West,0.0
C0148,2026-02-28,Group A,42,72.93,1,29.57,Standard,East,0.0
C0149,2026-02-28,Group A,47,68.31,3,54.69,Standard,East,0.0
C0150,2026-02-28,Group A,62,34.73,2,19.57,Basic,East,0.0
C0151,2026-02-28,Group A,56,89.5,2,48.75,Premium,South,0.0
C0152,2026-02-28,Group A,10,105.58,5,52.48,Premium,West,0.0
C0153,2026-02-28,Group A,7,34.7,1,43.46,Basic,North,0.0
C0154,2026-02-28,Group B,44,68.08,1,56.72,Standard,South,0.0
C0155,2026-02-28,Group B,69,36.64,2,41.29,Basic,East,0.0
C0156,2026-02-28,Group B,26,59.14,1,55.54,Standard,West,1.0
C0157,2026-02-28,Group A,26,30.32,0,13.51,Basic,South,0.0
C0158,2026-02-28,Group C,12,60.0,1,51.97,Standard,South,0.0
C0159,2026-02-28,Group B,30,61.09,4,44.81,Standard,North,0.0
C0160,2026-02-28,Group A,27,55.11,1,59.33,Standard,North,0.0
C0161,2026-02-28,Group A,11,35.24,0,27.96,Basic,North,0.0
C0162,2026-02-28,Group B,48,105.22,3,42.82,Premium,North,0.0
C0163,2026-02-28,Group A,31,31.32,0,39.99,Basic,West,0.0
C0164,2026-02-28,Group A,46,40.27,2,40.96,Basic,West,0.0
C0165,2026-02-28,Group C,36,66.62,0,52.82,Standard,West,0.0
C0166,2026-02-28,Group A,70,43.55,0,53.89,Basic,North,0.0
C0167,2026-02-28,Group A,16,96.2,2,29.68,Premium,North,1.0
C0168,2026-02-28,Group C,17,97.66,0,64.25,Premium,South,0.0
C0169,2026-02-28,Group B,32,,3,41.44,Basic,East,0.0
C0170,2026-02-28,Group A,29,85.77,0,47.86,Premium,South,0.0
C0171,2026-02-28,Group C,53,30.03,2,25.67,Basic,South,0.0
C0172,2026-02-28,Group C,12,60.28,0,51.42,Standard,North,0.0
C0173,2026-02-28,Group B,50,36.69,1,10.79,Basic,East,0.0
C0174,2026-02-28,Group B,52,94.79,1,55.13,Premium,South,0.0
C0175,2026-02-28,Group A,12,35.67,4,32.59,Basic,North,0.0
C0176,2026-02-28,Group A,46,29.83,1,32.57,Basic,East,0.0
C0177,2026-02-28,Group B,54,68.8,0,49.29,Standard,West,0.0
C0178,2026-02-28,Group A,13,87.37,1,67.0,Premium,North,0.0
C0179,2026-02-28,Group B,48,105.11,0,59.53,Premium,South,0.0
C0180,2026-02-28,Group C,33,66.52,2,40.75,Standard,West,1.0
C0181,2026-02-28,Group A,46,99.46,0,52.42,Premium,East,0.0
C0182,2026-02-28,Group B,49,84.91,2,65.06,Premium,West,0.0
C0183,2026-02-28,Group A,46,64.85,1,52.35,Standard,South,0.0
C0184,2026-02-28,Group C,7,39.34,3,33.51,Basic,South,1.0
C0185,2026-02-28,Group A,5,74.62,2,43.56,Standard,East,0.0
C0186,2026-02-28,Group B,63,74.07,1,28.15,Standard,North,0.0
C0187,2026-02-28,Group B,65,31.88,1,40.17,Basic,North,0.0
C0188,2026-02-28,Group A,68,33.42,0,21.1,Basic,East,0.0
C0189,2026-02-28,Group B,62,66.9,1,48.42,Standard,East,0.0
C0190,2026-02-28,Group B,56,33.68,0,31.9,Basic,North,0.0
C0191,2026-02-28,Group B,33,90.86,1,66.39,Premium,East,0.0
C0192,2026-02-28,Group B,12,26.18,1,32.98,Basic,South,0.0
C0193,2026-02-28,Group C,58,36.18,1,36.1,Basic,East,0.0
C0194,2026-02-28,Group A,38,97.53,1,63.76,Premium,West,0.0
C0195,2026-02-28,Group A,32,26.78,1,54.53,Basic,North,0.0
C0196,2026-02-28,Group A,43,39.71,1,24.68,Basic,West,0.0
C0197,2026-02-28,Group B,18,61.58,1,43.88,Standard,South,0.0
C0198,2026-02-28,Group B,48,89.57,2,54.59,Premium,West,0.0
C0199,2026-02-28,Group A,44,34.62,0,36.59,Basic,South,0.0
C0200,2026-02-28,Group A,48,28.35,0,30.68,Basic,South,0.0
C0201,2026-02-28,Group C,3,60.65,5,43.2,Standard,West,0.0
C0202,2026-02-28,Group A,11,101.37,2,29.34,Premium,East,0.0
C0203,2026-02-28,Group B,44,64.3,1,40.9,Standard,North,0.0
C0204,2026-02-28,Group A,56,36.86,1,48.43,Basic,East,0.0
C0205,2026-02-28,Group C,22,30.59,3,29.65,Basic,West,0.0
C0206,2026-02-28,Group A,64,38.35,0,17.54,Basic,South,0.0
C0207,2026-02-28,Group A,32,38.98,0,49.93,Basic,West,0.0
C0208,2026-02-28,Group C,45,61.39,0,43.35,Standard,East,0.0
C0209,2026-02-28,Group C,14,38.92,0,27.74,Basic,South,0.0
C0210,2026-02-28,Group A,44,68.62,0,45.42,Standard,North,0.0
C0211,2026-02-28,Group A,69,61.29,0,26.04,Standard,East,0.0
C0212,2026-02-28,Group B,31,65.86,1,29.64,Standard,North,0.0
C0213,2026-02-28,Group C,45,27.29,1,38.68,Basic,West,0.0
C0214,2026-02-28,Group A,56,102.13,1,64.43,Premium,East,0.0
C0215,2026-02-28,Group A,15,60.97,0,42.45,Standard,South,0.0
C0216,2026-02-28,Group B,27,67.28,0,43.71,Standard,North,0.0
C0217,2026-02-28,Group B,22,38.05,0,28.56,Basic,East,0.0
C0218,2026-02-28,Group B,38,37.82,3,28.18,Basic,North,0.0
C0219,2026-02-28,Group B,18,94.67,1,45.71,Premium,South,0.0
C0220,2026-02-28,Group A,38,29.97,1,46.54,Basic,West,0.0
C0221,2026-02-28,Group C,59,34.14,0,29.02,Basic,West,0.0
C0222,2026-02-28,Group C,4,,1,27.95,Standard,West,0.0
C0223,2026-02-28,Group B,3,58.38,0,34.8,Standard,West,1.0
C0224,2026-02-28,Group A,22,94.38,1,42.15,Premium,East,0.0
C0225,2026-02-28,Group A,9,34.59,2,31.38,Basic,North,0.0
C0226,2026-02-28,Group B,31,97.45,2,58.63,Premium,West,0.0
C0227,2026-02-28,Group A,11,32.18,0,33.6,Basic,West,0.0
C0228,2026-02-28,Group C,9,67.31,4,68.34,Standard,West,0.0
C0229,2026-02-28,Group A,43,71.71,2,37.81,Standard,East,0.0
C0230,2026-02-28,Group B,63,35.51,2,37.75,Basic,North,0.0
C0231,2026-02-28,Group C,27,31.58,0,23.39,Basic,East,0.0
C0232,2026-02-28,Group A,49,34.49,1,32.02,Basic,South,0.0
C0233,2026-02-28,Group A,16,86.57,1,57.59,Premium,West,0.0
C0234,2026-02-28,Group B,8,43.05,0,26.08,Standard,South,0.0
C0235,2026-02-28,Group B,67,99.69,1,41.27,Premium,South,0.0
C0236,2026-02-28,Group A,27,100.75,0,72.36,Premium,North,0.0
C0237,2026-02-28,Group B,49,70.65,2,49.67,Standard,West,0.0
C0238,2026-02-28,Group C,51,66.97,2,47.56,Standard,West,0.0
C0239,2026-02-28,Group A,70,33.34,2,36.48,Basic,North,0.0
C0240,2026-02-28,Group A,34,36.43,2,34.2,Basic,South,0.0
C0241,2026-02-28,Group A,49,92.22,2,50.39,Premium,South,1.0
C0242,2026-02-28,Group A,54,56.77,2,21.98,Standard,South,0.0
C0243,2026-02-28,Group A,44,44.48,0,40.11,Basic,West,0.0
C0244,2026-02-28,Group A,56,68.0,3,50.84,Standard,North,0.0
C0245,2026-02-28,Group B,52,76.01,2,39.18,Standard,South,0.0
C0246,2026-02-28,Group A,19,93.61,1,44.9,Premium,North,0.0
C0247,2026-02-28,Group C,8,70.06,1,40.88,Standard,North,0.0
C0248,2026-02-28,Group A,16,36.91,2,16.58,Basic,West,0.0
C0249,2026-02-28,Group A,60,32.69,0,42.42,Basic,West,0.0
C0250,2026-02-28,Group B,61,80.9,2,33.04,Standard,North,1.0
C0251,2026-02-28,Group C,22,54.21,2,47.75,Standard,East,0.0
C0252,2026-02-28,Group A,46,93.32,0,40.63,Premium,North,0.0
C0253,2026-02-28,Group A,35,70.67,0,30.13,Standard,North,0.0
C0254,2026-02-28,Group A,13,,1,57.57,Basic,South,0.0
C0255,2026-02-28,Group B,51,36.94,1,46.5,Basic,North,0.0
C0256,2026-02-28,Group A,68,60.64,0,51.62,Standard,South,0.0
C0257,2026-02-28,Group A,39,77.96,0,46.14,Premium,West,0.0
C0258,2026-02-28,Group A,60,33.26,1,41.87,Basic,East,0.0
C0259,2026-02-28,Group A,56,37.93,2,43.68,Basic,East,0.0
C0260,2026-02-28,Group C,57,65.58,1,46.92,Standard,South,0.0
C0261,2026-02-28,Group B,40,34.72,3,33.59,Basic,North,0.0
C0262,2026-02-28,Group A,43,91.36,0,48.16,Premium,North,0.0
C0263,2026-02-28,Group A,52,30.03,1,40.7,Basic,South,0.0
C0264,2026-02-28,Group A,58,36.03,0,22.78,Basic,North,0.0
C0265,2026-02-28,Group A,41,93.11,3,46.8,Premium,West,1.0
C0266,2026-02-28,Group B,29,29.94,0,42.42,Basic,West,0.0
C0267,2026-02-28,Group C,55,32.93,1,28.54,Basic,West,0.0
C0268,2026-02-28,Group C,47,28.35,2,33.38,Basic,East,1.0
C0269,2026-02-28,Group C,8,47.64,1,34.45,Basic,East,0.0
C0270,2026-02-28,Group C,13,36.04,0,32.46,Basic,East,0.0
C0271,2026-02-28,Group C,29,27.87,3,33.33,Basic,South,0.0
C0272,2026-02-28,Group A,6,38.66,2,57.49,Basic,East,0.0
C0273,2026-02-28,Group A,49,40.05,0,41.38,Basic,West,0.0
C0274,2026-02-28,Group A,27,60.79,0,25.92,Standard,West,0.0
C0275,2026-02-28,Group B,69,71.0,1,57.62,Standard,East,0.0
C0276,2026-02-28,Group A,41,37.41,1,27.69,Basic,North,1.0
C0277,2026-02-28,Group C,12,35.89,4,44.05,Basic,East,0.0
C0278,2026-02-28,Group B,36,62.49,0,53.38,Standard,South,0.0
C0279,2026-02-28,Group B,37,98.91,3,48.28,Premium,East,0.0
C0280,2026-02-28,Group A,53,99.49,0,70.91,Premium,East,0.0
C0281,2026-02-28,Group A,31,40.93,1,28.77,Basic,West,0.0
C0282,2026-02-28,Group A,28,37.17,1,39.8,Basic,South,0.0
C0283,2026-02-28,Group C,57,43.59,3,31.77,Basic,West,0.0
C0284,2026-02-28,Group B,3,41.83,1,35.49,Basic,West,0.0
C0285,2026-02-28,Group B,20,67.64,0,54.12,Standard,South,0.0
C0286,2026-02-28,Group A,4,33.79,2,41.19,Basic,South,0.0
C0287,2026-02-28,Group A,67,34.48,1,47.6,Basic,East,0.0
C0288,2026-02-28,Group A,62,37.64,0,58.27,Basic,West,0.0
C0289,2026-02-28,Group B,11,59.39,1,29.92,Standard,East,0.0
C0290,2026-02-28,Group B,38,25.8,0,40.69,Basic,West,0.0
C0291,2026-02-28,Group A,49,99.22,1,33.3,Premium,South,0.0
C0292,2026-02-28,Group C,57,23.63,0,46.04,Basic,East,0.0
C0293,2026-02-28,Group A,52,93.97,0,49.46,Premium,South,0.0
C0294,2026-02-28,Group C,28,41.21,1,20.24,Basic,West,0.0
C0295,2026-02-28,Group A,63,101.11,1,53.07,Premium,South,0.0
C0296,2026-02-28,Group A,68,97.19,1,59.33,Premium,East,0.0
C0297,2026-02-28,Group C,35,95.02,0,48.57,Premium,North,0.0
C0298,2026-02-28,Group A,29,91.25,1,53.57,Premium,West,0.0
C0299,2026-02-28,Group A,37,52.61,0,40.26,Standard,South,0.0
C0300,2026-02-28,Group A,19,54.38,2,67.81,Standard,South,0.0
C0301,2026-02-28,Group A,47,57.65,0,36.11,Standard,East,0.0
C0302,2026-02-28,Group B,15,28.09,0,38.66,Basic,South,0.0
C0303,2026-02-28,Group C,29,59.98,2,36.07,Standard,West,0.0
C0304,2026-02-28,Group C,55,56.8,0,62.41,Standard,East,0.0
C0305,2026-02-28,Group A,37,90.1,0,58.74,Premium,East,0.0
C0306,2026-02-28,Group B,5,64.27,3,39.13,Standard,North,0.0
C0307,2026-02-28,Group A,48,39.27,1,21.66,Basic,North,0.0
C0308,2026-02-28,Group A,69,66.95,1,54.1,Standard,South,0.0
C0309,2026-02-28,Group A,69,45.67,2,30.69,Basic,West,0.0
C0310,2026-02-28,Group C,38,39.38,2,49.86,Basic,West,0.0
C0311,2026-02-28,Group C,55,59.01,1,50.28,Standard,East,0.0
C0312,2026-02-28,Group B,6,38.22,1,40.96,Basic,East,0.0
C0313,2026-02-28,Group A,60,30.65,1,12.47,Basic,South,1.0
C0314,2026-02-28,Group A,49,43.21,1,30.64,Basic,North,0.0
C0315,2026-02-28,Group B,48,29.58,1,38.37,Basic,North,0.0
C0316,2026-02-28,Group B,39,22.04,1,48.31,Basic,South,0.0
C0317,2026-02-28,Group A,13,23.99,1,42.92,Basic,South,0.0
C0318,2026-02-28,Group A,24,58.14,0,25.31,Standard,North,0.0
C0319,2026-02-28,Group A,59,33.32,2,33.27,Basic,South,0.0
C0320,2026-02-28,Group C,48,99.96,0,67.22,Premium,North,0.0
C0321,2026-02-28,Group A,27,92.2,1,34.53,Premium,East,0.0
C0322,2026-02-28,Group C,44,61.39,3,51.45,Standard,West,0.0
C0323,2026-02-28,Group A,33,37.19,0,35.96,Basic,East,0.0
C0324,2026-02-28,Group B,12,62.58,0,36.65,Standard,South,1.0
C0325,2026-02-28,Group A,58,,0,41.05,Premium,South,0.0
C0326,2026-02-28,Group A,34,71.43,1,44.52,Standard,South,0.0
C0327,2026-02-28,Group A,50,98.68,1,42.7,Premium,North,0.0
C0328,2026-02-28,Group A,21,66.78,3,52.04,Standard,East,0.0
C0329,2026-02-28,Group C,46,71.44,3,29.63,Standard,East,0.0
C0330,2026-02-28,Group A,11,29.1,1,29.01,Basic,North,0.0
C0331,2026-02-28,Group B,33,59.83,1,42.87,Standard,South,0.0
C0332,2026-02-28,Group A,60,,0,37.8,Basic,South,0.0
C0333,2026-02-28,Group A,26,75.42,2,41.93,Standard,North,0.0
C0334,2026-02-28,Group B,51,103.56,1,43.31,Premium,East,0.0
C0335,2026-02-28,Group A,7,29.58,2,24.79,Basic,East,0.0
C0336,2026-02-28,Group C,19,70.05,1,25.81,Standard,East,0.0
C0337,2026-02-28,Group B,70,39.27,2,40.44,Basic,East,0.0
C0338,2026-02-28,Group B,64,64.31,2,42.72,Standard,West,0.0
C0339,2026-02-28,Group A,56,35.68,1,33.61,Basic,West,0.0
C0340,2026-02-28,Group A,21,86.85,2,61.33,Premium,East,0.0
C0341,2026-02-28,Group C,45,31.87,0,16.32,Basic,West,0.0
C0342,2026-02-28,Group A,32,93.56,1,39.04,Premium,South,0.0
C0343,2026-02-28,Group A,20,93.42,1,62.89,Premium,West,0.0
C0344,2026-02-28,Group A,22,63.51,0,45.06,Standard,West,0.0
C0345,2026-02-28,Group B,65,65.05,0,45.9,Standard,East,0.0
C0346,2026-02-28,Group B,69,64.22,0,49.88,Standard,West,0.0
C0347,2026-02-28,Group B,34,94.83,2,64.66,Premium,East,0.0
C0348,2026-02-28,Group B,13,41.28,0,53.15,Basic,East,0.0
C0349,2026-02-28,Group A,33,63.66,0,50.56,Standard,South,0.0
C0350,2026-02-28,Group C,47,29.2,2,39.29,Basic,West,0.0
C0351,2026-02-28,Group A,44,63.39,1,28.42,Standard,East,0.0
C0352,2026-02-28,Group B,49,37.14,0,38.19,Basic,West,0.0
C0353,2026-02-28,Group A,66,67.68,1,45.85,Standard,South,0.0
C0354,2026-02-28,Group C,12,73.23,1,54.52,Standard,West,0.0
C0355,2026-02-28,Group A,53,58.6,3,38.49,Standard,North,0.0
C0356,2026-02-28,Group A,36,72.43,2,48.33,Standard,North,0.0
C0357,2026-02-28,Group A,21,69.9,2,53.3,Standard,East,0.0
C0358,2026-02-28,Group A,48,69.95,2,53.63,Standard,East,0.0
C0359,2026-02-28,Group A,61,67.83,3,29.88,Standard,West,1.0
C0360,2026-02-28,Group B,53,67.75,0,44.44,Standard,South,0.0
C0361,2026-02-28,Group A,31,95.51,4,58.46,Premium,East,0.0
C0362,2026-02-28,Group C,26,34.39,0,50.34,Basic,East,0.0
C0363,2026-02-28,Group A,25,35.82,0,34.14,Basic,West,0.0
C0364,2026-02-28,Group B,60,36.9,1,31.55,Basic,East,0.0
C0365,2026-02-28,Group A,20,60.98,2,53.32,Standard,South,0.0
C0366,2026-02-28,Group B,42,35.04,2,41.0,Basic,West,0.0
C0367,2026-02-28,Group B,3,69.04,2,46.03,Standard,North,0.0
C0368,2026-02-28,Group A,34,70.38,0,38.47,Standard,West,0.0
C0369,2026-02-28,Group C,15,32.38,0,50.48,Basic,North,0.0
C0370,2026-02-28,Group A,23,98.12,2,52.95,Premium,South,0.0
C0371,2026-02-28,Group A,67,66.62,3,43.14,Standard,West,0.0
C0372,2026-02-28,Group B,42,29.14,1,40.74,Basic,East,0.0
C0373,2026-02-28,Group C,23,32.32,0,37.38,Basic,West,0.0
C0374,2026-02-28,Group A,61,44.57,2,23.47,Basic,East,0.0
C0375,2026-02-28,Group A,35,38.61,0,20.07,Basic,East,0.0
C0376,2026-02-28,Group C,26,34.09,1,11.75,Basic,South,0.0
C0377,2026-02-28,Group B,5,95.36,3,57.81,Premium,North,0.0
C0378,2026-02-28,Group C,39,64.52,4,44.39,Standard,North,1.0
C0379,2026-02-28,Group B,5,39.82,2,40.97,Basic,South,0.0
C0380,2026-02-28,Group B,68,60.48,2,49.64,Standard,North,0.0
C0381,2026-02-28,Group A,40,66.03,0,40.93,Standard,East,0.0
C0382,2026-02-28,Group C,4,102.1,0,59.0,Premium,West,0.0
C0383,2026-02-28,Group A,23,73.61,1,42.47,Standard,West,0.0
C0384,2026-02-28,Group B,3,72.32,0,48.78,Standard,South,0.0
C0385,2026-02-28,Group A,4,31.68,1,41.17,Basic,West,1.0
C0386,2026-02-28,Group B,21,93.62,3,51.62,Premium,West,0.0
C0387,2026-02-28,Group B,45,72.29,2,56.45,Standard,West,0.0
C0388,2026-02-28,Group A,62,86.31,1,57.38,Premium,South,0.0
C0389,2026-02-28,Group C,53,33.76,0,37.82,Basic,South,0.0
C0390,2026-02-28,Group A,45,98.31,1,49.05,Premium,West,0.0
C0391,2026-02-28,Group B,22,70.05,1,47.05,Standard,North,0.0
C0392,2026-02-28,Group A,38,35.59,0,27.02,Basic,South,0.0
C0393,2026-02-28,Group A,66,72.24,2,63.97,Standard,North,0.0
C0394,2026-02-28,Group A,20,69.87,0,55.03,Standard,West,0.0
C0395,2026-02-28,Group A,5,37.07,2,36.17,Basic,East,0.0
C0396,2026-02-28,Group A,12,67.07,2,42.0,Standard,North,0.0
C0397,2026-02-28,Group B,27,96.05,1,54.16,Premium,North,0.0
C0398,2026-02-28,Group B,40,23.27,1,49.46,Basic,East,0.0
C0399,2026-02-28,Group B,41,57.75,0,49.52,Standard,East,0.0
C0400,2026-02-28,Group A,40,63.41,1,45.95,Standard,West,0.0
C0401,2026-02-28,Group A,32,32.83,0,50.12,Basic,South,0.0
C0402,2026-02-28,Group A,13,93.71,4,42.52,Premium,West,0.0
C0403,2026-02-28,Group B,29,63.82,0,42.6,Standard,South,0.0
C0404,2026-02-28,Group C,31,32.74,2,28.56,Basic,West,0.0
C0405,2026-02-28,Group A,17,93.14,0,38.36,Premium,North,0.0
C0406,2026-02-28,Group B,57,89.26,1,43.98,Premium,North,0.0
C0407,2026-02-28,Group A,54,26.98,0,34.77,Basic,North,0.0
C0408,2026-02-28,Group A,3,94.29,2,71.36,Premium,South,0.0
C0409,2026-02-28,Group A,35,35.19,0,46.59,Basic,West,0.0
C0410,2026-02-28,Group A,32,101.07,0,42.3,Premium,North,0.0
C0411,2026-02-28,Group B,68,59.96,0,50.81,Standard,South,0.0
C0412,2026-02-28,Group C,49,68.6,2,58.91,Standard,North,0.0
C0413,2026-02-28,Group A,6,22.5,1,29.75,Basic,West,0.0
C0414,2026-02-28,Group B,38,97.91,1,62.33,Premium,East,0.0
C0415,2026-02-28,Group B,8,36.96,4,30.98,Basic,West,1.0
C0416,2026-02-28,Group C,37,31.73,2,36.73,Basic,East,0.0
C0417,2026-02-28,Group B,36,33.39,2,26.52,Basic,East,0.0
C0418,2026-02-28,Group A,30,62.17,2,45.59,Standard,West,0.0
C0419,2026-02-28,Group B,10,30.17,1,23.43,Basic,North,1.0
C0420,2026-02-28,Group A,10,101.87,3,60.0,Premium,West,0.0
C0421,2026-02-28,Group C,53,64.51,3,40.69,Standard,East,0.0
C0422,2026-02-28,Group A,4,34.44,1,34.01,Basic,East,0.0
C0423,2026-02-28,Group B,63,34.31,3,23.56,Basic,South,0.0
C0424,2026-02-28,Group A,63,37.9,0,26.46,Basic,West,0.0
C0425,2026-02-28,Group A,42,69.1,1,33.99,Standard,South,0.0
C0426,2026-02-28,Group C,51,93.76,0,56.87,Premium,North,0.0
C0427,2026-02-28,Group B,28,29.56,0,20.55,Basic,West,0.0
C0428,2026-02-28,Group A,8,99.75,0,55.45,Premium,North,0.0
C0429,2026-02-28,Group C,28,34.99,1,27.87,Basic,North,1.0
C0430,2026-02-28,Group C,41,102.5,0,47.33,Premium,East,0.0
C0001,2026-03-31,Group C,63,59.27,1,42.03,Standard,West,0.0
C0002,2026-03-31,Group A,48,72.58,1,55.89,Standard,West,0.0
C0003,2026-03-31,Group A,70,83.41,0,56.18,Premium,North,0.0
C0004,2026-03-31,Group B,8,56.37,0,34.81,Standard,West,0.0
C0005,2026-03-31,Group A,57,38.38,1,39.26,Basic,West,0.0
C0006,2026-03-31,Group A,39,102.37,2,45.69,Premium,East,0.0
C0007,2026-03-31,Group C,32,63.47,2,66.51,Standard,West,0.0
C0008,2026-03-31,Group B,54,61.01,2,32.17,Standard,West,0.0
C0009,2026-03-31,Group A,27,43.68,1,28.44,Basic,South,0.0
C0010,2026-03-31,Group C,21,63.23,2,68.26,Standard,North,0.0
C0011,2026-03-31,Group A,47,28.01,0,50.89,Basic,South,0.0
C0012,2026-03-31,Group C,8,89.16,1,57.75,Premium,North,0.0
C0013,2026-03-31,Group A,70,59.23,3,46.87,Standard,North,0.0
C0014,2026-03-31,Group B,52,87.73,2,53.74,Premium,North,0.0
C0015,2026-03-31,Group A,57,65.33,1,49.38,Standard,East,0.0
C0016,2026-03-31,Group A,43,32.61,2,38.32,Basic,East,0.0
C0017,2026-03-31,Group C,59,70.46,1,51.64,Standard,East,0.0
C0018,2026-03-31,Group A,5,32.69,1,27.39,Basic,East,0.0
C0019,2026-03-31,Group A,17,92.3,0,57.18,Premium,East,0.0
C0020,2026-03-31,Group A,44,64.36,0,44.53,Standard,East,0.0
C0021,2026-03-31,Group B,14,55.1,1,46.31,Standard,North,0.0
C0022,2026-03-31,Group B,61,37.0,4,32.1,Basic,West,1.0
C0023,2026-03-31,Group C,42,94.48,0,55.31,Premium,South,0.0
C0024,2026-03-31,Group A,39,98.16,2,42.72,Premium,North,0.0
C0025,2026-03-31,Group A,38,74.44,1,48.97,Standard,West,0.0
C0026,2026-03-31,Group A,71,43.24,2,23.03,Basic,East,0.0
C0027,2026-03-31,Group B,40,65.38,1,56.64,Standard,North,0.0
C0028,2026-03-31,Group C,15,27.79,1,28.38,Basic,North,0.0
C0029,2026-03-31,Group B,14,28.94,1,43.73,Basic,North,0.0
C0030,2026-03-31,Group B,29,65.61,1,35.37,Standard,South,0.0
C0031,2026-03-31,Group A,64,65.81,1,39.78,Standard,North,0.0
C0032,2026-03-31,Group C,13,99.97,0,48.2,Premium,East,0.0
C0033,2026-03-31,Group A,39,30.75,1,49.46,Basic,East,0.0
C0034,2026-03-31,Group A,68,29.67,2,33.67,Basic,West,0.0
C0035,2026-03-31,Group A,23,65.26,3,44.29,Standard,East,0.0
C0036,2026-03-31,Group A,69,38.43,0,39.52,Basic,East,0.0
C0037,2026-03-31,Group A,52,42.02,3,12.51,Basic,East,1.0
C0038,2026-03-31,Group A,43,64.85,0,50.84,Standard,North,0.0
C0039,2026-03-31,Group A,61,36.03,0,52.19,Basic,North,0.0
C0040,2026-03-31,Group B,8,72.21,1,48.14,Standard,East,0.0
C0041,2026-03-31,Group A,8,54.88,2,42.46,Standard,North,0.0
C0042,2026-03-31,Group A,40,104.78,1,64.93,Premium,North,0.0
C0043,2026-03-31,Group C,70,69.76,1,63.31,Standard,North,0.0
C0044,2026-03-31,Group B,71,38.11,1,18.33,Basic,West,0.0
C0045,2026-03-31,Group B,42,93.9,0,47.47,Premium,South,0.0
C0046,2026-03-31,Group A,13,106.99,2,49.68,Premium,East,0.0
C0047,2026-03-31,Group C,27,25.66,2,38.79,Basic,South,0.0
C0048,2026-03-31,Group A,55,28.89,4,47.57,Basic,North,0.0
C0049,2026-03-31,Group A,15,66.68,3,40.52,Standard,South,1.0
C0050,2026-03-31,Group C,42,33.45,1,26.0,Basic,North,0.0
C0051,2026-03-31,Group B,13,30.55,0,19.28,Basic,West,0.0
C0052,2026-03-31,Group B,4,38.54,0,9.45,Basic,North,0.0
C0053,2026-03-31,Group B,19,61.97,1,36.62,Standard,South,0.0
C0054,2026-03-31,Group B,8,72.39,1,41.0,Standard,West,0.0
C0055,2026-03-31,Group A,24,71.07,0,42.8,Standard,East,0.0
C0056,2026-03-31,Group A,69,72.46,1,55.92,Standard,South,0.0
C0057,2026-03-31,Group A,71,73.4,1,55.88,Standard,East,0.0
C0058,2026-03-31,Group A,31,70.49,3,40.37,Standard,West,0.0
C0059,2026-03-31,Group C,67,45.09,0,8.03,Basic,South,0.0
C0060,2026-03-31,Group A,22,38.63,0,46.41,Basic,East,1.0
C0061,2026-03-31,Group B,20,67.61,0,59.8,Standard,West,0.0
C0062,2026-03-31,Group B,25,78.06,0,39.76,Standard,East,0.0
C0063,2026-03-31,Group B,68,63.73,2,57.96,Standard,South,0.0
C0064,2026-03-31,Group A,28,69.81,4,36.63,Standard,North,0.0
C0065,2026-03-31,Group A,38,60.44,2,62.41,Standard,North,0.0
C0066,2026-03-31,Group C,38,69.38,1,36.69,Standard,West,0.0
C0067,2026-03-31,Group B,18,64.79,1,56.93,Standard,East,0.0
C0068,2026-03-31,Group B,5,36.65,1,20.08,Basic,South,0.0
C0069,2026-03-31,Group C,61,28.35,2,35.82,Basic,South,0.0
C0070,2026-03-31,Group B,52,64.31,0,58.72,Standard,East,0.0
C0071,2026-03-31,Group A,16,39.95,1,30.74,Basic,East,0.0
C0072,2026-03-31,Group B,66,34.43,0,38.09,Basic,East,0.0
C0073,2026-03-31,Group A,46,95.83,1,59.17,Premium,South,0.0
C0074,2026-03-31,Group B,70,30.99,2,35.1,Basic,East,0.0
C0075,2026-03-31,Group C,59,34.05,0,51.01,Basic,South,0.0
C0076,2026-03-31,Group A,57,32.21,1,32.02,Basic,West,0.0
C0077,2026-03-31,Group A,5,39.55,1,17.42,Basic,North,1.0
C0078,2026-03-31,Group A,70,67.17,2,43.64,Standard,North,0.0
C0079,2026-03-31,Group C,47,74.01,0,51.63,Standard,South,0.0
C0080,2026-03-31,Group A,32,64.55,2,43.3,Standard,East,0.0
C0081,2026-03-31,Group A,12,68.87,0,32.0,Standard,East,0.0
C0082,2026-03-31,Group A,41,34.29,1,40.43,Basic,South,0.0
C0083,2026-03-31,Group A,9,101.93,0,56.48,Premium,West,0.0
C0084,2026-03-31,Group A,6,34.05,1,35.08,Basic,South,0.0
C0085,2026-03-31,Group A,42,30.47,3,29.17,Basic,North,0.0
C0086,2026-03-31,Group A,36,31.51,2,27.5,Basic,North,0.0
C0087,2026-03-31,Group A,24,69.16,0,34.38,Standard,West,0.0
C0088,2026-03-31,Group A,41,62.38,1,53.31,Standard,North,0.0
C0089,2026-03-31,Group A,39,29.36,2,43.78,Basic,West,0.0
C0090,2026-03-31,Group A,12,57.6,0,39.93,Standard,South,0.0
C0091,2026-03-31,Group B,69,34.67,1,37.73,Basic,North,0.0
C0092,2026-03-31,Group A,65,58.69,1,47.83,Standard,South,0.0
C0093,2026-03-31,Group A,65,70.31,0,36.96,Standard,East,0.0
C0094,2026-03-31,Group A,44,44.19,3,27.89,Basic,South,1.0
C0095,2026-03-31,Group A,14,23.29,0,31.64,Basic,West,0.0
C0096,2026-03-31,Group A,11,67.13,0,33.72,Standard,East,0.0
C0097,2026-03-31,Group A,71,33.47,3,28.04,Basic,South,1.0
C0098,2026-03-31,Group C,67,35.36,1,34.25,Basic,East,0.0
C0099,2026-03-31,Group A,62,37.11,0,47.34,Basic,West,0.0
C0100,2026-03-31,Group A,52,104.31,1,42.8,Premium,South,0.0
C0101,2026-03-31,Group A,22,93.73,4,65.04,Premium,North,0.0
C0102,2026-03-31,Group A,32,71.25,1,41.78,Standard,South,1.0
C0103,2026-03-31,Group A,50,42.7,0,39.09,Basic,West,0.0
C0104,2026-03-31,Group B,18,94.03,1,49.63,Premium,North,0.0
C0105,2026-03-31,Group C,6,63.77,0,31.79,Standard,West,0.0
C0106,2026-03-31,Group A,36,64.41,3,31.86,Standard,East,1.0
C0107,2026-03-31,Group A,35,61.35,0,37.19,Standard,East,0.0
C0108,2026-03-31,Group A,14,35.88,1,47.35,Basic,South,1.0
C0109,2026-03-31,Group A,9,33.61,1,13.39,Basic,West,0.0
C0110,2026-03-31,Group B,38,92.74,4,60.48,Premium,North,0.0
C0111,2026-03-31,Group A,36,64.22,2,66.57,Standard,South,0.0
C0112,2026-03-31,Group A,52,29.84,1,34.2,Basic,South,0.0
C0113,2026-03-31,Group C,42,25.71,1,45.73,Basic,South,0.0
C0114,2026-03-31,Group A,57,71.85,1,42.78,Standard,South,0.0
C0115,2026-03-31,Group A,26,29.83,0,37.93,Basic,North,0.0
C0116,2026-03-31,Group B,59,92.69,3,37.38,Premium,North,0.0
C0117,2026-03-31,Group A,49,68.24,2,31.65,Standard,North,0.0
C0118,2026-03-31,Group A,4,63.98,1,50.1,Standard,East,0.0
C0119,2026-03-31,Group A,9,63.72,0,30.4,Standard,South,0.0
C0120,2026-03-31,Group C,23,62.83,0,42.29,Standard,East,0.0
C0121,2026-03-31,Group A,11,64.55,1,26.51,Standard,East,0.0
C0122,2026-03-31,Group A,48,58.29,1,35.22,Standard,East,0.0
C0123,2026-03-31,Group A,50,31.18,0,40.97,Basic,East,0.0
C0124,2026-03-31,Group A,61,27.59,0,39.17,Basic,East,0.0
C0125,2026-03-31,Group B,6,30.44,4,45.45,Basic,East,0.0
C0126,2026-03-31,Group A,29,63.53,3,46.31,Standard,East,0.0
C0127,2026-03-31,Group B,50,36.0,0,43.63,Basic,East,0.0
C0128,2026-03-31,Group B,56,31.4,3,45.39,Basic,South,0.0
C0129,2026-03-31,Group C,16,40.39,1,41.27,Basic,North,0.0
C0130,2026-03-31,Group A,53,62.88,1,32.08,Standard,West,0.0
C0131,2026-03-31,Group C,29,40.67,2,43.74,Basic,South,1.0
C0132,2026-03-31,Group B,61,93.37,2,56.44,Premium,East,0.0
C0133,2026-03-31,Group A,7,64.23,2,59.14,Standard,North,0.0
C0134,2026-03-31,Group B,26,33.0,2,27.43,Basic,South,0.0
C0135,2026-03-31,Group C,18,61.85,2,40.03,Standard,East,0.0
C0136,2026-03-31,Group A,55,32.13,2,38.35,Basic,East,0.0
C0137,2026-03-31,Group C,32,97.33,2,60.26,Premium,East,0.0
C0138,2026-03-31,Group A,47,63.98,1,41.1,Standard,South,0.0
C0139,2026-03-31,Group B,29,62.43,2,45.14,Standard,West,0.0
C0140,2026-03-31,Group C,71,34.73,1,31.77,Basic,East,0.0
C0141,2026-03-31,Group A,68,61.26,0,44.59,Standard,West,0.0
C0142,2026-03-31,Group B,19,66.5,0,37.66,Standard,East,0.0
C0143,2026-03-31,Group A,71,97.17,1,52.76,Premium,East,0.0
C0144,2026-03-31,Group B,41,67.38,1,48.86,Standard,West,0.0
C0145,2026-03-31,Group B,21,67.97,0,42.0,Standard,North,0.0
C0146,2026-03-31,Group A,20,37.11,2,50.55,Basic,West,0.0
C0147,2026-03-31,Group A,58,30.13,1,63.25,Basic,West,0.0
C0148,2026-03-31,Group A,62,72.96,1,23.04,Standard,East,0.0
C0149,2026-03-31,Group A,40,65.67,2,52.34,Standard,East,0.0
C0150,2026-03-31,Group A,30,37.07,4,33.11,Basic,East,0.0
C0151,2026-03-31,Group A,34,101.33,3,60.53,Premium,South,1.0
C0152,2026-03-31,Group A,62,97.27,1,51.63,Premium,West,0.0
C0153,2026-03-31,Group A,50,34.9,1,51.58,Basic,North,0.0
C0154,2026-03-31,Group B,23,70.58,1,47.65,Standard,South,0.0
C0155,2026-03-31,Group B,24,30.22,1,49.61,Basic,East,0.0
C0156,2026-03-31,Group B,50,64.93,2,49.68,Standard,West,0.0
C0157,2026-03-31,Group A,34,34.96,2,21.16,Basic,South,0.0
C0158,2026-03-31,Group C,51,74.24,1,54.49,Standard,South,0.0
C0159,2026-03-31,Group B,7,57.28,1,46.75,Standard,North,0.0
C0160,2026-03-31,Group A,29,63.72,0,59.86,Standard,North,0.0
C0161,2026-03-31,Group A,23,,0,26.19,Basic,North,0.0
C0162,2026-03-31,Group B,68,86.57,0,48.07,Premium,North,0.0
C0163,2026-03-31,Group A,27,39.8,2,36.9,Basic,West,0.0
C0164,2026-03-31,Group A,48,36.2,1,35.8,Basic,West,0.0
C0165,2026-03-31,Group C,43,53.99,2,54.68,Standard,West,0.0
C0166,2026-03-31,Group A,16,19.99,0,38.34,Basic,North,0.0
C0167,2026-03-31,Group A,66,92.25,0,41.28,Premium,North,0.0
C0168,2026-03-31,Group C,63,96.15,0,62.93,Premium,South,0.0
C0169,2026-03-31,Group B,6,31.53,3,37.41,Basic,East,1.0
C0170,2026-03-31,Group A,51,101.17,0,53.21,Premium,South,0.0
C0171,2026-03-31,Group C,63,33.98,0,18.35,Basic,South,0.0
C0172,2026-03-31,Group C,6,64.4,2,53.19,Standard,North,0.0
C0173,2026-03-31,Group B,35,37.52,0,17.49,Basic,East,0.0
C0174,2026-03-31,Group B,40,89.31,1,57.48,Premium,South,0.0
C0175,2026-03-31,Group A,9,32.53,1,30.47,Basic,North,0.0
C0176,2026-03-31,Group A,8,35.46,2,36.97,Basic,East,0.0
C0177,2026-03-31,Group B,35,60.48,0,42.11,Standard,West,0.0
C0178,2026-03-31,Group A,43,100.61,4,71.06,Premium,North,0.0
C0179,2026-03-31,Group B,14,84.67,1,55.14,Premium,South,0.0
C0180,2026-03-31,Group C,28,59.58,2,43.0,Standard,West,0.0
C0181,2026-03-31,Group A,49,92.82,3,54.83,Premium,East,1.0
C0182,2026-03-31,Group B,30,84.77,1,68.3,Premium,West,0.0
C0183,2026-03-31,Group A,21,58.51,1,53.94,Standard,South,0.0
C0184,2026-03-31,Group C,46,24.84,0,35.46,Basic,South,0.0
C0185,2026-03-31,Group A,54,62.29,1,44.99,Standard,East,0.0
C0186,2026-03-31,Group B,67,67.4,1,29.0,Standard,North,0.0
C0187,2026-03-31,Group B,32,36.23,0,34.27,Basic,North,0.0
C0188,2026-03-31,Group A,21,34.54,2,27.46,Basic,East,0.0
C0189,2026-03-31,Group B,59,66.73,0,52.44,Standard,East,0.0
C0190,2026-03-31,Group B,9,33.83,0,38.23,Basic,North,0.0
C0191,2026-03-31,Group B,38,92.72,2,73.71,Premium,East,0.0
C0192,2026-03-31,Group B,69,29.02,1,33.96,Basic,South,0.0
C0193,2026-03-31,Group C,36,37.81,2,32.73,Basic,East,0.0
C0194,2026-03-31,Group A,62,88.18,0,63.3,Premium,West,0.0
C0195,2026-03-31,Group A,71,37.36,1,50.61,Basic,North,0.0
C0196,2026-03-31,Group A,42,29.82,3,34.98,Basic,West,0.0
C0197,2026-03-31,Group B,10,65.77,0,52.99,Standard,South,0.0
C0198,2026-03-31,Group B,28,94.05,1,57.38,Premium,West,0.0
C0199,2026-03-31,Group A,10,36.41,0,51.15,Basic,South,0.0
C0200,2026-03-31,Group A,32,33.87,3,33.08,Basic,South,1.0
C0201,2026-03-31,Group C,51,69.98,1,49.79,Standard,West,0.0
C0202,2026-03-31,Group A,62,101.23,2,42.76,Premium,East,0.0
C0203,2026-03-31,Group B,19,63.83,2,47.28,Standard,North,0.0
C0204,2026-03-31,Group A,70,28.86,2,40.25,Basic,East,0.0
C0205,2026-03-31,Group C,10,34.7,0,40.32,Basic,West,0.0
C0206,2026-03-31,Group A,47,32.19,0,23.34,Basic,South,0.0
C0207,2026-03-31,Group A,21,38.8,1,42.83,Basic,West,0.0
C0208,2026-03-31,Group C,70,59.23,1,56.89,Standard,East,0.0
C0209,2026-03-31,Group C,45,34.98,1,34.57,Basic,South,0.0
C0210,2026-03-31,Group A,18,61.32,1,51.73,Standard,North,0.0
C0211,2026-03-31,Group A,54,70.41,2,36.72,Standard,East,0.0
C0212,2026-03-31,Group B,8,59.36,2,29.72,Standard,North,0.0
C0213,2026-03-31,Group C,19,26.54,0,32.35,Basic,West,0.0
C0214,2026-03-31,Group A,51,97.92,1,65.64,Premium,East,0.0
C0215,2026-03-31,Group A,67,57.01,2,38.48,Standard,South,0.0
C0216,2026-03-31,Group B,12,56.81,2,49.07,Standard,North,0.0
C0217,2026-03-31,Group B,56,37.97,2,34.88,Basic,East,0.0
C0218,2026-03-31,Group B,51,38.73,0,42.87,Basic,North,0.0
C0219,2026-03-31,Group B,33,92.93,1,52.94,Premium,South,0.0
C0220,2026-03-31,Group A,56,33.02,2,47.45,Basic,West,0.0
C0221,2026-03-31,Group C,44,45.26,3,25.48,Basic,West,1.0
C0222,2026-03-31,Group C,38,64.09,0,27.18,Standard,West,0.0
C0223,2026-03-31,Group B,17,67.3,0,33.94,Standard,West,0.0
C0224,2026-03-31,Group A,19,103.65,1,48.56,Premium,East,0.0
C0225,2026-03-31,Group A,19,35.04,1,27.83,Basic,North,0.0
C0226,2026-03-31,Group B,44,94.66,1,57.33,Premium,West,0.0
C0227,2026-03-31,Group A,19,27.95,2,35.39,Basic,West,0.0
C0228,2026-03-31,Group C,6,66.24,2,69.5,Standard,West,0.0
C0229,2026-03-31,Group A,53,62.75,0,36.44,Standard,East,1.0
C0230,2026-03-31,Group B,46,34.07,1,35.86,Basic,North,0.0
C0231,2026-03-31,Group C,52,37.94,3,33.62,Basic,East,0.0
C0232,2026-03-31,Group A,31,27.67,1,41.05,Basic,South,0.0
C0233,2026-03-31,Group A,57,99.72,0,58.35,Premium,West,0.0
C0234,2026-03-31,Group B,59,67.63,0,25.73,Standard,South,0.0
C0235,2026-03-31,Group B,5,94.34,1,48.0,Premium,South,0.0
C0236,2026-03-31,Group A,68,95.64,1,68.76,Premium,North,0.0
C0237,2026-03-31,Group B,55,50.52,0,43.74,Standard,West,0.0
C0238,2026-03-31,Group C,29,69.41,1,50.21,Standard,West,0.0
C0239,2026-03-31,Group A,6,41.32,1,44.06,Basic,North,0.0
C0240,2026-03-31,Group A,7,30.23,0,34.48,Basic,South,0.0
C0241,2026-03-31,Group A,7,98.54,5,56.93,Premium,South,0.0
C0242,2026-03-31,Group A,9,60.66,0,36.22,Standard,South,0.0
C0243,2026-03-31,Group A,48,30.05,1,40.1,Basic,West,0.0
C0244,2026-03-31,Group A,29,70.18,1,44.65,Standard,North,0.0
C0245,2026-03-31,Group B,13,68.46,1,57.01,Standard,South,1.0
C0246,2026-03-31,Group A,31,,1,54.07,Premium,North,1.0
C0247,2026-03-31,Group C,11,71.69,1,34.71,Standard,North,0.0
C0248,2026-03-31,Group A,27,40.13,0,36.81,Basic,West,0.0
C0249,2026-03-31,Group A,10,38.64,2,39.3,Basic,West,0.0
C0250,2026-03-31,Group B,69,66.26,2,37.73,Standard,North,0.0
C0251,2026-03-31,Group C,67,71.6,2,61.68,Standard,East,0.0
C0252,2026-03-31,Group A,8,88.52,1,40.37,Premium,North,0.0
C0253,2026-03-31,Group A,15,72.55,2,42.31,Standard,North,0.0
C0254,2026-03-31,Group A,18,34.39,2,48.87,Basic,South,0.0
C0255,2026-03-31,Group B,54,36.96,0,51.32,Basic,North,0.0
C0256,2026-03-31,Group A,13,59.91,1,48.63,Standard,South,0.0
C0257,2026-03-31,Group A,60,92.13,1,44.54,Premium,West,0.0
C0258,2026-03-31,Group A,11,40.39,1,44.17,Basic,East,0.0
C0259,2026-03-31,Group A,41,31.56,0,36.6,Basic,East,0.0
C0260,2026-03-31,Group C,26,58.81,1,48.76,Standard,South,0.0
C0261,2026-03-31,Group B,32,26.93,1,38.34,Basic,North,0.0
C0262,2026-03-31,Group A,31,88.93,0,53.1,Premium,North,0.0
C0263,2026-03-31,Group A,42,37.81,2,44.6,Basic,South,1.0
C0264,2026-03-31,Group A,33,29.83,2,18.56,Basic,North,0.0
C0265,2026-03-31,Group A,45,95.38,4,43.73,Premium,West,0.0
C0266,2026-03-31,Group B,15,29.98,2,49.19,Basic,West,0.0
C0267,2026-03-31,Group C,48,37.63,1,29.87,Basic,West,0.0
C0268,2026-03-31,Group C,68,32.9,2,40.82,Basic,East,0.0
C0269,2026-03-31,Group C,42,34.51,1,32.88,Basic,East,0.0
C0270,2026-03-31,Group C,69,36.16,2,36.87,Basic,East,0.0
C0271,2026-03-31,Group C,52,36.99,0,29.51,Basic,South,0.0
C0272,2026-03-31,Group A,55,36.12,0,49.24,Basic,East,0.0
C0273,2026-03-31,Group A,26,31.65,1,43.49,Basic,West,0.0
C0274,2026-03-31,Group A,57,63.99,0,40.75,Standard,West,0.0
C0275,2026-03-31,Group B,51,65.65,4,51.81,Standard,East,0.0
C0276,2026-03-31,Group A,41,38.33,2,29.32,Basic,North,1.0
C0277,2026-03-31,Group C,14,40.65,0,35.88,Basic,East,0.0
C0278,2026-03-31,Group B,23,67.03,1,52.38,Standard,South,0.0
C0279,2026-03-31,Group B,29,89.97,2,53.78,Premium,East,0.0
C0280,2026-03-31,Group A,56,95.89,3,59.95,Premium,East,0.0
C0281,2026-03-31,Group A,7,32.43,0,29.7,Basic,West,0.0
C0282,2026-03-31,Group A,41,28.02,2,34.0,Basic,South,0.0
C0283,2026-03-31,Group C,39,35.04,0,29.56,Basic,West,0.0
C0284,2026-03-31,Group B,62,31.96,1,28.87,Basic,West,0.0
C0285,2026-03-31,Group B,5,68.48,1,58.54,Standard,South,0.0
C0286,2026-03-31,Group A,11,36.19,4,42.57,Basic,South,1.0
C0287,2026-03-31,Group A,70,43.16,1,64.58,Basic,East,0.0
C0288,2026-03-31,Group A,67,34.52,0,64.24,Basic,West,0.0
C0289,2026-03-31,Group B,70,62.07,1,30.6,Standard,East,0.0
C0290,2026-03-31,Group B,70,36.19,3,31.5,Basic,West,1.0
C0291,2026-03-31,Group A,27,84.08,1,31.48,Premium,South,0.0
C0292,2026-03-31,Group C,50,30.88,0,31.47,Basic,East,0.0
C0293,2026-03-31,Group A,66,97.26,5,43.44,Premium,South,1.0
C0294,2026-03-31,Group C,34,34.16,0,35.41,Basic,West,0.0
C0295,2026-03-31,Group A,11,85.2,1,54.15,Premium,South,0.0
C0296,2026-03-31,Group A,28,95.92,2,54.36,Premium,East,0.0
C0297,2026-03-31,Group C,28,91.3,0,41.25,Premium,North,0.0
C0298,2026-03-31,Group A,35,91.64,1,59.65,Premium,West,0.0
C0299,2026-03-31,Group A,28,68.16,2,35.78,Standard,South,1.0
C0300,2026-03-31,Group A,71,64.56,2,76.33,Standard,South,0.0
C0301,2026-03-31,Group A,30,68.28,0,37.36,Standard,East,0.0
C0302,2026-03-31,Group B,50,40.12,0,37.76,Basic,South,0.0
C0303,2026-03-31,Group C,62,65.23,3,37.0,Standard,West,0.0
C0304,2026-03-31,Group C,24,65.4,0,67.36,Standard,East,0.0
C0305,2026-03-31,Group A,4,99.25,0,65.62,Premium,East,0.0
C0306,2026-03-31,Group B,40,60.07,1,48.23,Standard,North,0.0
C0307,2026-03-31,Group A,32,41.98,1,29.72,Basic,North,1.0
C0308,2026-03-31,Group A,35,62.45,1,53.22,Standard,South,0.0
C0309,2026-03-31,Group A,61,32.17,1,31.62,Basic,West,1.0
C0310,2026-03-31,Group C,32,28.28,1,51.89,Basic,West,0.0
C0311,2026-03-31,Group C,9,67.81,2,53.36,Standard,East,0.0
C0312,2026-03-31,Group B,8,36.02,3,30.69,Basic,East,0.0
C0313,2026-03-31,Group A,34,35.48,0,14.94,Basic,South,1.0
C0314,2026-03-31,Group A,20,33.25,2,28.56,Basic,North,0.0
C0315,2026-03-31,Group B,43,37.29,0,54.46,Basic,North,0.0
C0316,2026-03-31,Group B,37,39.92,0,47.69,Basic,South,0.0
C0317,2026-03-31,Group A,27,31.23,1,49.03,Basic,South,0.0
C0318,2026-03-31,Group A,36,57.65,1,30.21,Standard,North,1.0
C0319,2026-03-31,Group A,51,33.4,0,38.86,Basic,South,0.0
C0320,2026-03-31,Group C,5,95.48,2,63.16,Premium,North,0.0
C0321,2026-03-31,Group A,63,102.76,1,36.87,Premium,East,0.0
C0322,2026-03-31,Group C,71,67.78,1,44.96,Standard,West,0.0
C0323,2026-03-31,Group A,55,36.63,2,37.58,Basic,East,0.0
C0324,2026-03-31,Group B,26,60.65,1,47.57,Standard,South,0.0
C0325,2026-03-31,Group A,57,105.91,1,34.91,Premium,South,0.0
C0326,2026-03-31,Group A,41,66.23,0,44.1,Standard,South,0.0
C0327,2026-03-31,Group A,18,99.58,1,49.29,Premium,North,0.0
C0328,2026-03-31,Group A,17,58.96,3,45.73,Standard,East,0.0
C0329,2026-03-31,Group C,41,67.28,2,35.6,Standard,East,0.0
C0330,2026-03-31,Group A,50,37.1,0,24.7,Basic,North,0.0
C0331,2026-03-31,Group B,13,66.49,1,36.61,Standard,South,0.0
C0332,2026-03-31,Group A,21,38.53,3,38.41,Basic,South,0.0
C0333,2026-03-31,Group A,36,64.29,1,42.25,Standard,North,0.0
C0334,2026-03-31,Group B,36,95.75,0,53.01,Premium,East,0.0
C0335,2026-03-31,Group A,57,33.27,5,32.14,Basic,East,1.0
C0336,2026-03-31,Group C,5,64.34,4,27.07,Standard,East,0.0
C0337,2026-03-31,Group B,71,29.49,3,46.37,Basic,East,0.0
C0338,2026-03-31,Group B,63,64.07,0,40.07,Standard,West,0.0
C0339,2026-03-31,Group A,42,31.74,1,43.6,Basic,West,0.0
C0340,2026-03-31,Group A,48,96.25,0,65.95,Premium,East,0.0
C0341,2026-03-31,Group C,50,34.34,3,18.77,Basic,West,0.0
C0342,2026-03-31,Group A,59,102.35,1,35.73,Premium,South,0.0
C0343,2026-03-31,Group A,25,89.35,0,57.16,Premium,West,0.0
C0344,2026-03-31,Group A,18,63.16,0,49.36,Standard,West,0.0
C0345,2026-03-31,Group B,35,63.8,2,47.06,Standard,East,0.0
C0346,2026-03-31,Group B,31,68.75,0,42.02,Standard,West,0.0
C0347,2026-03-31,Group B,27,93.37,3,45.73,Premium,East,0.0
C0348,2026-03-31,Group B,37,41.98,1,49.87,Basic,East,0.0
C0349,2026-03-31,Group A,18,63.14,1,47.55,Standard,South,0.0
C0350,2026-03-31,Group C,20,34.19,0,34.16,Basic,West,0.0
C0351,2026-03-31,Group A,51,71.01,1,25.38,Standard,East,0.0
C0352,2026-03-31,Group B,27,41.01,1,44.97,Basic,West,0.0
C0353,2026-03-31,Group A,57,62.61,0,59.86,Standard,South,0.0
C0354,2026-03-31,Group C,33,61.3,2,52.26,Standard,West,0.0
C0355,2026-03-31,Group A,46,76.45,2,30.59,Standard,North,0.0
C0356,2026-03-31,Group A,35,68.51,0,56.84,Standard,North,0.0
C0357,2026-03-31,Group A,67,68.33,0,47.82,Standard,East,0.0
C0358,2026-03-31,Group A,18,64.27,0,61.43,Standard,East,0.0
C0359,2026-03-31,Group A,37,62.22,0,45.56,Standard,West,0.0
C0360,2026-03-31,Group B,51,57.37,0,44.0,Standard,South,0.0
C0361,2026-03-31,Group A,50,84.05,2,60.58,Premium,East,0.0
C0362,2026-03-31,Group C,36,39.32,1,35.02,Basic,East,0.0
C0363,2026-03-31,Group A,67,31.55,0,26.21,Basic,West,0.0
C0364,2026-03-31,Group B,38,42.03,1,38.31,Basic,East,0.0
C0365,2026-03-31,Group A,9,63.98,3,56.01,Standard,South,0.0
C0366,2026-03-31,Group B,6,36.5,2,33.03,Basic,West,0.0
C0367,2026-03-31,Group B,14,51.45,0,48.77,Standard,North,0.0
C0368,2026-03-31,Group A,63,72.6,4,35.84,Standard,West,0.0
C0369,2026-03-31,Group C,37,41.06,0,58.21,Basic,North,0.0
C0370,2026-03-31,Group A,6,99.08,1,49.73,Premium,South,0.0
C0371,2026-03-31,Group A,8,67.43,3,42.47,Standard,West,0.0
C0372,2026-03-31,Group B,24,34.14,5,31.83,Basic,East,1.0
C0373,2026-03-31,Group C,28,29.32,2,49.72,Basic,West,0.0
C0374,2026-03-31,Group A,26,26.63,1,27.95,Basic,East,1.0
C0375,2026-03-31,Group A,52,35.67,1,17.96,Basic,East,0.0
C0376,2026-03-31,Group C,28,32.12,2,14.48,Basic,South,0.0
C0377,2026-03-31,Group B,22,,3,61.65,Premium,North,0.0
C0378,2026-03-31,Group C,60,59.26,2,28.85,Standard,North,0.0
C0379,2026-03-31,Group B,52,33.09,1,36.84,Basic,South,0.0
C0380,2026-03-31,Group B,49,69.47,1,58.94,Standard,North,0.0
C0381,2026-03-31,Group A,67,67.75,1,30.84,Standard,East,1.0
C0382,2026-03-31,Group C,26,88.25,0,57.39,Premium,West,0.0
C0383,2026-03-31,Group A,54,72.87,2,38.23,Standard,West,0.0
C0384,2026-03-31,Group B,32,73.79,1,49.31,Standard,South,0.0
C0385,2026-03-31,Group A,70,41.35,2,45.19,Basic,West,0.0
C0386,2026-03-31,Group B,39,105.55,1,43.46,Premium,West,0.0
C0387,2026-03-31,Group B,57,55.02,2,49.48,Standard,West,0.0
C0388,2026-03-31,Group A,36,100.31,3,65.96,Premium,South,0.0
C0389,2026-03-31,Group C,28,37.82,1,36.07,Basic,South,0.0
C0390,2026-03-31,Group A,45,98.45,1,35.58,Premium,West,0.0
C0391,2026-03-31,Group B,55,69.44,0,48.45,Standard,North,0.0
C0392,2026-03-31,Group A,25,40.27,1,36.31,Basic,South,0.0
C0393,2026-03-31,Group A,7,52.39,0,52.84,Standard,North,0.0
C0394,2026-03-31,Group A,29,63.16,3,44.08,Standard,West,0.0
C0395,2026-03-31,Group A,7,26.64,3,43.15,Basic,East,1.0
C0396,2026-03-31,Group A,26,64.1,0,52.61,Standard,North,0.0
C0397,2026-03-31,Group B,32,87.24,0,51.7,Premium,North,0.0
C0398,2026-03-31,Group B,5,29.35,2,45.9,Basic,East,0.0
C0399,2026-03-31,Group B,54,54.94,4,43.7,Standard,East,0.0
C0400,2026-03-31,Group A,70,66.04,1,37.35,Standard,West,0.0
C0401,2026-03-31,Group A,23,30.02,0,34.64,Basic,South,0.0
C0402,2026-03-31,Group A,20,102.13,1,46.7,Premium,West,0.0
C0403,2026-03-31,Group B,67,72.19,0,32.44,Standard,South,0.0
C0404,2026-03-31,Group C,32,35.5,0,21.66,Basic,West,0.0
C0405,2026-03-31,Group A,64,86.58,2,31.75,Premium,North,0.0
C0406,2026-03-31,Group B,70,102.41,1,40.82,Premium,North,0.0
C0407,2026-03-31,Group A,57,37.06,1,41.7,Basic,North,0.0
C0408,2026-03-31,Group A,57,100.76,0,72.47,Premium,South,0.0
C0409,2026-03-31,Group A,11,35.25,1,54.27,Basic,West,0.0
C0410,2026-03-31,Group A,57,103.82,1,43.19,Premium,North,0.0
C0411,2026-03-31,Group B,19,71.17,1,55.33,Standard,South,0.0
C0412,2026-03-31,Group C,20,,2,63.07,Standard,North,0.0
C0413,2026-03-31,Group A,53,37.34,1,29.19,Basic,West,0.0
C0414,2026-03-31,Group B,51,98.2,2,54.32,Premium,East,0.0
C0415,2026-03-31,Group B,51,31.67,0,25.18,Basic,West,0.0
C0416,2026-03-31,Group C,44,37.46,4,27.14,Basic,East,0.0
C0417,2026-03-31,Group B,8,32.54,1,25.82,Basic,East,0.0
C0418,2026-03-31,Group A,42,63.58,0,46.44,Standard,West,0.0
C0419,2026-03-31,Group B,53,26.48,1,21.0,Basic,North,1.0
C0420,2026-03-31,Group A,67,86.07,1,64.27,Premium,West,0.0
C0421,2026-03-31,Group C,42,64.76,1,52.99,Standard,East,0.0
C0422,2026-03-31,Group A,27,35.79,0,27.15,Basic,East,0.0
C0423,2026-03-31,Group B,68,35.88,0,20.93,Basic,South,0.0
C0424,2026-03-31,Group A,56,39.67,2,17.08,Basic,West,1.0
C0425,2026-03-31,Group A,63,60.89,1,43.25,Standard,South,0.0
C0426,2026-03-31,Group C,44,97.05,2,43.62,Premium,North,1.0
C0427,2026-03-31,Group B,61,30.93,1,24.5,Basic,West,0.0
C0428,2026-03-31,Group A,4,94.48,2,56.15,Premium,North,0.0
C0429,2026-03-31,Group C,50,36.84,1,24.99,Basic,North,0.0
C0430,2026-03-31,Group C,53,90.28,0,42.24,Premium,East,0.0
C0001,2026-04-30,Group C,43,67.11,1,42.57,Standard,West,0.0
C0002,2026-04-30,Group A,39,71.41,2,54.0,Standard,West,0.0
C0003,2026-04-30,Group A,63,97.35,1,63.18,Premium,North,0.0
C0004,2026-04-30,Group B,19,59.71,1,31.27,Standard,West,0.0
C0005,2026-04-30,Group A,64,34.69,1,38.45,Basic,West,0.0
C0006,2026-04-30,Group A,65,92.73,1,45.2,Premium,East,0.0
C0007,2026-04-30,Group C,64,69.38,3,64.52,Standard,West,0.0
C0008,2026-04-30,Group B,63,63.51,2,24.57,Standard,West,0.0
C0009,2026-04-30,Group A,52,36.28,0,30.19,Basic,South,0.0
C0010,2026-04-30,Group C,29,60.29,2,60.92,Standard,North,0.0
C0011,2026-04-30,Group A,24,39.32,1,39.74,Basic,South,0.0
C0012,2026-04-30,Group C,46,101.44,1,52.95,Premium,North,0.0
C0013,2026-04-30,Group A,18,66.04,0,47.86,Standard,North,0.0
C0014,2026-04-30,Group B,42,92.9,3,52.22,Premium,North,0.0
C0015,2026-04-30,Group A,51,67.35,0,42.95,Standard,East,0.0
C0016,2026-04-30,Group A,40,38.07,3,27.99,Basic,East,0.0
C0017,2026-04-30,Group C,30,64.2,1,53.74,Standard,East,0.0
C0018,2026-04-30,Group A,71,32.17,0,32.74,Basic,East,0.0
C0019,2026-04-30,Group A,45,99.04,1,57.64,Premium,East,0.0
C0020,2026-04-30,Group A,20,76.76,3,41.55,Standard,East,0.0
C0021,2026-04-30,Group B,69,64.02,2,41.08,Standard,North,0.0
C0022,2026-04-30,Group B,72,34.14,4,30.36,Basic,West,1.0
C0023,2026-04-30,Group C,46,95.8,1,56.46,Premium,South,0.0
C0024,2026-04-30,Group A,12,94.99,0,49.18,Premium,North,0.0
C0025,2026-04-30,Group A,52,66.75,1,38.22,Standard,West,0.0
C0026,2026-04-30,Group A,17,34.43,1,31.94,Basic,East,0.0
C0027,2026-04-30,Group B,26,65.21,0,46.76,Standard,North,0.0
C0028,2026-04-30,Group C,25,35.37,1,22.12,Basic,North,1.0
C0029,2026-04-30,Group B,41,32.34,1,46.34,Basic,North,0.0
C0030,2026-04-30,Group B,60,55.63,1,40.35,Standard,South,0.0
C0031,2026-04-30,Group A,19,65.78,3,32.59,Standard,North,0.0
C0032,2026-04-30,Group C,11,85.32,2,53.73,Premium,East,0.0
C0033,2026-04-30,Group A,7,29.41,0,52.45,Basic,East,0.0
C0034,2026-04-30,Group A,12,31.16,2,41.2,Basic,West,0.0
C0035,2026-04-30,Group A,60,63.09,1,47.17,Standard,East,0.0
C0036,2026-04-30,Group A,49,33.4,0,41.3,Basic,East,0.0
C0037,2026-04-30,Group A,55,49.8,1,17.19,Basic,East,1.0
C0038,2026-04-30,Group A,8,71.68,1,50.41,Standard,North,0.0
C0039,2026-04-30,Group A,28,33.7,0,56.03,Basic,North,0.0
C0040,2026-04-30,Group B,63,64.13,1,44.81,Standard,East,0.0
C0041,2026-04-30,Group A,19,67.7,0,51.96,Standard,North,0.0
C0042,2026-04-30,Group A,37,96.32,1,63.53,Premium,North,0.0
C0043,2026-04-30,Group C,43,57.3,1,68.45,Standard,North,0.0
C0044,2026-04-30,Group B,69,31.38,2,16.21,Basic,West,1.0
C0045,2026-04-30,Group B,52,88.35,2,43.13,Premium,South,0.0
C0046,2026-04-30,Group A,9,89.81,2,49.24,Premium,East,0.0
C0047,2026-04-30,Group C,71,34.02,1,27.56,Basic,South,0.0
C0048,2026-04-30,Group A,58,30.87,2,53.12,Basic,North,0.0
C0049,2026-04-30,Group A,64,75.09,0,38.32,Standard,South,0.0
C0050,2026-04-30,Group C,65,30.63,1,15.1,Basic,North,0.0
C0051,2026-04-30,Group B,25,30.53,3,23.67,Basic,West,0.0
C0052,2026-04-30,Group B,16,27.83,1,13.75,Basic,North,1.0
C0053,2026-04-30,Group B,63,60.57,4,40.77,Standard,South,0.0
C0054,2026-04-30,Group B,55,71.55,1,51.56,Standard,West,0.0
C0055,2026-04-30,Group A,12,67.02,1,51.33,Standard,East,0.0
C0056,2026-04-30,Group A,32,57.83,0,65.41,Standard,South,0.0
C0057,2026-04-30,Group A,5,68.27,1,49.53,Standard,East,0.0
C0058,2026-04-30,Group A,15,63.66,1,42.11,Standard,West,0.0
C0059,2026-04-30,Group C,28,33.68,0,23.68,Basic,South,0.0
C0060,2026-04-30,Group A,9,32.9,0,45.21,Basic,East,0.0
C0061,2026-04-30,Group B,34,55.86,3,51.93,Standard,West,0.0
C0062,2026-04-30,Group B,46,63.76,0,53.25,Standard,East,0.0
C0063,2026-04-30,Group B,62,58.89,1,52.06,Standard,South,0.0
C0064,2026-04-30,Group A,72,,0,41.18,Standard,North,0.0
C0065,2026-04-30,Group A,17,73.11,1,59.79,Standard,North,0.0
C0066,2026-04-30,Group C,30,68.17,0,24.22,Standard,West,0.0
C0067,2026-04-30,Group B,36,68.2,2,56.06,Standard,East,0.0
C0068,2026-04-30,Group B,31,35.99,1,21.29,Basic,South,0.0
C0069,2026-04-30,Group C,59,34.12,2,29.53,Basic,South,1.0
C0070,2026-04-30,Group B,6,67.02,1,72.41,Standard,East,0.0
C0071,2026-04-30,Group A,8,39.93,1,33.86,Basic,East,0.0
C0072,2026-04-30,Group B,41,40.72,2,49.55,Basic,East,0.0
C0073,2026-04-30,Group A,21,92.92,2,56.43,Premium,South,0.0
C0074,2026-04-30,Group B,49,35.03,1,44.41,Basic,East,0.0
C0075,2026-04-30,Group C,50,38.18,0,45.22,Basic,South,0.0
C0076,2026-04-30,Group A,66,33.79,0,27.04,Basic,West,0.0
C0077,2026-04-30,Group A,69,33.16,1,30.68,Basic,North,0.0
C0078,2026-04-30,Group A,8,68.76,0,34.37,Standard,North,0.0
C0079,2026-04-30,Group C,7,65.28,1,51.66,Standard,South,1.0
C0080,2026-04-30,Group A,34,64.85,1,52.93,Standard,East,0.0
C0081,2026-04-30,Group A,11,68.28,3,32.68,Standard,East,0.0
C0082,2026-04-30,Group A,65,39.78,1,33.02,Basic,South,0.0
C0083,2026-04-30,Group A,52,98.32,2,43.13,Premium,West,0.0
C0084,2026-04-30,Group A,53,36.14,2,38.81,Basic,South,0.0
C0085,2026-04-30,Group A,43,37.36,1,26.89,Basic,North,0.0
C0086,2026-04-30,Group A,42,41.01,1,34.29,Basic,North,0.0
C0087,2026-04-30,Group A,69,64.98,2,43.09,Standard,West,1.0
C0088,2026-04-30,Group A,49,65.06,1,56.59,Standard,North,0.0
C0089,2026-04-30,Group A,27,38.9,1,48.81,Basic,West,0.0
C0090,2026-04-30,Group A,16,69.77,0,39.25,Standard,South,0.0
C0091,2026-04-30,Group B,40,38.54,1,39.16,Basic,North,0.0
C0092,2026-04-30,Group A,16,71.2,2,46.57,Standard,South,0.0
C0093,2026-04-30,Group A,5,69.77,3,35.78,Standard,East,0.0
C0094,2026-04-30,Group A,5,34.98,1,20.18,Basic,South,0.0
C0095,2026-04-30,Group A,5,41.85,2,23.7,Basic,West,0.0
C0096,2026-04-30,Group A,53,56.47,2,37.51,Standard,East,0.0
C0097,2026-04-30,Group A,28,40.21,1,31.42,Basic,South,1.0
C0098,2026-04-30,Group C,12,,0,37.52,Basic,East,1.0
C0099,2026-04-30,Group A,19,42.04,1,42.91,Basic,West,0.0
C0100,2026-04-30,Group A,59,96.78,1,42.02,Premium,South,0.0
C0101,2026-04-30,Group A,30,,2,49.05,Premium,North,1.0
C0102,2026-04-30,Group A,53,67.3,1,44.56,Standard,South,1.0
C0103,2026-04-30,Group A,44,26.21,2,39.39,Basic,West,0.0
C0104,2026-04-30,Group B,72,90.81,1,66.56,Premium,North,0.0
C0105,2026-04-30,Group C,12,57.55,0,33.25,Standard,West,0.0
C0106,2026-04-30,Group A,71,69.85,0,33.17,Standard,East,0.0
C0107,2026-04-30,Group A,64,69.51,1,37.86,Standard,East,0.0
C0108,2026-04-30,Group A,71,37.23,0,48.24,Basic,South,0.0
C0109,2026-04-30,Group A,29,37.56,5,29.18,Basic,West,1.0
C0110,2026-04-30,Group B,72,99.62,1,63.62,Premium,North,0.0
C0111,2026-04-30,Group A,54,70.65,1,48.29,Standard,South,0.0
C0112,2026-04-30,Group A,16,33.91,0,40.23,Basic,South,0.0
C0113,2026-04-30,Group C,20,25.85,0,35.75,Basic,South,0.0
C0114,2026-04-30,Group A,71,61.75,0,42.03,Standard,South,0.0
C0115,2026-04-30,Group A,72,37.88,1,42.94,Basic,North,0.0
C0116,2026-04-30,Group B,48,86.07,0,31.29,Premium,North,0.0
C0117,2026-04-30,Group A,16,67.91,0,26.0,Standard,North,0.0
C0118,2026-04-30,Group A,67,66.74,2,46.09,Standard,East,0.0
C0119,2026-04-30,Group A,52,61.64,1,29.91,Standard,South,0.0
C0120,2026-04-30,Group C,40,67.2,1,45.7,Standard,East,0.0
C0121,2026-04-30,Group A,38,62.8,0,29.16,Standard,East,0.0
C0122,2026-04-30,Group A,5,64.41,0,34.75,Standard,East,0.0
C0123,2026-04-30,Group A,37,32.75,3,41.66,Basic,East,0.0
C0124,2026-04-30,Group A,71,33.09,1,29.17,Basic,East,0.0
C0125,2026-04-30,Group B,34,37.7,1,33.8,Basic,East,0.0
C0126,2026-04-30,Group A,26,64.92,2,45.96,Standard,East,0.0
C0127,2026-04-30,Group B,13,37.28,3,33.62,Basic,East,1.0
C0128,2026-04-30,Group B,49,25.56,0,41.9,Basic,South,0.0
C0129,2026-04-30,Group C,56,41.39,1,43.31,Basic,North,0.0
C0130,2026-04-30,Group A,7,69.13,3,34.95,Standard,West,0.0
C0131,2026-04-30,Group C,24,45.29,1,46.05,Basic,South,1.0
C0132,2026-04-30,Group B,29,92.14,2,57.38,Premium,East,0.0
C0133,2026-04-30,Group A,40,66.42,0,58.45,Standard,North,0.0
C0134,2026-04-30,Group B,20,44.81,0,29.24,Basic,South,0.0
C0135,2026-04-30,Group C,66,58.38,0,41.44,Standard,East,0.0
C0136,2026-04-30,Group A,64,34.51,0,53.03,Basic,East,0.0
C0137,2026-04-30,Group C,65,93.06,1,58.35,Premium,East,0.0
C0138,2026-04-30,Group A,5,67.16,0,50.97,Standard,South,0.0
C0139,2026-04-30,Group B,6,74.42,1,54.23,Standard,West,0.0
C0140,2026-04-30,Group C,37,33.23,2,39.34,Basic,East,0.0
C0141,2026-04-30,Group A,29,63.7,1,52.82,Standard,West,0.0
C0142,2026-04-30,Group B,30,68.93,1,44.5,Standard,East,0.0
C0143,2026-04-30,Group A,70,88.38,0,50.57,Premium,East,0.0
C0144,2026-04-30,Group B,17,54.34,0,47.22,Standard,West,0.0
C0145,2026-04-30,Group B,63,70.21,0,40.07,Standard,North,0.0
C0146,2026-04-30,Group A,19,38.18,1,52.46,Basic,West,0.0
C0147,2026-04-30,Group A,47,38.27,1,63.85,Basic,West,0.0
C0148,2026-04-30,Group A,25,70.19,3,29.31,Standard,East,0.0
C0149,2026-04-30,Group A,12,61.21,1,49.18,Standard,East,1.0
C0150,2026-04-30,Group A,43,28.6,1,26.96,Basic,East,0.0
C0151,2026-04-30,Group A,7,99.57,0,64.97,Premium,South,0.0
C0152,2026-04-30,Group A,52,98.48,4,52.78,Premium,West,1.0
C0153,2026-04-30,Group A,12,35.88,2,44.94,Basic,North,0.0
C0154,2026-04-30,Group B,29,63.57,1,50.22,Standard,South,0.0
C0155,2026-04-30,Group B,29,38.85,1,32.28,Basic,East,1.0
C0156,2026-04-30,Group B,5,60.93,1,60.91,Standard,West,0.0
C0157,2026-04-30,Group A,55,34.01,0,12.07,Basic,South,0.0
C0158,2026-04-30,Group C,66,71.24,1,58.58,Standard,South,0.0
C0159,2026-04-30,Group B,12,66.6,1,52.96,Standard,North,0.0
C0160,2026-04-30,Group A,9,56.9,1,52.96,Standard,North,0.0
C0161,2026-04-30,Group A,25,41.26,0,28.49,Basic,North,0.0
C0162,2026-04-30,Group B,29,93.22,0,58.23,Premium,North,0.0
C0163,2026-04-30,Group A,58,34.49,1,42.91,Basic,West,0.0
C0164,2026-04-30,Group A,34,35.1,1,43.86,Basic,West,0.0
C0165,2026-04-30,Group C,63,66.72,0,51.51,Standard,West,0.0
C0166,2026-04-30,Group A,28,30.51,1,41.85,Basic,North,0.0
C0167,2026-04-30,Group A,29,98.75,1,50.9,Premium,North,0.0
C0168,2026-04-30,Group C,64,89.39,0,55.01,Premium,South,0.0
C0169,2026-04-30,Group B,21,33.9,2,31.32,Basic,East,0.0
C0170,2026-04-30,Group A,53,101.9,1,44.38,Premium,South,1.0
C0171,2026-04-30,Group C,53,34.34,0,19.37,Basic,South,0.0
C0172,2026-04-30,Group C,21,63.21,2,56.84,Standard,North,0.0
C0173,2026-04-30,Group B,50,33.95,0,12.14,Basic,East,0.0
C0174,2026-04-30,Group B,68,95.81,0,51.31,Premium,South,0.0
C0175,2026-04-30,Group A,36,34.25,1,20.18,Basic,North,0.0
C0176,2026-04-30,Group A,42,46.25,2,37.04,Basic,East,0.0
C0177,2026-04-30,Group B,13,69.0,2,41.92,Standard,West,0.0
C0178,2026-04-30,Group A,50,98.41,0,62.57,Premium,North,0.0
C0179,2026-04-30,Group B,8,98.97,0,52.98,Premium,South,0.0
C0180,2026-04-30,Group C,72,66.24,3,41.35,Standard,West,0.0
C0181,2026-04-30,Group A,38,95.54,0,48.23,Premium,East,0.0
C0182,2026-04-30,Group B,46,91.47,2,68.71,Premium,West,0.0
C0183,2026-04-30,Group A,45,66.42,2,58.19,Standard,South,0.0
C0184,2026-04-30,Group C,44,26.29,2,35.26,Basic,South,1.0
C0185,2026-04-30,Group A,13,63.28,3,45.07,Standard,East,0.0
C0186,2026-04-30,Group B,18,70.41,1,29.03,Standard,North,1.0
C0187,2026-04-30,Group B,69,32.5,1,35.22,Basic,North,0.0
C0188,2026-04-30,Group A,6,32.56,1,17.24,Basic,East,0.0
C0189,2026-04-30,Group B,66,63.07,0,53.72,Standard,East,0.0
C0190,2026-04-30,Group B,46,37.64,2,36.33,Basic,North,0.0
C0191,2026-04-30,Group B,8,92.23,2,81.67,Premium,East,0.0
C0192,2026-04-30,Group B,25,33.77,0,25.09,Basic,South,0.0
C0193,2026-04-30,Group C,51,34.17,1,29.9,Basic,East,0.0
C0194,2026-04-30,Group A,65,95.1,0,68.78,Premium,West,0.0
C0195,2026-04-30,Group A,53,35.04,0,59.59,Basic,North,0.0
C0196,2026-04-30,Group A,50,35.13,1,34.91,Basic,West,0.0
C0197,2026-04-30,Group B,30,70.06,2,53.08,Standard,South,0.0
C0198,2026-04-30,Group B,43,101.04,0,55.99,Premium,West,0.0
C0199,2026-04-30,Group A,32,34.74,1,40.94,Basic,South,1.0
C0200,2026-04-30,Group A,59,38.36,2,25.85,Basic,South,0.0
C0201,2026-04-30,Group C,60,64.18,2,48.1,Standard,West,0.0
C0202,2026-04-30,Group A,66,88.0,0,36.87,Premium,East,0.0
C0203,2026-04-30,Group B,40,67.65,1,46.87,Standard,North,0.0
C0204,2026-04-30,Group A,56,32.84,1,40.56,Basic,East,0.0
C0205,2026-04-30,Group C,52,33.29,5,42.18,Basic,West,1.0
C0206,2026-04-30,Group A,9,41.42,2,25.26,Basic,South,1.0
C0207,2026-04-30,Group A,61,39.98,1,52.0,Basic,West,0.0
C0208,2026-04-30,Group C,28,63.79,3,46.25,Standard,East,0.0
C0209,2026-04-30,Group C,60,38.97,1,30.68,Basic,South,0.0
C0210,2026-04-30,Group A,62,67.42,0,37.41,Standard,North,0.0
C0211,2026-04-30,Group A,44,60.79,1,28.47,Standard,East,0.0
C0212,2026-04-30,Group B,67,,2,37.59,Standard,North,0.0
C0213,2026-04-30,Group C,54,41.52,0,28.23,Basic,West,0.0
C0214,2026-04-30,Group A,61,97.7,1,70.21,Premium,East,0.0
C0215,2026-04-30,Group A,31,61.46,0,38.38,Standard,South,0.0
C0216,2026-04-30,Group B,33,62.6,1,57.0,Standard,North,0.0
C0217,2026-04-30,Group B,13,30.12,0,30.66,Basic,East,0.0
C0218,2026-04-30,Group B,71,25.86,1,37.27,Basic,North,0.0
C0219,2026-04-30,Group B,25,83.64,0,52.61,Premium,South,0.0
C0220,2026-04-30,Group A,37,25.53,2,54.97,Basic,West,0.0
C0221,2026-04-30,Group C,58,35.22,1,42.6,Basic,West,0.0
C0222,2026-04-30,Group C,69,61.25,1,34.85,Standard,West,0.0
C0223,2026-04-30,Group B,5,60.12,1,35.94,Standard,West,0.0
C0224,2026-04-30,Group A,57,104.77,1,47.42,Premium,East,0.0
C0225,2026-04-30,Group A,47,35.39,0,19.56,Basic,North,0.0
C0226,2026-04-30,Group B,16,94.01,0,63.25,Premium,West,0.0
C0227,2026-04-30,Group A,66,27.15,4,38.78,Basic,West,0.0
C0228,2026-04-30,Group C,26,62.97,0,61.16,Standard,West,0.0
C0229,2026-04-30,Group A,20,66.51,0,36.51,Standard,East,0.0
C0230,2026-04-30,Group B,60,26.76,2,40.17,Basic,North,0.0
C0231,2026-04-30,Group C,19,31.82,1,31.83,Basic,East,1.0
C0232,2026-04-30,Group A,57,29.91,0,28.99,Basic,South,0.0
C0233,2026-04-30,Group A,10,100.1,2,56.28,Premium,West,0.0
C0234,2026-04-30,Group B,56,62.69,3,21.27,Standard,South,0.0
C0235,2026-04-30,Group B,52,98.83,3,53.17,Premium,South,0.0
C0236,2026-04-30,Group A,64,99.78,0,75.71,Premium,North,0.0
C0237,2026-04-30,Group B,12,62.44,1,41.71,Standard,West,0.0
C0238,2026-04-30,Group C,62,67.33,4,54.54,Standard,West,0.0
C0239,2026-04-30,Group A,60,33.71,1,47.73,Basic,North,1.0
C0240,2026-04-30,Group A,16,32.69,1,39.07,Basic,South,0.0
C0241,2026-04-30,Group A,34,90.16,5,45.83,Premium,South,0.0
C0242,2026-04-30,Group A,72,71.92,0,32.14,Standard,South,0.0
C0243,2026-04-30,Group A,6,32.5,2,47.71,Basic,West,0.0
C0244,2026-04-30,Group A,54,63.73,2,48.49,Standard,North,0.0
C0245,2026-04-30,Group B,21,70.46,1,38.82,Standard,South,0.0
C0246,2026-04-30,Group A,23,87.15,3,52.06,Premium,North,0.0
C0247,2026-04-30,Group C,8,70.23,0,35.84,Standard,North,0.0
C0248,2026-04-30,Group A,48,37.29,1,28.91,Basic,West,0.0
C0249,2026-04-30,Group A,54,32.96,2,50.06,Basic,West,0.0
C0250,2026-04-30,Group B,15,60.55,1,42.1,Standard,North,0.0
C0251,2026-04-30,Group C,9,58.52,0,57.65,Standard,East,0.0
C0252,2026-04-30,Group A,7,100.15,1,37.42,Premium,North,0.0
C0253,2026-04-30,Group A,23,66.38,1,43.76,Standard,North,0.0
C0254,2026-04-30,Group A,68,39.59,0,51.68,Basic,South,0.0
C0255,2026-04-30,Group B,49,31.42,1,54.19,Basic,North,0.0
C0256,2026-04-30,Group A,31,59.15,2,56.59,Standard,South,0.0
C0257,2026-04-30,Group A,16,87.59,1,47.24,Premium,West,0.0
C0258,2026-04-30,Group A,17,35.57,1,33.45,Basic,East,0.0
C0259,2026-04-30,Group A,17,41.58,0,47.33,Basic,East,0.0
C0260,2026-04-30,Group C,51,63.37,0,42.24,Standard,South,0.0
C0261,2026-04-30,Group B,13,31.62,1,41.06,Basic,North,1.0
C0262,2026-04-30,Group A,21,100.46,2,57.73,Premium,North,0.0
C0263,2026-04-30,Group A,40,39.87,1,41.39,Basic,South,0.0
C0264,2026-04-30,Group A,65,41.7,2,17.35,Basic,North,0.0
C0265,2026-04-30,Group A,19,90.38,0,44.12,Premium,West,0.0
C0266,2026-04-30,Group B,7,34.37,0,44.33,Basic,West,0.0
C0267,2026-04-30,Group C,21,39.83,0,34.86,Basic,West,0.0
C0268,2026-04-30,Group C,43,37.38,0,42.56,Basic,East,0.0
C0269,2026-04-30,Group C,9,29.96,1,27.91,Basic,East,0.0
C0270,2026-04-30,Group C,40,30.76,2,46.27,Basic,East,0.0
C0271,2026-04-30,Group C,35,31.87,0,37.1,Basic,South,0.0
C0272,2026-04-30,Group A,6,33.13,1,56.45,Basic,East,1.0
C0273,2026-04-30,Group A,58,36.2,3,45.07,Basic,West,0.0
C0274,2026-04-30,Group A,60,65.11,1,32.26,Standard,West,0.0
C0275,2026-04-30,Group B,62,62.65,1,49.61,Standard,East,0.0
C0276,2026-04-30,Group A,49,39.82,3,34.22,Basic,North,0.0
C0277,2026-04-30,Group C,64,44.93,0,31.9,Basic,East,0.0
C0278,2026-04-30,Group B,31,58.96,3,47.51,Standard,South,0.0
C0279,2026-04-30,Group B,49,99.97,2,50.44,Premium,East,0.0
C0280,2026-04-30,Group A,70,100.65,5,68.01,Premium,East,0.0
C0281,2026-04-30,Group A,66,32.38,2,32.93,Basic,West,0.0
C0282,2026-04-30,Group A,70,37.62,1,34.22,Basic,South,0.0
C0283,2026-04-30,Group C,34,40.78,0,37.05,Basic,West,0.0
C0284,2026-04-30,Group B,46,35.95,1,31.73,Basic,West,0.0
C0285,2026-04-30,Group B,30,49.4,0,46.4,Standard,South,0.0
C0286,2026-04-30,Group A,53,28.44,3,37.34,Basic,South,0.0
C0287,2026-04-30,Group A,12,29.53,3,54.57,Basic,East,0.0
C0288,2026-04-30,Group A,56,33.31,0,62.66,Basic,West,0.0
C0289,2026-04-30,Group B,7,70.44,2,41.13,Standard,East,0.0
C0290,2026-04-30,Group B,65,36.81,1,40.21,Basic,West,0.0
C0291,2026-04-30,Group A,32,96.74,2,47.76,Premium,South,0.0
C0292,2026-04-30,Group C,68,39.66,2,32.82,Basic,East,0.0
C0293,2026-04-30,Group A,13,102.16,2,51.83,Premium,South,0.0
C0294,2026-04-30,Group C,63,44.2,1,27.48,Basic,West,0.0
C0295,2026-04-30,Group A,57,95.32,1,45.89,Premium,South,0.0
C0296,2026-04-30,Group A,65,100.64,2,48.53,Premium,East,0.0
C0297,2026-04-30,Group C,49,92.63,0,41.23,Premium,North,0.0
C0298,2026-04-30,Group A,68,95.78,1,58.79,Premium,West,0.0
C0299,2026-04-30,Group A,24,60.43,2,33.47,Standard,South,0.0
C0300,2026-04-30,Group A,33,66.2,0,70.29,Standard,South,0.0
C0301,2026-04-30,Group A,51,60.75,2,48.23,Standard,East,0.0
C0302,2026-04-30,Group B,56,22.84,3,37.51,Basic,South,0.0
C0303,2026-04-30,Group C,70,67.11,0,39.29,Standard,West,0.0
C0304,2026-04-30,Group C,30,72.43,0,61.18,Standard,East,0.0
C0305,2026-04-30,Group A,65,101.41,2,66.09,Premium,East,0.0
C0306,2026-04-30,Group B,50,58.5,1,48.37,Standard,North,0.0
C0307,2026-04-30,Group A,24,36.76,1,21.18,Basic,North,0.0
C0308,2026-04-30,Group A,49,68.6,3,43.34,Standard,South,0.0
C0309,2026-04-30,Group A,5,28.43,0,26.28,Basic,West,0.0
C0310,2026-04-30,Group C,20,33.2,0,42.87,Basic,West,0.0
C0311,2026-04-30,Group C,52,68.57,2,62.06,Standard,East,0.0
C0312,2026-04-30,Group B,63,32.31,0,38.68,Basic,East,0.0
C0313,2026-04-30,Group A,54,34.48,0,15.17,Basic,South,0.0
C0314,2026-04-30,Group A,8,40.47,0,30.19,Basic,North,1.0
C0315,2026-04-30,Group B,62,39.44,1,44.17,Basic,North,0.0
C0316,2026-04-30,Group B,66,30.88,0,53.46,Basic,South,0.0
C0317,2026-04-30,Group A,61,,3,57.71,Basic,South,0.0
C0318,2026-04-30,Group A,5,60.56,1,38.78,Standard,North,0.0
C0319,2026-04-30,Group A,62,30.07,0,40.07,Basic,South,0.0
C0320,2026-04-30,Group C,45,92.94,0,65.84,Premium,North,0.0
C0321,2026-04-30,Group A,41,91.09,1,43.75,Premium,East,0.0
C0322,2026-04-30,Group C,20,67.46,2,44.38,Standard,West,1.0
C0323,2026-04-30,Group A,65,36.74,0,40.3,Basic,East,0.0
C0324,2026-04-30,Group B,55,64.69,0,44.5,Standard,South,0.0
C0325,2026-04-30,Group A,71,91.79,2,44.0,Premium,South,0.0
C0326,2026-04-30,Group A,13,51.85,2,44.42,Standard,South,0.0
C0327,2026-04-30,Group A,61,93.81,1,56.31,Premium,North,0.0
C0328,2026-04-30,Group A,10,70.15,2,33.89,Standard,East,0.0
C0329,2026-04-30,Group C,41,65.14,2,31.55,Standard,East,0.0
C0330,2026-04-30,Group A,55,34.1,0,34.95,Basic,North,0.0
C0331,2026-04-30,Group B,15,64.99,0,56.01,Standard,South,0.0
C0332,2026-04-30,Group A,36,37.32,2,35.34,Basic,South,1.0
C0333,2026-04-30,Group A,57,68.37,1,43.09,Standard,North,0.0
C0334,2026-04-30,Group B,20,96.08,1,54.67,Premium,East,0.0
C0335,2026-04-30,Group A,48,36.57,0,35.62,Basic,East,0.0
C0336,2026-04-30,Group C,51,72.77,1,26.82,Standard,East,0.0
C0337,2026-04-30,Group B,40,40.57,1,49.15,Basic,East,0.0
C0338,2026-04-30,Group B,13,69.28,0,56.62,Standard,West,0.0
C0339,2026-04-30,Group A,58,30.39,1,46.75,Basic,West,0.0
C0340,2026-04-30,Group A,68,88.79,3,63.73,Premium,East,0.0
C0341,2026-04-30,Group C,21,36.09,5,21.4,Basic,West,1.0
C0342,2026-04-30,Group A,39,95.83,1,34.42,Premium,South,0.0
C0343,2026-04-30,Group A,68,87.73,1,61.28,Premium,West,0.0
C0344,2026-04-30,Group A,20,66.52,1,62.09,Standard,West,0.0
C0345,2026-04-30,Group B,11,75.52,0,43.73,Standard,East,0.0
C0346,2026-04-30,Group B,52,66.53,2,50.55,Standard,West,0.0
C0347,2026-04-30,Group B,41,97.33,1,66.41,Premium,East,0.0
C0348,2026-04-30,Group B,37,36.4,0,41.24,Basic,East,0.0
C0349,2026-04-30,Group A,15,63.13,2,49.3,Standard,South,0.0
C0350,2026-04-30,Group C,8,36.12,1,37.8,Basic,West,0.0
C0351,2026-04-30,Group A,58,67.93,3,28.12,Standard,East,0.0
C0352,2026-04-30,Group B,12,34.84,3,50.32,Basic,West,0.0
C0353,2026-04-30,Group A,62,67.6,0,59.28,Standard,South,0.0
C0354,2026-04-30,Group C,9,67.17,1,48.3,Standard,West,0.0
C0355,2026-04-30,Group A,27,60.76,0,41.04,Standard,North,0.0
C0356,2026-04-30,Group A,27,57.32,1,44.78,Standard,North,0.0
C0357,2026-04-30,Group A,60,67.04,3,65.41,Standard,East,0.0
C0358,2026-04-30,Group A,64,73.48,0,63.18,Standard,East,0.0
C0359,2026-04-30,Group A,32,62.68,1,32.09,Standard,West,1.0
C0360,2026-04-30,Group B,50,65.66,3,45.29,Standard,South,0.0
C0361,2026-04-30,Group A,30,110.99,1,61.08,Premium,East,0.0
C0362,2026-04-30,Group C,69,36.29,2,32.78,Basic,East,0.0
C0363,2026-04-30,Group A,16,27.58,2,33.05,Basic,West,0.0
C0364,2026-04-30,Group B,7,33.42,2,41.65,Basic,East,1.0
C0365,2026-04-30,Group A,33,64.53,0,50.84,Standard,South,0.0
C0366,2026-04-30,Group B,24,29.24,3,36.77,Basic,West,1.0
C0367,2026-04-30,Group B,44,62.99,1,46.0,Standard,North,0.0
C0368,2026-04-30,Group A,8,62.85,1,50.18,Standard,West,0.0
C0369,2026-04-30,Group C,18,38.8,1,45.16,Basic,North,1.0
C0370,2026-04-30,Group A,60,98.19,0,48.39,Premium,South,0.0
C0371,2026-04-30,Group A,52,60.38,2,50.56,Standard,West,0.0
C0372,2026-04-30,Group B,59,36.56,3,49.94,Basic,East,1.0
C0373,2026-04-30,Group C,57,30.8,0,39.34,Basic,West,0.0
C0374,2026-04-30,Group A,6,32.24,2,24.01,Basic,East,1.0
C0375,2026-04-30,Group A,59,33.53,2,27.52,Basic,East,0.0
C0376,2026-04-30,Group C,46,30.96,2,20.98,Basic,South,0.0
C0377,2026-04-30,Group B,45,96.98,1,56.95,Premium,North,0.0
C0378,2026-04-30,Group C,34,71.12,0,35.81,Standard,North,1.0
C0379,2026-04-30,Group B,20,26.48,3,39.68,Basic,South,1.0
C0380,2026-04-30,Group B,54,68.37,0,56.88,Standard,North,0.0
C0381,2026-04-30,Group A,67,72.22,0,40.62,Standard,East,0.0
C0382,2026-04-30,Group C,62,93.05,2,55.8,Premium,West,0.0
C0383,2026-04-30,Group A,7,67.72,1,49.43,Standard,West,0.0
C0384,2026-04-30,Group B,63,66.13,4,59.59,Standard,South,0.0
C0385,2026-04-30,Group A,52,36.98,2,50.04,Basic,West,0.0
C0386,2026-04-30,Group B,34,93.15,0,51.1,Premium,West,0.0
C0387,2026-04-30,Group B,51,67.51,0,47.76,Standard,West,0.0
C0388,2026-04-30,Group A,27,87.16,2,51.75,Premium,South,0.0
C0389,2026-04-30,Group C,44,36.08,0,36.32,Basic,South,0.0
C0390,2026-04-30,Group A,19,95.41,2,39.87,Premium,West,0.0
C0391,2026-04-30,Group B,55,65.2,0,57.35,Standard,North,0.0
C0392,2026-04-30,Group A,53,33.96,1,35.23,Basic,South,0.0
C0393,2026-04-30,Group A,59,65.5,0,52.85,Standard,North,0.0
C0394,2026-04-30,Group A,11,63.94,2,58.9,Standard,West,0.0
C0395,2026-04-30,Group A,45,38.27,1,35.84,Basic,East,0.0
C0396,2026-04-30,Group A,21,55.15,0,42.33,Standard,North,0.0
C0397,2026-04-30,Group B,30,89.26,2,51.95,Premium,North,0.0
C0398,2026-04-30,Group B,50,23.99,5,43.31,Basic,East,0.0
C0399,2026-04-30,Group B,18,67.52,1,39.38,Standard,East,0.0
C0400,2026-04-30,Group A,17,60.98,2,54.97,Standard,West,0.0
C0401,2026-04-30,Group A,39,31.96,0,39.92,Basic,South,0.0
C0402,2026-04-30,Group A,49,92.55,1,52.26,Premium,West,0.0
C0403,2026-04-30,Group B,48,63.37,1,40.88,Standard,South,0.0
C0404,2026-04-30,Group C,65,29.69,0,19.96,Basic,West,0.0
C0405,2026-04-30,Group A,22,90.63,1,42.62,Premium,North,0.0
C0406,2026-04-30,Group B,39,102.89,2,39.15,Premium,North,0.0
C0407,2026-04-30,Group A,50,37.44,1,46.9,Basic,North,0.0
C0408,2026-04-30,Group A,18,100.75,4,69.22,Premium,South,0.0
C0409,2026-04-30,Group A,7,38.97,1,55.77,Basic,West,0.0
C0410,2026-04-30,Group A,13,88.72,1,47.29,Premium,North,0.0
C0411,2026-04-30,Group B,62,62.16,0,43.55,Standard,South,0.0
C0412,2026-04-30,Group C,64,60.01,0,55.83,Standard,North,0.0
C0413,2026-04-30,Group A,33,37.9,0,41.96,Basic,West,0.0
C0414,2026-04-30,Group B,8,95.08,0,61.7,Premium,East,0.0
C0415,2026-04-30,Group B,43,30.4,4,15.43,Basic,West,1.0
C0416,2026-04-30,Group C,13,37.55,1,40.56,Basic,East,0.0
C0417,2026-04-30,Group B,15,36.85,3,24.02,Basic,East,1.0
C0418,2026-04-30,Group A,15,69.99,2,50.52,Standard,West,0.0
C0419,2026-04-30,Group B,67,32.48,0,25.81,Basic,North,1.0
C0420,2026-04-30,Group A,37,94.9,2,67.84,Premium,West,0.0
C0421,2026-04-30,Group C,35,64.81,1,58.11,Standard,East,0.0
C0422,2026-04-30,Group A,28,41.55,2,33.49,Basic,East,0.0
C0423,2026-04-30,Group B,34,30.57,0,29.06,Basic,South,0.0
C0424,2026-04-30,Group A,48,,0,26.02,Basic,West,0.0
C0425,2026-04-30,Group A,62,62.57,3,46.49,Standard,South,0.0
C0426,2026-04-30,Group C,16,97.9,1,56.43,Premium,North,0.0
C0427,2026-04-30,Group B,53,42.44,1,20.89,Basic,West,0.0
C0428,2026-04-30,Group A,46,97.7,3,60.72,Premium,North,0.0
C0429,2026-04-30,Group C,70,33.43,1,33.92,Basic,North,0.0
C0430,2026-04-30,Group C,35,100.74,0,38.73,Premium,East,0.0
C0001,2026-05-31,Group C,48,71.38,0,45.93,Standard,West,0.0
C0002,2026-05-31,Group A,12,,1,56.39,Standard,West,0.0
C0003,2026-05-31,Group A,58,93.58,4,68.65,Premium,North,0.0
C0004,2026-05-31,Group B,7,65.04,0,25.6,Standard,West,0.0
C0005,2026-05-31,Group A,20,38.96,1,47.05,Basic,West,0.0
C0006,2026-05-31,Group A,31,115.76,1,61.48,Premium,East,0.0
C0007,2026-05-31,Group C,55,59.49,1,71.84,Standard,West,0.0
C0008,2026-05-31,Group B,45,64.92,2,35.39,Standard,West,0.0
C0009,2026-05-31,Group A,18,32.48,0,29.46,Basic,South,0.0
C0010,2026-05-31,Group C,8,74.28,2,61.87,Standard,North,0.0
C0011,2026-05-31,Group A,19,36.48,0,49.51,Basic,South,0.0
C0012,2026-05-31,Group C,60,95.41,1,61.4,Premium,North,0.0
C0013,2026-05-31,Group A,61,59.78,0,54.36,Standard,North,0.0
C0014,2026-05-31,Group B,70,93.22,2,55.62,Premium,North,0.0
C0015,2026-05-31,Group A,28,68.58,2,45.8,Standard,East,0.0
C0016,2026-05-31,Group A,66,35.13,4,35.14,Basic,East,1.0
C0017,2026-05-31,Group C,73,,1,58.51,Standard,East,0.0
C0018,2026-05-31,Group A,29,36.01,1,27.86,Basic,East,0.0
C0019,2026-05-31,Group A,17,93.03,2,55.3,Premium,East,0.0
C0020,2026-05-31,Group A,66,65.49,0,47.51,Standard,East,0.0
C0021,2026-05-31,Group B,60,74.05,1,46.53,Standard,North,0.0
C0022,2026-05-31,Group B,35,30.76,4,40.53,Basic,West,1.0
C0023,2026-05-31,Group C,33,85.53,1,50.71,Premium,South,0.0
C0024,2026-05-31,Group A,18,97.86,1,55.75,Premium,North,0.0
C0025,2026-05-31,Group A,50,61.34,0,54.1,Standard,West,0.0
C0026,2026-05-31,Group A,69,33.76,1,31.17,Basic,East,0.0
C0027,2026-05-31,Group B,46,67.62,0,54.34,Standard,North,0.0
C0028,2026-05-31,Group C,36,37.82,0,26.34,Basic,North,0.0
C0029,2026-05-31,Group B,52,32.3,2,48.9,Basic,North,0.0
C0030,2026-05-31,Group B,23,62.97,2,31.31,Standard,South,0.0
C0031,2026-05-31,Group A,38,63.42,0,30.06,Standard,North,0.0
C0032,2026-05-31,Group C,17,92.04,2,49.19,Premium,East,0.0
C0033,2026-05-31,Group A,36,42.85,3,53.17,Basic,East,0.0
C0034,2026-05-31,Group A,9,25.89,0,44.72,Basic,West,0.0
C0035,2026-05-31,Group A,20,64.96,1,40.52,Standard,East,0.0
C0036,2026-05-31,Group A,38,39.49,0,39.97,Basic,East,0.0
C0037,2026-05-31,Group A,26,31.01,2,25.89,Basic,East,1.0
C0038,2026-05-31,Group A,42,58.0,0,44.33,Standard,North,0.0
C0039,2026-05-31,Group A,47,31.94,2,63.25,Basic,North,0.0
C0040,2026-05-31,Group B,42,64.32,1,51.84,Standard,East,0.0
C0041,2026-05-31,Group A,9,66.64,3,46.3,Standard,North,0.0
C0042,2026-05-31,Group A,13,90.67,0,63.51,Premium,North,0.0
C0043,2026-05-31,Group C,40,58.37,0,53.65,Standard,North,0.0
C0044,2026-05-31,Group B,30,37.17,1,20.49,Basic,West,0.0
C0045,2026-05-31,Group B,20,87.38,3,41.91,Premium,South,0.0
C0046,2026-05-31,Group A,28,96.62,1,55.95,Premium,East,0.0
C0047,2026-05-31,Group C,19,29.2,1,41.21,Basic,South,0.0
C0048,2026-05-31,Group A,32,41.72,1,44.69,Basic,North,0.0
C0049,2026-05-31,Group A,10,66.67,0,42.64,Standard,South,0.0
C0050,2026-05-31,Group C,53,34.5,1,26.07,Basic,North,0.0
C0051,2026-05-31,Group B,13,33.57,1,21.77,Basic,West,0.0
C0052,2026-05-31,Group B,31,30.9,0,20.62,Basic,North,0.0
C0053,2026-05-31,Group B,73,66.36,1,38.67,Standard,South,0.0
C0054,2026-05-31,Group B,26,66.17,1,41.8,Standard,West,0.0
C0055,2026-05-31,Group A,34,56.53,2,45.21,Standard,East,0.0
C0056,2026-05-31,Group A,57,63.99,1,60.74,Standard,South,0.0
C0057,2026-05-31,Group A,19,67.31,0,57.23,Standard,East,0.0
C0058,2026-05-31,Group A,42,72.71,1,50.84,Standard,West,0.0
C0059,2026-05-31,Group C,14,34.01,0,20.99,Basic,South,0.0
C0060,2026-05-31,Group A,72,41.4,0,56.33,Basic,East,0.0
C0061,2026-05-31,Group B,48,70.54,3,50.72,Standard,West,0.0
C0062,2026-05-31,Group B,24,70.52,2,51.13,Standard,East,0.0
C0063,2026-05-31,Group B,50,67.87,2,56.35,Standard,South,0.0
C0064,2026-05-31,Group A,69,63.72,0,36.31,Standard,North,0.0
C0065,2026-05-31,Group A,56,66.22,0,64.34,Standard,North,0.0
C0066,2026-05-31,Group C,32,60.5,3,39.66,Standard,West,0.0
C0067,2026-05-31,Group B,17,63.6,1,54.04,Standard,East,0.0
C0068,2026-05-31,Group B,49,32.31,2,21.97,Basic,South,0.0
C0069,2026-05-31,Group C,27,37.62,3,35.38,Basic,South,1.0
C0070,2026-05-31,Group B,73,64.94,0,61.96,Standard,East,0.0
C0071,2026-05-31,Group A,16,37.67,1,33.57,Basic,East,0.0
C0072,2026-05-31,Group B,40,35.81,1,40.12,Basic,East,0.0
C0073,2026-05-31,Group A,43,91.04,3,56.38,Premium,South,0.0
C0074,2026-05-31,Group B,21,35.8,1,39.15,Basic,East,1.0
C0075,2026-05-31,Group C,20,34.28,2,48.19,Basic,South,0.0
C0076,2026-05-31,Group A,9,42.6,1,42.46,Basic,West,1.0
C0077,2026-05-31,Group A,18,36.53,0,22.67,Basic,North,0.0
C0078,2026-05-31,Group A,40,64.27,0,39.26,Standard,North,0.0
C0079,2026-05-31,Group C,33,,3,57.15,Standard,South,0.0
C0080,2026-05-31,Group A,36,58.8,0,51.86,Standard,East,0.0
C0081,2026-05-31,Group A,16,70.75,2,30.74,Standard,East,0.0
C0082,2026-05-31,Group A,58,34.37,3,27.8,Basic,South,1.0
C0083,2026-05-31,Group A,48,98.72,2,50.67,Premium,West,0.0
C0084,2026-05-31,Group A,36,49.12,1,34.96,Basic,South,0.0
C0085,2026-05-31,Group A,43,38.38,1,30.05,Basic,North,0.0
C0086,2026-05-31,Group A,51,24.83,1,40.57,Basic,North,0.0
C0087,2026-05-31,Group A,73,59.71,1,43.27,Standard,West,0.0
C0088,2026-05-31,Group A,18,58.62,2,55.7,Standard,North,0.0
C0089,2026-05-31,Group A,54,20.13,1,48.66,Basic,West,0.0
C0090,2026-05-31,Group A,55,67.76,2,45.35,Standard,South,0.0
C0091,2026-05-31,Group B,55,27.27,1,42.09,Basic,North,0.0
C0092,2026-05-31,Group A,65,54.23,1,45.83,Standard,South,0.0
C0093,2026-05-31,Group A,26,72.03,0,52.03,Standard,East,0.0
C0094,2026-05-31,Group A,42,31.71,1,27.84,Basic,South,0.0
C0095,2026-05-31,Group A,57,38.65,0,30.37,Basic,West,0.0
C0096,2026-05-31,Group A,18,66.05,0,34.27,Standard,East,0.0
C0097,2026-05-31,Group A,10,35.44,2,25.63,Basic,South,1.0
C0098,2026-05-31,Group C,59,35.16,3,42.3,Basic,East,1.0
C0099,2026-05-31,Group A,39,41.4,1,56.95,Basic,West,0.0
C0100,2026-05-31,Group A,10,86.43,2,37.86,Premium,South,0.0
C0101,2026-05-31,Group A,71,103.72,5,56.64,Premium,North,0.0
C0102,2026-05-31,Group A,20,63.91,0,46.54,Standard,South,0.0
C0103,2026-05-31,Group A,34,35.54,1,39.12,Basic,West,0.0
C0104,2026-05-31,Group B,26,98.87,3,50.92,Premium,North,0.0
C0105,2026-05-31,Group C,71,62.97,1,35.81,Standard,West,0.0
C0106,2026-05-31,Group A,54,71.36,2,27.36,Standard,East,0.0
C0107,2026-05-31,Group A,29,62.08,2,48.93,Standard,East,0.0
C0108,2026-05-31,Group A,51,31.07,2,50.44,Basic,South,0.0
C0109,2026-05-31,Group A,12,29.74,1,15.32,Basic,West,0.0
C0110,2026-05-31,Group B,60,99.6,1,65.73,Premium,North,0.0
C0111,2026-05-31,Group A,42,72.5,0,57.28,Standard,South,0.0
C0112,2026-05-31,Group A,20,37.11,3,45.15,Basic,South,1.0
C0113,2026-05-31,Group C,57,35.43,2,42.79,Basic,South,0.0
C0114,2026-05-31,Group A,61,73.99,0,41.89,Standard,South,0.0
C0115,2026-05-31,Group A,58,30.34,2,34.76,Basic,North,0.0
C0116,2026-05-31,Group B,49,95.59,0,36.47,Premium,North,0.0
C0117,2026-05-31,Group A,29,65.43,2,21.59,Standard,North,0.0
C0118,2026-05-31,Group A,9,54.75,1,55.87,Standard,East,0.0
C0119,2026-05-31,Group A,16,62.95,0,35.37,Standard,South,0.0
C0120,2026-05-31,Group C,28,62.54,1,41.31,Standard,East,0.0
C0121,2026-05-31,Group A,36,71.82,1,32.54,Standard,East,0.0
C0122,2026-05-31,Group A,6,62.87,1,41.47,Standard,East,0.0
C0123,2026-05-31,Group A,19,39.11,1,34.07,Basic,East,0.0
C0124,2026-05-31,Group A,64,36.74,1,30.69,Basic,East,0.0
C0125,2026-05-31,Group B,51,34.17,1,43.52,Basic,East,0.0
C0126,2026-05-31,Group A,32,70.07,1,47.55,Standard,East,0.0
C0127,2026-05-31,Group B,40,32.06,3,43.95,Basic,East,1.0
C0128,2026-05-31,Group B,24,24.43,4,50.8,Basic,South,1.0
C0129,2026-05-31,Group C,54,31.72,1,63.44,Basic,North,0.0
C0130,2026-05-31,Group A,34,61.42,2,29.81,Standard,West,0.0
C0131,2026-05-31,Group C,33,43.47,4,40.17,Basic,South,0.0
C0132,2026-05-31,Group B,40,101.11,1,66.89,Premium,East,0.0
C0133,2026-05-31,Group A,16,65.08,0,55.27,Standard,North,0.0
C0134,2026-05-31,Group B,68,33.19,1,33.2,Basic,South,0.0
C0135,2026-05-31,Group C,71,66.84,1,41.07,Standard,East,0.0
C0136,2026-05-31,Group A,14,38.47,0,56.73,Basic,East,0.0
C0137,2026-05-31,Group C,33,94.08,2,61.81,Premium,East,0.0
C0138,2026-05-31,Group A,58,68.98,1,42.78,Standard,South,0.0
C0139,2026-05-31,Group B,21,62.79,1,48.4,Standard,West,0.0
C0140,2026-05-31,Group C,12,32.69,2,38.08,Basic,East,0.0
C0141,2026-05-31,Group A,49,63.28,0,53.09,Standard,West,0.0
C0142,2026-05-31,Group B,15,65.75,1,48.96,Standard,East,0.0
C0143,2026-05-31,Group A,17,90.36,2,48.59,Premium,East,0.0
C0144,2026-05-31,Group B,19,69.74,1,53.24,Standard,West,0.0
C0145,2026-05-31,Group B,19,65.84,1,38.66,Standard,North,0.0
C0146,2026-05-31,Group A,34,40.92,0,47.79,Basic,West,0.0
C0147,2026-05-31,Group A,62,33.63,2,62.37,Basic,West,0.0
C0148,2026-05-31,Group A,21,65.45,2,30.03,Standard,East,0.0
C0149,2026-05-31,Group A,68,64.89,2,50.43,Standard,East,0.0
C0150,2026-05-31,Group A,45,31.48,1,39.08,Basic,East,0.0
C0151,2026-05-31,Group A,34,102.24,1,59.47,Premium,South,0.0
C0152,2026-05-31,Group A,31,95.47,1,58.61,Premium,West,0.0
C0153,2026-05-31,Group A,60,33.86,2,52.84,Basic,North,0.0
C0154,2026-05-31,Group B,23,58.87,0,62.85,Standard,South,0.0
C0155,2026-05-31,Group B,33,27.95,4,49.35,Basic,East,0.0
C0156,2026-05-31,Group B,65,65.79,3,54.43,Standard,West,0.0
C0157,2026-05-31,Group A,17,30.33,2,28.82,Basic,South,0.0
C0158,2026-05-31,Group C,19,60.52,1,62.11,Standard,South,0.0
C0159,2026-05-31,Group B,39,64.54,1,54.13,Standard,North,0.0
C0160,2026-05-31,Group A,69,71.07,2,55.37,Standard,North,0.0
C0161,2026-05-31,Group A,13,30.23,0,28.14,Basic,North,0.0
C0162,2026-05-31,Group B,13,89.59,1,50.72,Premium,North,0.0
C0163,2026-05-31,Group A,29,29.65,2,35.02,Basic,West,0.0
C0164,2026-05-31,Group A,7,36.3,1,42.32,Basic,West,0.0
C0165,2026-05-31,Group C,8,64.88,1,42.24,Standard,West,0.0
C0166,2026-05-31,Group A,24,34.7,2,52.66,Basic,North,0.0
C0167,2026-05-31,Group A,18,95.73,0,38.78,Premium,North,0.0
C0168,2026-05-31,Group C,50,93.9,3,68.82,Premium,South,0.0
C0169,2026-05-31,Group B,64,29.44,1,48.1,Basic,East,0.0
C0170,2026-05-31,Group A,24,93.79,1,51.5,Premium,South,0.0
C0171,2026-05-31,Group C,41,35.46,2,35.33,Basic,South,0.0
C0172,2026-05-31,Group C,50,67.52,1,53.43,Standard,North,0.0
C0173,2026-05-31,Group B,36,20.28,0,18.16,Basic,East,0.0
C0174,2026-05-31,Group B,69,92.19,2,60.15,Premium,South,0.0
C0175,2026-05-31,Group A,35,39.1,0,36.72,Basic,North,0.0
C0176,2026-05-31,Group A,60,37.13,0,41.0,Basic,East,0.0
C0177,2026-05-31,Group B,63,59.02,1,47.26,Standard,West,0.0
C0178,2026-05-31,Group A,59,96.21,2,65.17,Premium,North,0.0
C0179,2026-05-31,Group B,42,97.05,0,53.13,Premium,South,0.0
C0180,2026-05-31,Group C,67,70.74,2,40.77,Standard,West,1.0
C0181,2026-05-31,Group A,36,91.92,0,63.24,Premium,East,0.0
C0182,2026-05-31,Group B,52,99.22,1,65.86,Premium,West,0.0
C0183,2026-05-31,Group A,38,64.11,0,42.12,Standard,South,0.0
C0184,2026-05-31,Group C,62,37.78,2,29.33,Basic,South,0.0
C0185,2026-05-31,Group A,59,65.5,3,46.73,Standard,East,0.0
C0186,2026-05-31,Group B,16,69.43,1,32.15,Standard,North,0.0
C0187,2026-05-31,Group B,46,,1,41.72,Basic,North,0.0
C0188,2026-05-31,Group A,63,43.58,0,15.71,Basic,East,0.0
C0189,2026-05-31,Group B,44,61.35,0,59.05,Standard,East,0.0
C0190,2026-05-31,Group B,10,30.53,3,38.99,Basic,North,0.0
C0191,2026-05-31,Group B,62,98.74,1,72.11,Premium,East,0.0
C0192,2026-05-31,Group B,29,35.37,1,31.87,Basic,South,0.0
C0193,2026-05-31,Group C,71,33.56,0,33.38,Basic,East,0.0
C0194,2026-05-31,Group A,32,98.38,0,71.03,Premium,West,0.0
C0195,2026-05-31,Group A,56,35.82,0,58.21,Basic,North,0.0
C0196,2026-05-31,Group A,63,,2,44.91,Basic,West,0.0
C0197,2026-05-31,Group B,54,66.59,1,63.03,Standard,South,0.0
C0198,2026-05-31,Group B,10,100.13,2,53.13,Premium,West,1.0
C0199,2026-05-31,Group A,23,33.13,1,49.29,Basic,South,1.0
C0200,2026-05-31,Group A,56,38.68,1,25.79,Basic,South,0.0
C0201,2026-05-31,Group C,16,62.1,3,40.79,Standard,West,1.0
C0202,2026-05-31,Group A,18,100.12,2,39.76,Premium,East,0.0
C0203,2026-05-31,Group B,21,75.34,2,57.34,Standard,North,0.0
C0204,2026-05-31,Group A,34,28.74,0,40.65,Basic,East,0.0
C0205,2026-05-31,Group C,49,30.7,0,36.55,Basic,West,0.0
C0206,2026-05-31,Group A,32,32.57,0,30.45,Basic,South,0.0
C0207,2026-05-31,Group A,14,35.33,0,52.34,Basic,West,0.0
C0208,2026-05-31,Group C,38,64.91,0,51.1,Standard,East,0.0
C0209,2026-05-31,Group C,62,40.42,1,24.85,Basic,South,0.0
C0210,2026-05-31,Group A,69,73.69,0,41.82,Standard,North,0.0
C0211,2026-05-31,Group A,36,60.47,2,32.84,Standard,East,1.0
C0212,2026-05-31,Group B,48,62.1,1,29.68,Standard,North,0.0
C0213,2026-05-31,Group C,63,42.04,1,32.11,Basic,West,0.0
C0214,2026-05-31,Group A,33,91.34,1,68.28,Premium,East,0.0
C0215,2026-05-31,Group A,17,75.86,1,44.53,Standard,South,1.0
C0216,2026-05-31,Group B,48,62.47,3,61.12,Standard,North,0.0
C0217,2026-05-31,Group B,70,35.37,2,39.63,Basic,East,0.0
C0218,2026-05-31,Group B,25,42.37,1,35.16,Basic,North,0.0
C0219,2026-05-31,Group B,41,97.36,1,50.79,Premium,South,0.0
C0220,2026-05-31,Group A,32,32.87,0,49.55,Basic,West,0.0
C0221,2026-05-31,Group C,16,35.05,2,31.81,Basic,West,0.0
C0222,2026-05-31,Group C,30,71.63,0,30.9,Standard,West,0.0
C0223,2026-05-31,Group B,39,66.95,3,37.57,Standard,West,0.0
C0224,2026-05-31,Group A,62,94.43,2,43.41,Premium,East,0.0
C0225,2026-05-31,Group A,57,43.23,2,27.41,Basic,North,0.0
C0226,2026-05-31,Group B,14,91.26,0,62.98,Premium,West,0.0
C0227,2026-05-31,Group A,26,35.02,0,33.12,Basic,West,0.0
C0228,2026-05-31,Group C,53,67.45,0,63.49,Standard,West,0.0
C0229,2026-05-31,Group A,36,66.64,2,36.18,Standard,East,0.0
C0230,2026-05-31,Group B,22,37.54,1,42.45,Basic,North,1.0
C0231,2026-05-31,Group C,52,34.75,1,26.64,Basic,East,1.0
C0232,2026-05-31,Group A,19,44.93,1,27.81,Basic,South,1.0
C0233,2026-05-31,Group A,25,95.02,1,49.77,Premium,West,0.0
C0234,2026-05-31,Group B,63,59.26,0,28.44,Standard,South,0.0
C0235,2026-05-31,Group B,6,95.98,0,66.29,Premium,South,0.0
C0236,2026-05-31,Group A,17,95.26,0,68.23,Premium,North,0.0
C0237,2026-05-31,Group B,22,72.08,0,40.35,Standard,West,0.0
C0238,2026-05-31,Group C,72,62.0,0,49.0,Standard,West,1.0
C0239,2026-05-31,Group A,41,32.97,0,51.29,Basic,North,0.0
C0240,2026-05-31,Group A,42,42.87,3,29.67,Basic,South,0.0
C0241,2026-05-31,Group A,18,90.43,0,47.23,Premium,South,0.0
C0242,2026-05-31,Group A,62,68.04,1,24.6,Standard,South,0.0
C0243,2026-05-31,Group A,62,31.72,1,41.62,Basic,West,0.0
C0244,2026-05-31,Group A,45,62.68,1,44.07,Standard,North,0.0
C0245,2026-05-31,Group B,68,58.51,0,41.97,Standard,South,0.0
C0246,2026-05-31,Group A,20,84.98,0,51.16,Premium,North,0.0
C0247,2026-05-31,Group C,55,63.66,2,43.04,Standard,North,0.0
C0248,2026-05-31,Group A,26,19.91,0,31.94,Basic,West,0.0
C0249,2026-05-31,Group A,10,31.16,2,43.36,Basic,West,1.0
C0250,2026-05-31,Group B,7,70.66,0,30.47,Standard,North,0.0
C0251,2026-05-31,Group C,64,66.53,1,55.09,Standard,East,0.0
C0252,2026-05-31,Group A,49,97.73,1,47.7,Premium,North,0.0
C0253,2026-05-31,Group A,61,59.11,0,46.85,Standard,North,1.0
C0254,2026-05-31,Group A,72,36.85,1,63.25,Basic,South,0.0
C0255,2026-05-31,Group B,19,42.73,3,48.43,Basic,North,1.0
C0256,2026-05-31,Group A,71,65.88,1,47.07,Standard,South,0.0
C0257,2026-05-31,Group A,60,91.95,4,52.96,Premium,West,0.0
C0258,2026-05-31,Group A,50,38.96,0,37.97,Basic,East,1.0
C0259,2026-05-31,Group A,46,40.08,0,45.09,Basic,East,0.0
C0260,2026-05-31,Group C,58,65.99,1,43.87,Standard,South,0.0
C0261,2026-05-31,Group B,48,35.41,3,35.53,Basic,North,0.0
C0262,2026-05-31,Group A,72,,1,51.9,Premium,North,0.0
C0263,2026-05-31,Group A,73,32.95,2,43.81,Basic,South,1.0
C0264,2026-05-31,Group A,13,38.27,0,24.94,Basic,North,0.0
C0265,2026-05-31,Group A,26,,2,50.07,Premium,West,0.0
C0266,2026-05-31,Group B,59,31.08,2,44.09,Basic,West,0.0
C0267,2026-05-31,Group C,47,26.68,0,31.56,Basic,West,0.0
C0268,2026-05-31,Group C,17,31.81,1,35.36,Basic,East,0.0
C0269,2026-05-31,Group C,50,38.41,1,28.28,Basic,East,0.0
C0270,2026-05-31,Group C,7,33.79,0,37.03,Basic,East,0.0
C0271,2026-05-31,Group C,17,36.42,1,34.14,Basic,South,0.0
C0272,2026-05-31,Group A,23,41.99,0,50.34,Basic,East,0.0
C0273,2026-05-31,Group A,55,36.29,2,43.21,Basic,West,0.0
C0274,2026-05-31,Group A,59,61.02,0,28.01,Standard,West,0.0
C0275,2026-05-31,Group B,8,75.07,0,56.67,Standard,East,0.0
C0276,2026-05-31,Group A,39,29.28,2,30.73,Basic,North,1.0
C0277,2026-05-31,Group C,12,35.14,1,33.71,Basic,East,0.0
C0278,2026-05-31,Group B,65,68.44,2,41.73,Standard,South,0.0
C0279,2026-05-31,Group B,20,84.52,3,56.67,Premium,East,0.0
C0280,2026-05-31,Group A,18,81.51,1,66.1,Premium,East,0.0
C0281,2026-05-31,Group A,20,33.18,1,34.98,Basic,West,0.0
C0282,2026-05-31,Group A,13,38.08,0,34.69,Basic,South,0.0
C0283,2026-05-31,Group C,43,37.39,1,26.87,Basic,West,0.0
C0284,2026-05-31,Group B,48,33.56,2,38.46,Basic,West,0.0
C0285,2026-05-31,Group B,19,61.93,0,69.2,Standard,South,0.0
C0286,2026-05-31,Group A,11,39.02,2,45.75,Basic,South,0.0
C0287,2026-05-31,Group A,9,33.9,3,58.25,Basic,East,1.0
C0288,2026-05-31,Group A,36,34.49,2,61.13,Basic,West,0.0
C0289,2026-05-31,Group B,67,59.95,2,48.59,Standard,East,0.0
C0290,2026-05-31,Group B,18,31.08,1,35.62,Basic,West,0.0
C0291,2026-05-31,Group A,50,92.38,0,45.37,Premium,South,0.0
C0292,2026-05-31,Group C,44,,1,37.51,Basic,East,0.0
C0293,2026-05-31,Group A,30,86.67,1,44.19,Premium,South,0.0
C0294,2026-05-31,Group C,57,30.45,1,22.74,Basic,West,0.0
C0295,2026-05-31,Group A,43,101.25,0,51.7,Premium,South,0.0
C0296,2026-05-31,Group A,21,96.04,3,59.01,Premium,East,0.0
C0297,2026-05-31,Group C,6,87.47,2,43.52,Premium,North,0.0
C0298,2026-05-31,Group A,37,101.52,0,61.85,Premium,West,0.0
C0299,2026-05-31,Group A,15,66.03,1,38.76,Standard,South,0.0
C0300,2026-05-31,Group A,72,67.75,0,76.19,Standard,South,0.0
C0301,2026-05-31,Group A,33,61.35,3,37.34,Standard,East,0.0
C0302,2026-05-31,Group B,42,34.33,2,38.33,Basic,South,0.0
C0303,2026-05-31,Group C,13,67.37,0,32.94,Standard,West,0.0
C0304,2026-05-31,Group C,28,59.34,3,66.0,Standard,East,0.0
C0305,2026-05-31,Group A,70,97.75,2,59.1,Premium,East,0.0
C0306,2026-05-31,Group B,50,65.92,1,47.58,Standard,North,1.0
C0307,2026-05-31,Group A,44,32.38,1,26.44,Basic,North,0.0
C0308,2026-05-31,Group A,60,57.84,1,47.18,Standard,South,0.0
C0309,2026-05-31,Group A,59,35.43,0,33.37,Basic,West,0.0
C0310,2026-05-31,Group C,50,33.18,2,46.99,Basic,West,0.0
C0311,2026-05-31,Group C,33,55.23,0,52.22,Standard,East,0.0
C0312,2026-05-31,Group B,73,38.74,2,51.39,Basic,East,0.0
C0313,2026-05-31,Group A,12,39.08,1,22.26,Basic,South,0.0
C0314,2026-05-31,Group A,66,35.88,1,30.77,Basic,North,0.0
C0315,2026-05-31,Group B,40,33.33,0,39.71,Basic,North,0.0
C0316,2026-05-31,Group B,15,40.18,0,52.02,Basic,South,0.0
C0317,2026-05-31,Group A,65,35.36,2,44.72,Basic,South,0.0
C0318,2026-05-31,Group A,12,73.64,0,41.6,Standard,North,0.0
C0319,2026-05-31,Group A,33,33.92,2,40.27,Basic,South,0.0
C0320,2026-05-31,Group C,14,91.04,3,65.01,Premium,North,0.0
C0321,2026-05-31,Group A,16,90.19,2,33.88,Premium,East,1.0
C0322,2026-05-31,Group C,19,63.77,0,48.86,Standard,West,0.0
C0323,2026-05-31,Group A,16,29.85,0,43.33,Basic,East,0.0
C0324,2026-05-31,Group B,28,,1,52.22,Standard,South,0.0
C0325,2026-05-31,Group A,72,101.17,0,42.03,Premium,South,0.0
C0326,2026-05-31,Group A,18,61.71,0,50.39,Standard,South,0.0
C0327,2026-05-31,Group A,46,91.4,0,54.96,Premium,North,0.0
C0328,2026-05-31,Group A,41,69.7,1,54.18,Standard,East,0.0
C0329,2026-05-31,Group C,40,65.18,1,41.26,Standard,East,0.0
C0330,2026-05-31,Group A,32,25.06,0,37.21,Basic,North,0.0
C0331,2026-05-31,Group B,51,63.71,3,46.53,Standard,South,0.0
C0332,2026-05-31,Group A,56,39.11,1,43.72,Basic,South,0.0
C0333,2026-05-31,Group A,52,59.73,2,41.38,Standard,North,0.0
C0334,2026-05-31,Group B,40,99.37,3,58.53,Premium,East,0.0
C0335,2026-05-31,Group A,66,23.9,2,43.99,Basic,East,0.0
C0336,2026-05-31,Group C,48,56.3,1,32.75,Standard,East,0.0
C0337,2026-05-31,Group B,70,37.07,1,51.77,Basic,East,0.0
C0338,2026-05-31,Group B,24,66.03,1,52.57,Standard,West,0.0
C0339,2026-05-31,Group A,61,34.37,2,46.13,Basic,West,0.0
C0340,2026-05-31,Group A,41,102.36,3,59.54,Premium,East,0.0
C0341,2026-05-31,Group C,45,38.52,0,22.25,Basic,West,0.0
C0342,2026-05-31,Group A,22,87.69,0,37.36,Premium,South,0.0
C0343,2026-05-31,Group A,23,90.76,1,64.83,Premium,West,0.0
C0344,2026-05-31,Group A,9,62.03,0,43.79,Standard,West,1.0
C0345,2026-05-31,Group B,21,71.47,0,44.25,Standard,East,0.0
C0346,2026-05-31,Group B,8,64.87,3,45.63,Standard,West,0.0
C0347,2026-05-31,Group B,65,93.26,4,64.39,Premium,East,0.0
C0348,2026-05-31,Group B,23,43.42,1,47.7,Basic,East,0.0
C0349,2026-05-31,Group A,73,65.31,4,52.57,Standard,South,0.0
C0350,2026-05-31,Group C,35,42.79,2,41.92,Basic,West,0.0
C0351,2026-05-31,Group A,70,53.18,1,26.75,Standard,East,0.0
C0352,2026-05-31,Group B,20,36.64,1,44.35,Basic,West,0.0
C0353,2026-05-31,Group A,25,61.5,2,62.81,Standard,South,0.0
C0354,2026-05-31,Group C,40,70.09,0,47.88,Standard,West,0.0
C0355,2026-05-31,Group A,61,64.68,1,41.52,Standard,North,0.0
C0356,2026-05-31,Group A,67,62.68,1,52.85,Standard,North,0.0
C0357,2026-05-31,Group A,19,62.84,0,65.93,Standard,East,0.0
C0358,2026-05-31,Group A,53,64.61,4,63.88,Standard,East,0.0
C0359,2026-05-31,Group A,48,65.74,0,40.32,Standard,West,0.0
C0360,2026-05-31,Group B,38,57.83,1,36.42,Standard,South,0.0
C0361,2026-05-31,Group A,42,92.16,0,64.48,Premium,East,0.0
C0362,2026-05-31,Group C,40,36.22,1,34.98,Basic,East,0.0
C0363,2026-05-31,Group A,30,31.11,2,35.62,Basic,West,0.0
C0364,2026-05-31,Group B,12,33.67,2,53.66,Basic,East,0.0
C0365,2026-05-31,Group A,70,73.32,0,59.38,Standard,South,0.0
C0366,2026-05-31,Group B,33,34.06,2,40.33,Basic,West,0.0
C0367,2026-05-31,Group B,39,63.03,3,41.92,Standard,North,1.0
C0368,2026-05-31,Group A,28,71.02,2,43.36,Standard,West,0.0
C0369,2026-05-31,Group C,18,34.9,4,52.15,Basic,North,1.0
C0370,2026-05-31,Group A,59,90.4,1,47.96,Premium,South,0.0
C0371,2026-05-31,Group A,44,61.56,1,37.51,Standard,West,0.0
C0372,2026-05-31,Group B,71,33.18,1,37.65,Basic,East,0.0
C0373,2026-05-31,Group C,16,39.62,4,45.27,Basic,West,0.0
C0374,2026-05-31,Group A,23,34.24,1,17.17,Basic,East,0.0
C0375,2026-05-31,Group A,28,40.1,1,28.67,Basic,East,1.0
C0376,2026-05-31,Group C,6,29.75,1,29.79,Basic,South,0.0
C0377,2026-05-31,Group B,27,102.68,1,66.96,Premium,North,0.0
C0378,2026-05-31,Group C,52,67.29,4,29.47,Standard,North,1.0
C0379,2026-05-31,Group B,68,31.25,1,41.43,Basic,South,0.0
C0380,2026-05-31,Group B,31,56.59,1,51.71,Standard,North,0.0
C0381,2026-05-31,Group A,68,60.19,2,43.66,Standard,East,0.0
C0382,2026-05-31,Group C,55,91.33,3,68.6,Premium,West,0.0
C0383,2026-05-31,Group A,40,61.19,3,54.95,Standard,West,0.0
C0384,2026-05-31,Group B,62,68.4,0,57.15,Standard,South,0.0
C0385,2026-05-31,Group A,43,34.89,1,43.08,Basic,West,0.0
C0386,2026-05-31,Group B,62,100.39,0,50.54,Premium,West,0.0
C0387,2026-05-31,Group B,44,66.03,2,46.87,Standard,West,0.0
C0388,2026-05-31,Group A,31,95.95,3,68.75,Premium,South,0.0
C0389,2026-05-31,Group C,42,34.92,1,45.45,Basic,South,0.0
C0390,2026-05-31,Group A,30,101.25,1,50.32,Premium,West,0.0
C0391,2026-05-31,Group B,27,68.05,3,53.73,Standard,North,0.0
C0392,2026-05-31,Group A,39,37.71,2,34.13,Basic,South,0.0
C0393,2026-05-31,Group A,40,69.95,0,60.15,Standard,North,0.0
C0394,2026-05-31,Group A,64,54.49,2,68.87,Standard,West,0.0
C0395,2026-05-31,Group A,12,33.67,1,38.64,Basic,East,0.0
C0396,2026-05-31,Group A,10,61.24,0,47.77,Standard,North,0.0
C0397,2026-05-31,Group B,39,96.55,0,45.83,Premium,North,0.0
C0398,2026-05-31,Group B,69,26.21,4,61.61,Basic,East,0.0
C0399,2026-05-31,Group B,8,61.53,2,43.31,Standard,East,0.0
C0400,2026-05-31,Group A,23,64.01,3,52.97,Standard,West,0.0
C0401,2026-05-31,Group A,26,37.02,0,49.37,Basic,South,0.0
C0402,2026-05-31,Group A,67,100.38,4,61.33,Premium,West,0.0
C0403,2026-05-31,Group B,49,74.15,2,41.38,Standard,South,0.0
C0404,2026-05-31,Group C,30,33.57,2,21.12,Basic,West,0.0
C0405,2026-05-31,Group A,66,88.45,0,35.98,Premium,North,0.0
C0406,2026-05-31,Group B,37,92.26,1,38.04,Premium,North,0.0
C0407,2026-05-31,Group A,61,36.86,1,48.86,Basic,North,0.0
C0408,2026-05-31,Group A,56,98.07,2,65.61,Premium,South,0.0
C0409,2026-05-31,Group A,44,29.26,4,53.15,Basic,West,1.0
C0410,2026-05-31,Group A,42,93.08,0,42.78,Premium,North,0.0
C0411,2026-05-31,Group B,68,65.28,0,57.08,Standard,South,0.0
C0412,2026-05-31,Group C,24,72.08,1,63.95,Standard,North,0.0
C0413,2026-05-31,Group A,21,36.77,2,41.36,Basic,West,0.0
C0414,2026-05-31,Group B,70,99.94,1,55.41,Premium,East,0.0
C0415,2026-05-31,Group B,37,36.52,3,17.8,Basic,West,0.0
C0416,2026-05-31,Group C,36,26.52,0,46.02,Basic,East,0.0
C0417,2026-05-31,Group B,12,44.53,0,27.94,Basic,East,1.0
C0418,2026-05-31,Group A,33,60.3,2,62.75,Standard,West,0.0
C0419,2026-05-31,Group B,72,30.68,1,23.23,Basic,North,0.0
C0420,2026-05-31,Group A,42,91.88,3,62.39,Premium,West,0.0
C0421,2026-05-31,Group C,13,64.36,2,60.55,Standard,East,0.0
C0422,2026-05-31,Group A,73,34.37,1,40.21,Basic,East,0.0
C0423,2026-05-31,Group B,33,28.5,0,24.13,Basic,South,0.0
C0424,2026-05-31,Group A,43,34.52,1,21.34,Basic,West,0.0
C0425,2026-05-31,Group A,59,60.69,3,44.4,Standard,South,0.0
C0426,2026-05-31,Group C,12,97.56,0,54.79,Premium,North,0.0
C0427,2026-05-31,Group B,51,29.81,0,24.51,Basic,West,0.0
C0428,2026-05-31,Group A,8,89.96,0,47.27,Premium,North,0.0
C0429,2026-05-31,Group C,48,34.39,3,42.34,Basic,North,0.0
C0430,2026-05-31,Group C,42,96.29,0,52.71,Premium,East,0.0
C0001,2026-06-30,Group C,11,59.81,0,48.77,Standard,West,0.0
C0002,2026-06-30,Group A,49,59.95,2,57.19,Standard,West,0.0
C0003,2026-06-30,Group A,47,95.49,1,56.32,Premium,North,0.0
C0004,2026-06-30,Group B,36,66.28,2,28.62,Standard,West,1.0
C0005,2026-06-30,Group A,12,35.09,1,43.79,Basic,West,0.0
C0006,2026-06-30,Group A,70,99.8,0,56.72,Premium,East,0.0
C0007,2026-06-30,Group C,36,77.4,6,64.49,Standard,West,1.0
C0008,2026-06-30,Group B,24,63.25,1,39.75,Standard,West,0.0
C0009,2026-06-30,Group A,71,37.68,1,30.24,Basic,South,0.0
C0010,2026-06-30,Group C,44,67.42,1,57.0,Standard,North,0.0
C0011,2026-06-30,Group A,52,36.84,2,35.1,Basic,South,0.0
C0012,2026-06-30,Group C,35,95.06,0,56.88,Premium,North,0.0
C0013,2026-06-30,Group A,63,65.23,3,50.27,Standard,North,0.0
C0014,2026-06-30,Group B,68,96.54,1,65.92,Premium,North,0.0
C0015,2026-06-30,Group A,74,66.75,2,53.08,Standard,East,0.0
C0016,2026-06-30,Group A,47,27.01,2,23.19,Basic,East,1.0
C0017,2026-06-30,Group C,62,69.78,1,59.58,Standard,East,0.0
C0018,2026-06-30,Group A,34,32.92,0,29.31,Basic,East,0.0
C0019,2026-06-30,Group A,68,95.02,1,57.77,Premium,East,0.0
C0020,2026-06-30,Group A,32,62.2,1,57.14,Standard,East,0.0
C0021,2026-06-30,Group B,7,56.28,2,38.56,Standard,North,0.0
C0022,2026-06-30,Group B,56,42.32,1,38.19,Basic,West,0.0
C0023,2026-06-30,Group C,59,92.25,1,53.41,Premium,South,0.0
C0024,2026-06-30,Group A,48,88.39,0,49.35,Premium,North,0.0
C0025,2026-06-30,Group A,69,63.18,0,48.07,Standard,West,0.0
C0026,2026-06-30,Group A,8,34.09,2,28.1,Basic,East,0.0
C0027,2026-06-30,Group B,21,60.34,0,51.98,Standard,North,0.0
C0028,2026-06-30,Group C,64,36.94,1,34.51,Basic,North,0.0
C0029,2026-06-30,Group B,40,20.84,2,38.36,Basic,North,0.0
C0030,2026-06-30,Group B,67,55.39,1,34.15,Standard,South,0.0
C0031,2026-06-30,Group A,18,63.93,2,44.01,Standard,North,0.0
C0032,2026-06-30,Group C,49,93.32,3,55.96,Premium,East,0.0
C0033,2026-06-30,Group A,29,30.16,0,55.29,Basic,East,0.0
C0034,2026-06-30,Group A,49,29.37,4,46.57,Basic,West,0.0
C0035,2026-06-30,Group A,56,72.96,0,43.72,Standard,East,0.0
C0036,2026-06-30,Group A,46,39.11,6,48.88,Basic,East,0.0
C0037,2026-06-30,Group A,42,31.11,0,24.47,Basic,East,1.0
C0038,2026-06-30,Group A,9,63.8,4,41.91,Standard,North,1.0
C0039,2026-06-30,Group A,41,34.38,4,57.35,Basic,North,0.0
C0040,2026-06-30,Group B,42,54.79,3,57.16,Standard,East,0.0
C0041,2026-06-30,Group A,32,62.82,0,55.03,Standard,North,0.0
C0042,2026-06-30,Group A,51,92.88,0,65.87,Premium,North,0.0
C0043,2026-06-30,Group C,38,61.79,1,57.6,Standard,North,0.0
C0044,2026-06-30,Group B,27,29.83,3,25.3,Basic,West,1.0
C0045,2026-06-30,Group B,48,96.14,3,36.25,Premium,South,0.0
C0046,2026-06-30,Group A,42,103.11,0,56.55,Premium,East,0.0
C0047,2026-06-30,Group C,60,36.36,0,32.95,Basic,South,0.0
C0048,2026-06-30,Group A,7,27.71,0,46.5,Basic,North,0.0
C0049,2026-06-30,Group A,41,67.63,3,60.5,Standard,South,0.0
C0050,2026-06-30,Group C,16,38.29,2,32.31,Basic,North,0.0
C0051,2026-06-30,Group B,53,45.25,0,28.01,Basic,West,0.0
C0052,2026-06-30,Group B,62,36.32,0,15.96,Basic,North,0.0
C0053,2026-06-30,Group B,38,62.36,1,42.91,Standard,South,0.0
C0054,2026-06-30,Group B,51,56.04,3,51.27,Standard,West,0.0
C0055,2026-06-30,Group A,9,65.05,1,53.3,Standard,East,0.0
C0056,2026-06-30,Group A,14,73.09,2,57.54,Standard,South,1.0
C0057,2026-06-30,Group A,71,63.13,0,73.23,Standard,East,0.0
C0058,2026-06-30,Group A,63,69.36,1,51.56,Standard,West,0.0
C0059,2026-06-30,Group C,39,41.97,0,21.21,Basic,South,0.0
C0060,2026-06-30,Group A,55,36.44,2,43.48,Basic,East,0.0
C0061,2026-06-30,Group B,37,62.56,0,58.34,Standard,West,0.0
C0062,2026-06-30,Group B,69,,1,59.44,Standard,East,0.0
C0063,2026-06-30,Group B,53,62.5,2,61.89,Standard,South,0.0
C0064,2026-06-30,Group A,73,68.8,1,43.56,Standard,North,0.0
C0065,2026-06-30,Group A,28,62.21,0,69.43,Standard,North,0.0
C0066,2026-06-30,Group C,69,64.67,1,43.09,Standard,West,0.0
C0067,2026-06-30,Group B,23,67.31,1,51.62,Standard,East,0.0
C0068,2026-06-30,Group B,56,29.33,3,24.78,Basic,South,0.0
C0069,2026-06-30,Group C,25,28.05,2,28.41,Basic,South,0.0
C0070,2026-06-30,Group B,25,60.36,4,57.32,Standard,East,0.0
C0071,2026-06-30,Group A,48,28.93,1,38.35,Basic,East,0.0
C0072,2026-06-30,Group B,20,37.38,0,47.81,Basic,East,0.0
C0073,2026-06-30,Group A,68,101.0,1,69.45,Premium,South,0.0
C0074,2026-06-30,Group B,32,29.97,0,42.36,Basic,East,0.0
C0075,2026-06-30,Group C,55,38.42,2,58.56,Basic,South,0.0
C0076,2026-06-30,Group A,25,34.79,0,34.07,Basic,West,0.0
C0077,2026-06-30,Group A,64,39.06,2,26.42,Basic,North,0.0
C0078,2026-06-30,Group A,49,64.75,1,41.09,Standard,North,0.0
C0079,2026-06-30,Group C,37,54.62,2,59.44,Standard,South,1.0
C0080,2026-06-30,Group A,35,74.48,1,48.4,Standard,East,0.0
C0081,2026-06-30,Group A,64,65.67,0,31.67,Standard,East,0.0
C0082,2026-06-30,Group A,42,34.52,0,43.53,Basic,South,0.0
C0083,2026-06-30,Group A,34,89.7,3,55.22,Premium,West,0.0
C0084,2026-06-30,Group A,37,42.13,3,40.51,Basic,South,0.0
C0085,2026-06-30,Group A,67,34.21,2,26.98,Basic,North,0.0
C0086,2026-06-30,Group A,35,31.28,0,32.38,Basic,North,0.0
C0087,2026-06-30,Group A,36,72.82,2,39.72,Standard,West,0.0
C0088,2026-06-30,Group A,35,54.63,0,57.54,Standard,North,0.0
C0089,2026-06-30,Group A,67,27.15,0,43.46,Basic,West,0.0
C0090,2026-06-30,Group A,53,66.34,0,41.37,Standard,South,0.0
C0091,2026-06-30,Group B,28,33.07,0,39.79,Basic,North,0.0
C0092,2026-06-30,Group A,53,62.1,1,46.45,Standard,South,0.0
C0093,2026-06-30,Group A,46,64.21,2,35.68,Standard,East,0.0
C0094,2026-06-30,Group A,70,,0,29.87,Basic,South,0.0
C0095,2026-06-30,Group A,46,39.23,0,34.81,Basic,West,0.0
C0096,2026-06-30,Group A,12,69.24,4,39.94,Standard,East,1.0
C0097,2026-06-30,Group A,33,37.79,0,25.69,Basic,South,0.0
C0098,2026-06-30,Group C,66,38.97,2,35.41,Basic,East,0.0
C0099,2026-06-30,Group A,55,36.71,0,45.66,Basic,West,0.0
C0100,2026-06-30,Group A,51,92.16,1,43.04,Premium,South,0.0
C0101,2026-06-30,Group A,53,93.18,2,48.23,Premium,North,0.0
C0102,2026-06-30,Group A,59,67.92,0,50.17,Standard,South,0.0
C0103,2026-06-30,Group A,58,28.68,1,46.19,Basic,West,0.0
C0104,2026-06-30,Group B,62,92.03,0,58.5,Premium,North,0.0
C0105,2026-06-30,Group C,65,70.02,1,37.31,Standard,West,0.0
C0106,2026-06-30,Group A,10,62.19,0,35.14,Standard,East,1.0
C0107,2026-06-30,Group A,37,66.1,2,42.46,Standard,East,0.0
C0108,2026-06-30,Group A,40,30.63,1,52.18,Basic,South,0.0
C0109,2026-06-30,Group A,52,38.81,0,20.77,Basic,West,0.0
C0110,2026-06-30,Group B,26,100.08,3,58.72,Premium,North,0.0
C0111,2026-06-30,Group A,40,59.5,2,66.46,Standard,South,0.0
C0112,2026-06-30,Group A,55,38.57,1,35.2,Basic,South,0.0
C0113,2026-06-30,Group C,61,43.77,2,38.03,Basic,South,0.0
C0114,2026-06-30,Group A,65,67.86,0,44.83,Standard,South,0.0
C0115,2026-06-30,Group A,9,38.3,1,44.02,Basic,North,0.0
C0116,2026-06-30,Group B,66,88.86,0,44.06,Premium,North,0.0
C0117,2026-06-30,Group A,66,62.85,0,26.62,Standard,North,0.0
C0118,2026-06-30,Group A,18,60.92,0,60.05,Standard,East,0.0
C0119,2026-06-30,Group A,68,54.37,2,38.84,Standard,South,0.0
C0120,2026-06-30,Group C,36,56.31,4,45.16,Standard,East,0.0
C0121,2026-06-30,Group A,28,72.61,2,31.94,Standard,East,1.0
C0122,2026-06-30,Group A,46,62.76,1,37.02,Standard,East,0.0
C0123,2026-06-30,Group A,28,37.39,0,40.67,Basic,East,0.0
C0124,2026-06-30,Group A,62,33.97,0,32.09,Basic,East,0.0
C0125,2026-06-30,Group B,36,43.91,2,53.81,Basic,East,0.0
C0126,2026-06-30,Group A,64,58.68,2,57.01,Standard,East,0.0
C0127,2026-06-30,Group B,61,33.37,4,39.28,Basic,East,0.0
C0128,2026-06-30,Group B,18,26.25,0,43.16,Basic,South,0.0
C0129,2026-06-30,Group C,59,40.15,0,42.9,Basic,North,0.0
C0130,2026-06-30,Group A,49,65.97,1,43.7,Standard,West,0.0
C0131,2026-06-30,Group C,15,42.38,1,39.99,Basic,South,0.0
C0132,2026-06-30,Group B,19,105.96,3,63.21,Premium,East,0.0
C0133,2026-06-30,Group A,23,67.04,1,54.96,Standard,North,0.0
C0134,2026-06-30,Group B,33,46.4,0,30.96,Basic,South,0.0
C0135,2026-06-30,Group C,60,62.42,2,43.95,Standard,East,0.0
C0136,2026-06-30,Group A,31,40.82,1,53.8,Basic,East,0.0
C0137,2026-06-30,Group C,25,96.72,1,65.13,Premium,East,0.0
C0138,2026-06-30,Group A,61,65.03,2,53.19,Standard,South,0.0
C0139,2026-06-30,Group B,22,70.5,0,45.06,Standard,West,0.0
C0140,2026-06-30,Group C,45,31.94,0,40.13,Basic,East,0.0
C0141,2026-06-30,Group A,16,69.85,1,56.5,Standard,West,0.0
C0142,2026-06-30,Group B,71,63.84,1,54.68,Standard,East,0.0
C0143,2026-06-30,Group A,70,83.2,1,53.48,Premium,East,0.0
C0144,2026-06-30,Group B,31,67.11,0,44.33,Standard,West,0.0
C0145,2026-06-30,Group B,29,59.05,1,42.58,Standard,North,0.0
C0146,2026-06-30,Group A,52,31.79,1,48.3,Basic,West,0.0
C0147,2026-06-30,Group A,27,27.56,4,64.41,Basic,West,0.0
C0148,2026-06-30,Group A,38,61.36,0,40.32,Standard,East,0.0
C0149,2026-06-30,Group A,71,77.4,3,51.19,Standard,East,0.0
C0150,2026-06-30,Group A,27,41.96,1,31.21,Basic,East,0.0
C0151,2026-06-30,Group A,26,106.47,3,54.18,Premium,South,0.0
C0152,2026-06-30,Group A,50,93.21,1,56.08,Premium,West,1.0
C0153,2026-06-30,Group A,49,38.52,0,48.99,Basic,North,0.0
C0154,2026-06-30,Group B,41,66.61,1,64.6,Standard,South,0.0
C0155,2026-06-30,Group B,36,38.82,2,39.94,Basic,East,0.0
C0156,2026-06-30,Group B,51,69.15,2,49.64,Standard,West,1.0
C0157,2026-06-30,Group A,31,30.34,3,23.55,Basic,South,0.0
C0158,2026-06-30,Group C,72,69.24,0,67.41,Standard,South,0.0
C0159,2026-06-30,Group B,20,60.31,0,53.56,Standard,North,0.0
C0160,2026-06-30,Group A,19,63.84,1,56.4,Standard,North,0.0
C0161,2026-06-30,Group A,30,29.92,0,24.78,Basic,North,0.0
C0162,2026-06-30,Group B,14,100.57,0,43.77,Premium,North,0.0
C0163,2026-06-30,Group A,25,31.04,4,43.4,Basic,West,1.0
C0164,2026-06-30,Group A,19,31.94,0,42.5,Basic,West,0.0
C0165,2026-06-30,Group C,38,63.82,1,60.05,Standard,West,0.0
C0166,2026-06-30,Group A,34,42.78,0,60.54,Basic,North,0.0
C0167,2026-06-30,Group A,17,92.53,0,44.39,Premium,North,0.0
C0168,2026-06-30,Group C,73,94.19,0,61.68,Premium,South,0.0
C0169,2026-06-30,Group B,51,26.98,2,27.99,Basic,East,1.0
C0170,2026-06-30,Group A,50,88.94,2,49.77,Premium,South,0.0
C0171,2026-06-30,Group C,25,30.05,1,31.21,Basic,South,0.0
C0172,2026-06-30,Group C,48,64.23,0,57.57,Standard,North,0.0
C0173,2026-06-30,Group B,39,28.87,0,16.39,Basic,East,1.0
C0174,2026-06-30,Group B,53,88.44,1,62.2,Premium,South,0.0
C0175,2026-06-30,Group A,11,26.76,1,26.44,Basic,North,0.0
C0176,2026-06-30,Group A,73,36.46,1,39.71,Basic,East,0.0
C0177,2026-06-30,Group B,73,65.28,1,49.76,Standard,West,0.0
C0178,2026-06-30,Group A,67,104.2,1,74.39,Premium,North,0.0
C0179,2026-06-30,Group B,11,97.1,3,52.58,Premium,South,0.0
C0180,2026-06-30,Group C,67,61.74,0,37.8,Standard,West,0.0
C0181,2026-06-30,Group A,26,96.39,1,54.5,Premium,East,0.0
C0182,2026-06-30,Group B,29,89.86,1,64.5,Premium,West,0.0
C0183,2026-06-30,Group A,46,65.43,0,61.65,Standard,South,0.0
C0184,2026-06-30,Group C,48,28.18,1,38.58,Basic,South,0.0
C0185,2026-06-30,Group A,62,64.67,0,50.16,Standard,East,0.0
C0186,2026-06-30,Group B,72,55.02,3,31.0,Standard,North,1.0
C0187,2026-06-30,Group B,10,39.29,3,45.16,Basic,North,0.0
C0188,2026-06-30,Group A,71,36.99,0,25.31,Basic,East,0.0
C0189,2026-06-30,Group B,47,64.34,0,56.56,Standard,East,0.0
C0190,2026-06-30,Group B,43,32.8,1,43.13,Basic,North,0.0
C0191,2026-06-30,Group B,74,90.44,1,78.98,Premium,East,0.0
C0192,2026-06-30,Group B,70,40.26,2,36.86,Basic,South,0.0
C0193,2026-06-30,Group C,35,40.04,1,33.3,Basic,East,0.0
C0194,2026-06-30,Group A,68,102.63,1,73.08,Premium,West,0.0
C0195,2026-06-30,Group A,54,32.21,1,56.09,Basic,North,0.0
C0196,2026-06-30,Group A,59,31.18,1,32.46,Basic,West,0.0
C0197,2026-06-30,Group B,22,59.0,0,47.51,Standard,South,0.0
C0198,2026-06-30,Group B,9,97.77,3,58.49,Premium,West,1.0
C0199,2026-06-30,Group A,51,27.0,0,39.44,Basic,South,0.0
C0200,2026-06-30,Group A,27,41.06,0,38.22,Basic,South,0.0
C0201,2026-06-30,Group C,31,66.91,2,49.04,Standard,West,0.0
C0202,2026-06-30,Group A,30,98.25,2,34.53,Premium,East,0.0
C0203,2026-06-30,Group B,27,62.78,2,52.28,Standard,North,0.0
C0204,2026-06-30,Group A,72,29.41,0,50.56,Basic,East,0.0
C0205,2026-06-30,Group C,66,31.24,1,38.16,Basic,West,0.0
C0206,2026-06-30,Group A,74,39.24,0,26.52,Basic,South,0.0
C0207,2026-06-30,Group A,53,31.82,0,49.38,Basic,West,0.0
C0208,2026-06-30,Group C,35,68.03,2,55.36,Standard,East,0.0
C0209,2026-06-30,Group C,68,36.72,1,35.64,Basic,South,0.0
C0210,2026-06-30,Group A,71,62.32,2,43.94,Standard,North,0.0
C0211,2026-06-30,Group A,58,60.25,1,27.41,Standard,East,0.0
C0212,2026-06-30,Group B,21,63.87,2,36.87,Standard,North,0.0
C0213,2026-06-30,Group C,24,42.03,0,42.12,Basic,West,0.0
C0214,2026-06-30,Group A,23,93.82,3,74.87,Premium,East,0.0
C0215,2026-06-30,Group A,31,66.14,0,51.07,Standard,South,0.0
C0216,2026-06-30,Group B,7,61.38,1,57.89,Standard,North,0.0
C0217,2026-06-30,Group B,25,25.45,0,44.34,Basic,East,0.0
C0218,2026-06-30,Group B,38,35.34,2,45.36,Basic,North,0.0
C0219,2026-06-30,Group B,7,107.17,0,52.82,Premium,South,0.0
C0220,2026-06-30,Group A,43,43.88,0,46.15,Basic,West,0.0
C0221,2026-06-30,Group C,44,36.58,1,32.09,Basic,West,0.0
C0222,2026-06-30,Group C,52,57.73,1,35.7,Standard,West,0.0
C0223,2026-06-30,Group B,44,73.65,1,38.12,Standard,West,0.0
C0224,2026-06-30,Group A,17,96.16,1,58.53,Premium,East,0.0
C0225,2026-06-30,Group A,20,37.82,0,19.48,Basic,North,0.0
C0226,2026-06-30,Group B,34,91.35,1,57.95,Premium,West,0.0
C0227,2026-06-30,Group A,45,35.19,0,37.38,Basic,West,0.0
C0228,2026-06-30,Group C,42,,1,66.59,Standard,West,0.0
C0229,2026-06-30,Group A,39,64.22,1,35.76,Standard,East,0.0
C0230,2026-06-30,Group B,34,34.55,2,36.97,Basic,North,0.0
C0231,2026-06-30,Group C,62,23.17,0,36.64,Basic,East,0.0
C0232,2026-06-30,Group A,28,33.28,5,34.11,Basic,South,1.0
C0233,2026-06-30,Group A,45,94.04,0,64.31,Premium,West,0.0
C0234,2026-06-30,Group B,73,60.19,2,30.6,Standard,South,1.0
C0235,2026-06-30,Group B,36,97.75,2,61.51,Premium,South,0.0
C0236,2026-06-30,Group A,57,89.14,0,69.32,Premium,North,0.0
C0237,2026-06-30,Group B,23,61.42,0,46.79,Standard,West,0.0
C0238,2026-06-30,Group C,73,54.25,3,44.38,Standard,West,0.0
C0239,2026-06-30,Group A,28,41.79,1,49.99,Basic,North,0.0
C0240,2026-06-30,Group A,70,41.11,1,39.61,Basic,South,0.0
C0241,2026-06-30,Group A,52,93.24,2,41.8,Premium,South,0.0
C0242,2026-06-30,Group A,36,65.13,2,21.38,Standard,South,0.0
C0243,2026-06-30,Group A,25,29.26,0,48.12,Basic,West,0.0
C0244,2026-06-30,Group A,22,62.23,1,46.52,Standard,North,0.0
C0245,2026-06-30,Group B,69,69.64,2,34.06,Standard,South,0.0
C0246,2026-06-30,Group A,61,91.66,2,61.3,Premium,North,0.0
C0247,2026-06-30,Group C,26,68.74,1,47.85,Standard,North,0.0
C0248,2026-06-30,Group A,41,37.95,0,44.24,Basic,West,0.0
C0249,2026-06-30,Group A,24,34.72,3,48.15,Basic,West,0.0
C0250,2026-06-30,Group B,27,70.02,3,40.41,Standard,North,0.0
C0251,2026-06-30,Group C,25,62.3,0,68.21,Standard,East,0.0
C0252,2026-06-30,Group A,64,85.06,0,42.58,Premium,North,0.0
C0253,2026-06-30,Group A,18,68.1,0,35.93,Standard,North,0.0
C0254,2026-06-30,Group A,40,39.0,3,59.17,Basic,South,0.0
C0255,2026-06-30,Group B,12,42.31,0,53.84,Basic,North,0.0
C0256,2026-06-30,Group A,55,62.11,4,51.78,Standard,South,0.0
C0257,2026-06-30,Group A,72,92.13,1,56.03,Premium,West,0.0
C0258,2026-06-30,Group A,51,38.59,1,34.75,Basic,East,0.0
C0259,2026-06-30,Group A,42,29.93,1,34.69,Basic,East,0.0
C0260,2026-06-30,Group C,28,72.4,2,43.8,Standard,South,0.0
C0261,2026-06-30,Group B,74,34.42,0,48.62,Basic,North,0.0
C0262,2026-06-30,Group A,48,88.2,3,59.0,Premium,North,0.0
C0263,2026-06-30,Group A,10,28.96,1,29.42,Basic,South,0.0
C0264,2026-06-30,Group A,29,43.84,1,26.79,Basic,North,0.0
C0265,2026-06-30,Group A,68,88.86,0,44.16,Premium,West,0.0
C0266,2026-06-30,Group B,58,44.79,3,56.58,Basic,West,0.0
C0267,2026-06-30,Group C,52,42.41,1,18.65,Basic,West,0.0
C0268,2026-06-30,Group C,33,33.38,6,41.2,Basic,East,0.0
C0269,2026-06-30,Group C,42,48.38,2,37.98,Basic,East,0.0
C0270,2026-06-30,Group C,53,33.34,1,40.7,Basic,East,0.0
C0271,2026-06-30,Group C,15,26.84,0,30.55,Basic,South,0.0
C0272,2026-06-30,Group A,19,31.9,3,54.35,Basic,East,1.0
C0273,2026-06-30,Group A,21,34.08,2,46.69,Basic,West,0.0
C0274,2026-06-30,Group A,32,55.56,0,43.82,Standard,West,0.0
C0275,2026-06-30,Group B,17,58.5,0,50.35,Standard,East,0.0
C0276,2026-06-30,Group A,68,34.43,4,29.46,Basic,North,1.0
C0277,2026-06-30,Group C,39,32.52,1,35.67,Basic,East,0.0
C0278,2026-06-30,Group B,12,66.36,1,54.63,Standard,South,0.0
C0279,2026-06-30,Group B,57,94.26,0,45.82,Premium,East,0.0
C0280,2026-06-30,Group A,54,89.65,1,60.66,Premium,East,0.0
C0281,2026-06-30,Group A,48,32.97,2,31.81,Basic,West,0.0
C0282,2026-06-30,Group A,22,43.27,2,41.85,Basic,South,0.0
C0283,2026-06-30,Group C,35,,0,33.48,Basic,West,0.0
C0284,2026-06-30,Group B,45,34.85,2,32.04,Basic,West,0.0
C0285,2026-06-30,Group B,8,64.45,0,52.99,Standard,South,0.0
C0286,2026-06-30,Group A,66,33.32,1,46.01,Basic,South,0.0
C0287,2026-06-30,Group A,23,30.79,0,62.57,Basic,East,0.0
C0288,2026-06-30,Group A,46,32.65,0,54.07,Basic,West,0.0
C0289,2026-06-30,Group B,50,62.83,1,36.23,Standard,East,0.0
C0290,2026-06-30,Group B,72,30.45,0,40.91,Basic,West,0.0
C0291,2026-06-30,Group A,39,90.14,2,49.69,Premium,South,0.0
C0292,2026-06-30,Group C,23,38.59,1,34.27,Basic,East,0.0
C0293,2026-06-30,Group A,31,104.41,0,58.84,Premium,South,0.0
C0294,2026-06-30,Group C,74,31.57,5,28.96,Basic,West,1.0
C0295,2026-06-30,Group A,58,98.14,0,58.03,Premium,South,0.0
C0296,2026-06-30,Group A,27,88.15,1,51.33,Premium,East,0.0
C0297,2026-06-30,Group C,9,96.51,2,40.2,Premium,North,0.0
C0298,2026-06-30,Group A,25,98.93,3,65.94,Premium,West,0.0
C0299,2026-06-30,Group A,37,71.33,3,34.7,Standard,South,1.0
C0300,2026-06-30,Group A,57,62.43,1,78.88,Standard,South,0.0
C0301,2026-06-30,Group A,45,61.04,1,54.63,Standard,East,0.0
C0302,2026-06-30,Group B,9,24.17,0,47.91,Basic,South,1.0
C0303,2026-06-30,Group C,68,65.45,4,35.84,Standard,West,0.0
C0304,2026-06-30,Group C,21,58.11,0,64.35,Standard,East,0.0
C0305,2026-06-30,Group A,68,93.91,1,67.23,Premium,East,0.0
C0306,2026-06-30,Group B,9,76.43,2,60.82,Standard,North,1.0
C0307,2026-06-30,Group A,55,30.41,4,31.49,Basic,North,1.0
C0308,2026-06-30,Group A,17,62.88,1,42.64,Standard,South,0.0
C0309,2026-06-30,Group A,45,30.42,1,29.62,Basic,West,0.0
C0310,2026-06-30,Group C,27,31.34,1,53.23,Basic,West,1.0
C0311,2026-06-30,Group C,48,72.73,1,58.32,Standard,East,0.0
C0312,2026-06-30,Group B,65,37.72,0,44.65,Basic,East,0.0
C0313,2026-06-30,Group A,31,42.63,0,11.72,Basic,South,0.0
C0314,2026-06-30,Group A,31,40.63,0,27.75,Basic,North,0.0
C0315,2026-06-30,Group B,54,46.17,0,47.23,Basic,North,0.0
C0316,2026-06-30,Group B,22,33.75,1,51.15,Basic,South,0.0
C0317,2026-06-30,Group A,51,33.28,0,38.36,Basic,South,0.0
C0318,2026-06-30,Group A,19,60.75,0,19.16,Standard,North,0.0
C0319,2026-06-30,Group A,69,40.13,1,46.3,Basic,South,0.0
C0320,2026-06-30,Group C,70,97.65,3,62.19,Premium,North,0.0
C0321,2026-06-30,Group A,39,96.09,0,44.33,Premium,East,0.0
C0322,2026-06-30,Group C,38,61.98,2,44.94,Standard,West,0.0
C0323,2026-06-30,Group A,18,34.7,1,48.57,Basic,East,0.0
C0324,2026-06-30,Group B,60,67.1,1,44.71,Standard,South,0.0
C0325,2026-06-30,Group A,55,95.01,2,40.81,Premium,South,0.0
C0326,2026-06-30,Group A,45,71.35,1,46.13,Standard,South,0.0
C0327,2026-06-30,Group A,61,97.32,1,56.87,Premium,North,0.0
C0328,2026-06-30,Group A,52,69.21,2,51.21,Standard,East,0.0
C0329,2026-06-30,Group C,42,72.19,1,37.83,Standard,East,0.0
C0330,2026-06-30,Group A,23,28.58,1,30.58,Basic,North,1.0
C0331,2026-06-30,Group B,73,68.91,3,49.57,Standard,South,0.0
C0332,2026-06-30,Group A,71,40.91,0,44.36,Basic,South,0.0
C0333,2026-06-30,Group A,58,66.4,1,48.59,Standard,North,0.0
C0334,2026-06-30,Group B,54,92.62,0,59.52,Premium,East,0.0
C0335,2026-06-30,Group A,51,33.95,1,46.94,Basic,East,0.0
C0336,2026-06-30,Group C,67,73.75,0,34.92,Standard,East,0.0
C0337,2026-06-30,Group B,21,32.82,0,48.19,Basic,East,0.0
C0338,2026-06-30,Group B,74,60.97,0,43.75,Standard,West,0.0
C0339,2026-06-30,Group A,32,44.86,1,36.55,Basic,West,0.0
C0340,2026-06-30,Group A,73,,2,65.68,Premium,East,0.0
C0341,2026-06-30,Group C,74,32.52,1,22.87,Basic,West,0.0
C0342,2026-06-30,Group A,51,101.44,1,45.37,Premium,South,0.0
C0343,2026-06-30,Group A,50,96.22,2,63.06,Premium,West,0.0
C0344,2026-06-30,Group A,66,64.33,3,36.55,Standard,West,0.0
C0345,2026-06-30,Group B,12,64.81,2,63.26,Standard,East,0.0
C0346,2026-06-30,Group B,29,64.6,2,51.35,Standard,West,0.0
C0347,2026-06-30,Group B,24,93.64,2,69.54,Premium,East,0.0
C0348,2026-06-30,Group B,70,40.46,0,48.41,Basic,East,0.0
C0349,2026-06-30,Group A,14,62.66,1,49.78,Standard,South,0.0
C0350,2026-06-30,Group C,7,32.93,1,41.7,Basic,West,0.0
C0351,2026-06-30,Group A,51,64.48,1,24.53,Standard,East,0.0
C0352,2026-06-30,Group B,55,36.66,0,42.62,Basic,West,0.0
C0353,2026-06-30,Group A,69,64.97,0,58.94,Standard,South,0.0
C0354,2026-06-30,Group C,28,63.47,0,59.22,Standard,West,0.0
C0355,2026-06-30,Group A,73,63.37,2,43.43,Standard,North,0.0
C0356,2026-06-30,Group A,51,60.9,3,61.03,Standard,North,0.0
C0357,2026-06-30,Group A,48,55.29,2,55.06,Standard,East,0.0
C0358,2026-06-30,Group A,32,64.64,0,61.29,Standard,East,0.0
C0359,2026-06-30,Group A,29,62.11,1,42.58,Standard,West,0.0
C0360,2026-06-30,Group B,45,66.97,0,50.17,Standard,South,0.0
C0361,2026-06-30,Group A,16,,0,64.01,Premium,East,0.0
C0362,2026-06-30,Group C,39,31.28,2,47.04,Basic,East,0.0
C0363,2026-06-30,Group A,35,35.13,2,36.3,Basic,West,0.0
C0364,2026-06-30,Group B,74,33.61,0,44.68,Basic,East,0.0
C0365,2026-06-30,Group A,65,67.74,2,45.96,Standard,South,0.0
C0366,2026-06-30,Group B,22,33.07,1,39.11,Basic,West,0.0
C0367,2026-06-30,Group B,32,66.73,0,49.64,Standard,North,0.0
C0368,2026-06-30,Group A,63,66.37,0,45.46,Standard,West,0.0
C0369,2026-06-30,Group C,43,39.29,1,46.3,Basic,North,0.0
C0370,2026-06-30,Group A,20,93.68,2,51.47,Premium,South,1.0
C0371,2026-06-30,Group A,48,65.16,3,45.14,Standard,West,0.0
C0372,2026-06-30,Group B,28,42.06,2,40.56,Basic,East,0.0
C0373,2026-06-30,Group C,8,39.03,1,52.32,Basic,West,0.0
C0374,2026-06-30,Group A,57,33.06,5,17.34,Basic,East,1.0
C0375,2026-06-30,Group A,58,40.31,0,29.38,Basic,East,0.0
C0376,2026-06-30,Group C,52,37.49,1,30.67,Basic,South,0.0
C0377,2026-06-30,Group B,25,98.81,2,60.95,Premium,North,1.0
C0378,2026-06-30,Group C,56,64.02,1,36.44,Standard,North,0.0
C0379,2026-06-30,Group B,26,39.4,2,34.66,Basic,South,1.0
C0380,2026-06-30,Group B,48,64.28,1,48.17,Standard,North,0.0
C0381,2026-06-30,Group A,63,61.8,0,39.2,Standard,East,0.0
C0382,2026-06-30,Group C,13,98.02,2,57.75,Premium,West,0.0
C0383,2026-06-30,Group A,58,55.63,0,34.65,Standard,West,0.0
C0384,2026-06-30,Group B,34,69.46,2,50.43,Standard,South,0.0
C0385,2026-06-30,Group A,45,37.09,4,51.72,Basic,West,0.0
C0386,2026-06-30,Group B,22,89.39,0,50.49,Premium,West,0.0
C0387,2026-06-30,Group B,73,64.38,2,48.62,Standard,West,1.0
C0388,2026-06-30,Group A,41,100.18,3,68.95,Premium,South,1.0
C0389,2026-06-30,Group C,71,42.24,1,43.17,Basic,South,1.0
C0390,2026-06-30,Group A,12,107.38,2,40.2,Premium,West,0.0
C0391,2026-06-30,Group B,64,65.43,2,56.92,Standard,North,0.0
C0392,2026-06-30,Group A,41,37.94,0,36.34,Basic,South,0.0
C0393,2026-06-30,Group A,50,72.96,0,61.49,Standard,North,0.0
C0394,2026-06-30,Group A,29,62.78,0,62.46,Standard,West,0.0
C0395,2026-06-30,Group A,20,32.84,1,51.48,Basic,East,0.0
C0396,2026-06-30,Group A,65,67.14,3,48.13,Standard,North,0.0
C0397,2026-06-30,Group B,12,93.5,1,62.52,Premium,North,0.0
C0398,2026-06-30,Group B,53,34.05,0,44.94,Basic,East,0.0
C0399,2026-06-30,Group B,29,67.02,0,50.27,Standard,East,0.0
C0400,2026-06-30,Group A,8,70.54,1,53.0,Standard,West,0.0
C0401,2026-06-30,Group A,22,39.87,2,42.94,Basic,South,0.0
C0402,2026-06-30,Group A,40,100.0,1,53.04,Premium,West,0.0
C0403,2026-06-30,Group B,65,64.9,1,46.59,Standard,South,0.0
C0404,2026-06-30,Group C,12,41.26,0,35.99,Basic,West,0.0
C0405,2026-06-30,Group A,16,92.77,0,38.9,Premium,North,0.0
C0406,2026-06-30,Group B,52,95.88,3,27.81,Premium,North,0.0
C0407,2026-06-30,Group A,15,29.89,2,45.83,Basic,North,1.0
C0408,2026-06-30,Group A,62,94.65,3,74.45,Premium,South,0.0
C0409,2026-06-30,Group A,55,31.63,2,40.77,Basic,West,0.0
C0410,2026-06-30,Group A,17,99.08,0,40.3,Premium,North,0.0
C0411,2026-06-30,Group B,37,55.3,0,54.0,Standard,South,0.0
C0412,2026-06-30,Group C,12,70.07,1,63.85,Standard,North,0.0
C0413,2026-06-30,Group A,74,37.06,1,45.94,Basic,West,0.0
C0414,2026-06-30,Group B,40,105.13,0,57.76,Premium,East,0.0
C0415,2026-06-30,Group B,15,32.93,1,25.4,Basic,West,0.0
C0416,2026-06-30,Group C,51,39.74,0,43.51,Basic,East,0.0
C0417,2026-06-30,Group B,48,33.59,2,25.98,Basic,East,0.0
C0418,2026-06-30,Group A,43,61.42,4,56.16,Standard,West,0.0
C0419,2026-06-30,Group B,71,40.58,3,25.6,Basic,North,0.0
C0420,2026-06-30,Group A,13,96.69,2,60.05,Premium,West,0.0
C0421,2026-06-30,Group C,57,76.51,2,55.33,Standard,East,0.0
C0422,2026-06-30,Group A,67,42.63,1,35.68,Basic,East,0.0
C0423,2026-06-30,Group B,33,33.93,0,35.68,Basic,South,0.0
C0424,2026-06-30,Group A,73,41.73,1,17.49,Basic,West,0.0
C0425,2026-06-30,Group A,49,68.3,0,48.42,Standard,South,0.0
C0426,2026-06-30,Group C,7,83.24,0,55.03,Premium,North,0.0
C0427,2026-06-30,Group B,47,29.8,1,25.4,Basic,West,0.0
C0428,2026-06-30,Group A,45,91.37,1,66.92,Premium,North,0.0
C0429,2026-06-30,Group C,68,43.4,1,40.27,Basic,North,0.0
C0430,2026-06-30,Group C,21,98.78,2,58.42,Premium,East,0.0
C0001,2026-07-31,Group C,58,63.54,1,48.46,Standard,West,0.0
C0002,2026-07-31,Group A,52,66.43,3,56.02,Standard,West,1.0
C0003,2026-07-31,Group A,19,95.23,1,55.35,Premium,North,0.0
C0004,2026-07-31,Group B,59,61.24,2,31.72,Standard,West,0.0
C0005,2026-07-31,Group A,37,37.09,1,38.94,Basic,West,0.0
C0006,2026-07-31,Group A,28,91.15,0,52.98,Premium,East,0.0
C0007,2026-07-31,Group C,10,66.92,1,68.86,Standard,West,0.0
C0008,2026-07-31,Group B,60,63.12,0,35.81,Standard,West,0.0
C0009,2026-07-31,Group A,23,42.74,1,34.93,Basic,South,0.0
C0010,2026-07-31,Group C,62,64.01,1,61.59,Standard,North,0.0
C0011,2026-07-31,Group A,55,33.78,2,39.15,Basic,South,0.0
C0012,2026-07-31,Group C,53,100.35,0,71.84,Premium,North,0.0
C0013,2026-07-31,Group A,59,65.89,0,49.59,Standard,North,0.0
C0014,2026-07-31,Group B,50,94.42,1,58.32,Premium,North,0.0
C0015,2026-07-31,Group A,27,65.74,0,67.38,Standard,East,0.0
C0016,2026-07-31,Group A,32,36.14,3,35.25,Basic,East,0.0
C0017,2026-07-31,Group C,74,64.37,0,63.34,Standard,East,0.0
C0018,2026-07-31,Group A,26,33.56,2,32.53,Basic,East,0.0
C0019,2026-07-31,Group A,71,95.1,0,61.94,Premium,East,0.0
C0020,2026-07-31,Group A,37,60.07,0,48.96,Standard,East,0.0
C0021,2026-07-31,Group B,44,67.03,2,44.1,Standard,North,0.0
C0022,2026-07-31,Group B,57,33.52,0,31.62,Basic,West,0.0
C0023,2026-07-31,Group C,47,90.27,3,45.56,Premium,South,0.0
C0024,2026-07-31,Group A,48,104.38,5,51.52,Premium,North,0.0
C0025,2026-07-31,Group A,63,74.29,2,48.77,Standard,West,0.0
C0026,2026-07-31,Group A,74,39.2,0,29.96,Basic,East,0.0
C0027,2026-07-31,Group B,38,63.86,2,54.26,Standard,North,0.0
C0028,2026-07-31,Group C,68,33.74,3,41.76,Basic,North,1.0
C0029,2026-07-31,Group B,30,29.86,3,50.5,Basic,North,0.0
C0030,2026-07-31,Group B,58,60.28,1,42.57,Standard,South,0.0
C0031,2026-07-31,Group A,33,62.23,0,41.34,Standard,North,0.0
C0032,2026-07-31,Group C,36,94.86,0,46.9,Premium,East,0.0
C0033,2026-07-31,Group A,41,43.76,1,55.28,Basic,East,0.0
C0034,2026-07-31,Group A,46,29.34,0,47.87,Basic,West,0.0
C0035,2026-07-31,Group A,41,69.5,0,46.84,Standard,East,0.0
C0036,2026-07-31,Group A,28,23.21,1,45.2,Basic,East,0.0
C0037,2026-07-31,Group A,43,32.74,1,24.36,Basic,East,1.0
C0038,2026-07-31,Group A,32,63.75,0,51.92,Standard,North,0.0
C0039,2026-07-31,Group A,43,32.25,1,56.1,Basic,North,0.0
C0040,2026-07-31,Group B,65,55.08,2,52.49,Standard,East,0.0
C0041,2026-07-31,Group A,75,63.65,0,48.14,Standard,North,0.0
C0042,2026-07-31,Group A,62,93.93,0,60.26,Premium,North,0.0
C0043,2026-07-31,Group C,11,61.83,0,61.47,Standard,North,0.0
C0044,2026-07-31,Group B,42,30.23,0,25.95,Basic,West,0.0
C0045,2026-07-31,Group B,56,,1,48.16,Premium,South,0.0
C0046,2026-07-31,Group A,38,103.06,0,61.61,Premium,East,0.0
C0047,2026-07-31,Group C,32,37.24,1,38.14,Basic,South,0.0
C0048,2026-07-31,Group A,19,29.13,1,55.74,Basic,North,0.0
C0049,2026-07-31,Group A,8,63.95,1,42.67,Standard,South,0.0
C0050,2026-07-31,Group C,62,37.48,1,26.26,Basic,North,0.0
C0051,2026-07-31,Group B,37,45.45,1,18.45,Basic,West,0.0
C0052,2026-07-31,Group B,70,28.59,3,19.92,Basic,North,0.0
C0053,2026-07-31,Group B,73,70.69,2,45.77,Standard,South,0.0
C0054,2026-07-31,Group B,12,63.69,1,46.89,Standard,West,0.0
C0055,2026-07-31,Group A,47,68.31,0,47.51,Standard,East,0.0
C0056,2026-07-31,Group A,36,67.45,1,51.31,Standard,South,0.0
C0057,2026-07-31,Group A,61,63.06,2,57.11,Standard,East,0.0
C0058,2026-07-31,Group A,30,60.42,0,50.72,Standard,West,0.0
C0059,2026-07-31,Group C,13,36.98,1,7.12,Basic,South,1.0
C0060,2026-07-31,Group A,20,43.75,3,53.74,Basic,East,0.0
C0061,2026-07-31,Group B,53,62.25,3,61.14,Standard,West,0.0
C0062,2026-07-31,Group B,13,59.53,3,58.14,Standard,East,0.0
C0063,2026-07-31,Group B,48,62.7,0,62.37,Standard,South,0.0
C0064,2026-07-31,Group A,15,56.9,1,39.41,Standard,North,0.0
C0065,2026-07-31,Group A,43,68.16,2,58.35,Standard,North,0.0
C0066,2026-07-31,Group C,49,62.68,0,42.41,Standard,West,0.0
C0067,2026-07-31,Group B,57,65.69,0,57.15,Standard,East,0.0
C0068,2026-07-31,Group B,73,32.49,0,35.3,Basic,South,0.0
C0069,2026-07-31,Group C,48,34.45,1,35.48,Basic,South,1.0
C0070,2026-07-31,Group B,46,58.23,1,59.2,Standard,East,0.0
C0071,2026-07-31,Group A,35,29.14,4,44.09,Basic,East,1.0
C0072,2026-07-31,Group B,13,40.78,0,43.18,Basic,East,0.0
C0073,2026-07-31,Group A,59,94.07,0,65.3,Premium,South,0.0
C0074,2026-07-31,Group B,60,,0,43.41,Basic,East,0.0
C0075,2026-07-31,Group C,33,27.36,0,53.97,Basic,South,0.0
C0076,2026-07-31,Group A,62,34.4,1,32.89,Basic,West,0.0
C0077,2026-07-31,Group A,12,36.24,1,33.59,Basic,North,0.0
C0078,2026-07-31,Group A,8,,0,45.76,Standard,North,0.0
C0079,2026-07-31,Group C,10,60.91,3,59.9,Standard,South,0.0
C0080,2026-07-31,Group A,63,69.42,0,61.5,Standard,East,0.0
C0081,2026-07-31,Group A,42,72.92,0,28.4,Standard,East,0.0
C0082,2026-07-31,Group A,29,37.33,0,37.69,Basic,South,0.0
C0083,2026-07-31,Group A,22,92.0,1,53.54,Premium,West,0.0
C0084,2026-07-31,Group A,8,30.86,1,42.41,Basic,South,0.0
C0085,2026-07-31,Group A,67,39.35,1,24.19,Basic,North,0.0
C0086,2026-07-31,Group A,8,36.95,1,33.65,Basic,North,1.0
C0087,2026-07-31,Group A,22,62.64,1,44.9,Standard,West,0.0
C0088,2026-07-31,Group A,72,65.47,1,62.5,Standard,North,0.0
C0089,2026-07-31,Group A,73,37.27,4,54.17,Basic,West,0.0
C0090,2026-07-31,Group A,29,75.36,2,48.35,Standard,South,0.0
C0091,2026-07-31,Group B,23,33.84,1,36.4,Basic,North,0.0
C0092,2026-07-31,Group A,56,65.07,1,51.48,Standard,South,0.0
C0093,2026-07-31,Group A,45,68.91,1,41.74,Standard,East,0.0
C0094,2026-07-31,Group A,22,35.01,1,38.64,Basic,South,1.0
C0095,2026-07-31,Group A,20,37.82,0,32.81,Basic,West,0.0
C0096,2026-07-31,Group A,47,66.63,0,44.33,Standard,East,0.0
C0097,2026-07-31,Group A,34,37.11,0,39.37,Basic,South,0.0
C0098,2026-07-31,Group C,44,31.48,2,50.46,Basic,East,0.0
C0099,2026-07-31,Group A,15,33.64,1,44.62,Basic,West,0.0
C0100,2026-07-31,Group A,11,90.54,1,49.19,Premium,South,0.0
C0101,2026-07-31,Group A,64,91.27,4,55.01,Premium,North,1.0
C0102,2026-07-31,Group A,70,67.76,0,40.97,Standard,South,0.0
C0103,2026-07-31,Group A,58,33.48,1,48.42,Basic,West,0.0
C0104,2026-07-31,Group B,74,90.36,1,63.81,Premium,North,0.0
C0105,2026-07-31,Group C,22,58.62,2,37.95,Standard,West,0.0
C0106,2026-07-31,Group A,65,69.77,2,45.25,Standard,East,1.0
C0107,2026-07-31,Group A,50,61.17,2,49.03,Standard,East,0.0
C0108,2026-07-31,Group A,24,35.64,2,50.25,Basic,South,0.0
C0109,2026-07-31,Group A,14,36.85,0,30.14,Basic,West,1.0
C0110,2026-07-31,Group B,40,98.87,0,66.16,Premium,North,0.0
C0111,2026-07-31,Group A,72,64.89,1,62.9,Standard,South,0.0
C0112,2026-07-31,Group A,64,,0,47.69,Basic,South,0.0
C0113,2026-07-31,Group C,52,40.95,1,52.49,Basic,South,0.0
C0114,2026-07-31,Group A,35,60.87,0,40.85,Standard,South,0.0
C0115,2026-07-31,Group A,29,34.99,3,42.41,Basic,North,0.0
C0116,2026-07-31,Group B,70,92.28,0,43.42,Premium,North,0.0
C0117,2026-07-31,Group A,49,61.08,1,26.58,Standard,North,0.0
C0118,2026-07-31,Group A,32,51.22,2,54.34,Standard,East,0.0
C0119,2026-07-31,Group A,44,53.22,1,39.4,Standard,South,0.0
C0120,2026-07-31,Group C,49,64.95,0,47.09,Standard,East,0.0
C0121,2026-07-31,Group A,53,63.16,3,38.5,Standard,East,0.0
C0122,2026-07-31,Group A,58,70.1,1,42.87,Standard,East,0.0
C0123,2026-07-31,Group A,11,33.15,1,41.12,Basic,East,0.0
C0124,2026-07-31,Group A,15,31.19,1,32.04,Basic,East,0.0
C0125,2026-07-31,Group B,50,35.23,1,43.47,Basic,East,0.0
C0126,2026-07-31,Group A,31,69.43,2,45.47,Standard,East,0.0
C0127,2026-07-31,Group B,53,34.54,3,49.9,Basic,East,1.0
C0128,2026-07-31,Group B,35,42.75,1,43.5,Basic,South,1.0
C0129,2026-07-31,Group C,47,32.15,2,52.39,Basic,North,0.0
C0130,2026-07-31,Group A,44,62.06,0,36.87,Standard,West,0.0
C0131,2026-07-31,Group C,17,34.22,1,53.27,Basic,South,0.0
C0132,2026-07-31,Group B,18,96.37,0,67.88,Premium,East,1.0
C0133,2026-07-31,Group A,21,65.08,0,58.91,Standard,North,0.0
C0134,2026-07-31,Group B,51,38.33,1,30.06,Basic,South,0.0
C0135,2026-07-31,Group C,16,69.54,2,46.25,Standard,East,1.0
C0136,2026-07-31,Group A,20,38.13,1,60.05,Basic,East,0.0
C0137,2026-07-31,Group C,8,100.37,0,49.64,Premium,East,0.0
C0138,2026-07-31,Group A,30,69.01,1,57.76,Standard,South,0.0
C0139,2026-07-31,Group B,47,63.64,2,51.06,Standard,West,0.0
C0140,2026-07-31,Group C,45,27.68,1,35.59,Basic,East,1.0
C0141,2026-07-31,Group A,43,60.26,1,50.1,Standard,West,0.0
C0142,2026-07-31,Group B,42,68.51,1,40.12,Standard,East,0.0
C0143,2026-07-31,Group A,11,99.0,0,59.26,Premium,East,0.0
C0144,2026-07-31,Group B,70,67.55,0,56.22,Standard,West,0.0
C0145,2026-07-31,Group B,13,62.03,3,41.86,Standard,North,1.0
C0146,2026-07-31,Group A,56,40.07,3,45.18,Basic,West,0.0
C0147,2026-07-31,Group A,54,35.7,3,71.48,Basic,West,0.0
C0148,2026-07-31,Group A,58,59.34,2,32.44,Standard,East,0.0
C0149,2026-07-31,Group A,17,70.69,2,53.87,Standard,East,0.0
C0150,2026-07-31,Group A,21,28.12,0,36.36,Basic,East,0.0
C0151,2026-07-31,Group A,61,92.21,1,61.85,Premium,South,0.0
C0152,2026-07-31,Group A,23,108.29,1,57.27,Premium,West,0.0
C0153,2026-07-31,Group A,40,33.69,2,53.08,Basic,North,0.0
C0154,2026-07-31,Group B,65,67.18,2,61.99,Standard,South,1.0
C0155,2026-07-31,Group B,31,41.76,4,45.59,Basic,East,1.0
C0156,2026-07-31,Group B,9,59.77,2,58.74,Standard,West,0.0
C0157,2026-07-31,Group A,42,31.17,0,24.7,Basic,South,0.0
C0158,2026-07-31,Group C,45,60.17,2,69.89,Standard,South,0.0
C0159,2026-07-31,Group B,11,64.09,1,59.98,Standard,North,0.0
C0160,2026-07-31,Group A,46,58.52,0,60.38,Standard,North,0.0
C0161,2026-07-31,Group A,24,36.39,2,26.23,Basic,North,0.0
C0162,2026-07-31,Group B,73,100.66,2,43.71,Premium,North,0.0
C0163,2026-07-31,Group A,28,37.29,1,43.77,Basic,West,0.0
C0164,2026-07-31,Group A,20,27.01,3,48.81,Basic,West,0.0
C0165,2026-07-31,Group C,18,64.26,1,58.99,Standard,West,0.0
C0166,2026-07-31,Group A,25,35.2,0,52.05,Basic,North,0.0
C0167,2026-07-31,Group A,49,92.79,0,36.15,Premium,North,0.0
C0168,2026-07-31,Group C,36,97.02,0,70.22,Premium,South,0.0
C0169,2026-07-31,Group B,44,31.62,2,45.09,Basic,East,1.0
C0170,2026-07-31,Group A,52,94.32,1,56.57,Premium,South,0.0
C0171,2026-07-31,Group C,54,32.85,0,27.72,Basic,South,0.0
C0172,2026-07-31,Group C,41,60.16,0,58.93,Standard,North,0.0
C0173,2026-07-31,Group B,47,38.88,2,13.67,Basic,East,0.0
C0174,2026-07-31,Group B,17,90.67,2,53.61,Premium,South,0.0
C0175,2026-07-31,Group A,15,28.05,1,30.44,Basic,North,0.0
C0176,2026-07-31,Group A,19,39.24,1,33.23,Basic,East,0.0
C0177,2026-07-31,Group B,25,72.98,1,51.1,Standard,West,0.0
C0178,2026-07-31,Group A,24,94.97,3,63.77,Premium,North,0.0
C0179,2026-07-31,Group B,49,94.57,0,58.04,Premium,South,0.0
C0180,2026-07-31,Group C,54,60.05,1,50.55,Standard,West,0.0
C0181,2026-07-31,Group A,21,97.99,1,54.47,Premium,East,0.0
C0182,2026-07-31,Group B,13,84.42,0,71.64,Premium,West,0.0
C0183,2026-07-31,Group A,52,66.1,0,46.83,Standard,South,0.0
C0184,2026-07-31,Group C,23,35.49,1,30.11,Basic,South,0.0
C0185,2026-07-31,Group A,20,71.06,2,50.82,Standard,East,0.0
C0186,2026-07-31,Group B,8,73.63,3,32.64,Standard,North,1.0
C0187,2026-07-31,Group B,14,32.8,1,56.36,Basic,North,0.0
C0188,2026-07-31,Group A,12,29.4,1,25.66,Basic,East,0.0
C0189,2026-07-31,Group B,44,62.49,2,54.96,Standard,East,0.0
C0190,2026-07-31,Group B,55,39.52,0,39.65,Basic,North,0.0
C0191,2026-07-31,Group B,19,96.39,1,74.84,Premium,East,1.0
C0192,2026-07-31,Group B,60,34.85,2,36.06,Basic,South,0.0
C0193,2026-07-31,Group C,57,33.7,2,41.24,Basic,East,0.0
C0194,2026-07-31,Group A,25,99.83,1,71.26,Premium,West,0.0
C0195,2026-07-31,Group A,19,34.93,1,55.41,Basic,North,0.0
C0196,2026-07-31,Group A,73,,1,42.75,Basic,West,0.0
C0197,2026-07-31,Group B,32,67.5,1,51.11,Standard,South,0.0
C0198,2026-07-31,Group B,15,92.37,0,70.08,Premium,West,0.0
C0199,2026-07-31,Group A,17,32.43,1,44.69,Basic,South,0.0
C0200,2026-07-31,Group A,31,39.92,0,39.49,Basic,South,0.0
C0201,2026-07-31,Group C,28,62.48,4,48.02,Standard,West,1.0
C0202,2026-07-31,Group A,53,90.73,3,46.41,Premium,East,0.0
C0203,2026-07-31,Group B,60,59.19,6,44.64,Standard,North,0.0
C0204,2026-07-31,Group A,25,37.42,2,44.53,Basic,East,0.0
C0205,2026-07-31,Group C,55,32.1,0,45.21,Basic,West,0.0
C0206,2026-07-31,Group A,66,34.01,0,31.75,Basic,South,0.0
C0207,2026-07-31,Group A,27,29.91,0,51.49,Basic,West,0.0
C0208,2026-07-31,Group C,66,68.53,1,54.16,Standard,East,0.0
C0209,2026-07-31,Group C,25,46.39,0,36.79,Basic,South,0.0
C0210,2026-07-31,Group A,14,71.22,0,44.71,Standard,North,0.0
C0211,2026-07-31,Group A,34,75.1,4,34.47,Standard,East,0.0
C0212,2026-07-31,Group B,35,67.85,1,47.35,Standard,North,0.0
C0213,2026-07-31,Group C,54,38.97,0,35.81,Basic,West,1.0
C0214,2026-07-31,Group A,74,100.0,2,68.05,Premium,East,0.0
C0215,2026-07-31,Group A,53,69.53,0,43.29,Standard,South,0.0
C0216,2026-07-31,Group B,46,66.02,2,60.84,Standard,North,0.0
C0217,2026-07-31,Group B,51,39.48,0,40.44,Basic,East,0.0
C0218,2026-07-31,Group B,9,33.21,3,37.16,Basic,North,0.0
C0219,2026-07-31,Group B,50,90.03,0,55.82,Premium,South,0.0
C0220,2026-07-31,Group A,57,25.43,2,50.38,Basic,West,0.0
C0221,2026-07-31,Group C,41,36.16,1,39.98,Basic,West,0.0
C0222,2026-07-31,Group C,37,66.4,3,42.18,Standard,West,0.0
C0223,2026-07-31,Group B,60,67.18,2,36.45,Standard,West,0.0
C0224,2026-07-31,Group A,33,92.66,0,51.85,Premium,East,0.0
C0225,2026-07-31,Group A,11,,1,31.09,Basic,North,0.0
C0226,2026-07-31,Group B,34,102.48,0,67.36,Premium,West,0.0
C0227,2026-07-31,Group A,43,31.15,2,44.8,Basic,West,0.0
C0228,2026-07-31,Group C,57,58.06,0,80.61,Standard,West,0.0
C0229,2026-07-31,Group A,62,65.51,1,34.14,Standard,East,0.0
C0230,2026-07-31,Group B,29,36.96,0,45.66,Basic,North,0.0
C0231,2026-07-31,Group C,23,41.49,0,36.49,Basic,East,1.0
C0232,2026-07-31,Group A,8,34.38,2,34.38,Basic,South,1.0
C0233,2026-07-31,Group A,20,97.18,0,55.72,Premium,West,0.0
C0234,2026-07-31,Group B,73,68.34,4,30.41,Standard,South,0.0
C0235,2026-07-31,Group B,59,100.63,3,57.18,Premium,South,0.0
C0236,2026-07-31,Group A,28,103.24,1,75.66,Premium,North,0.0
C0237,2026-07-31,Group B,41,68.12,5,47.3,Standard,West,0.0
C0238,2026-07-31,Group C,63,67.43,3,51.96,Standard,West,0.0
C0239,2026-07-31,Group A,39,38.46,1,52.73,Basic,North,0.0
C0240,2026-07-31,Group A,17,35.57,0,35.09,Basic,South,0.0
C0241,2026-07-31,Group A,15,100.94,0,48.91,Premium,South,0.0
C0242,2026-07-31,Group A,35,67.66,1,27.61,Standard,South,1.0
C0243,2026-07-31,Group A,70,33.04,2,48.98,Basic,West,0.0
C0244,2026-07-31,Group A,32,65.31,0,40.25,Standard,North,0.0
C0245,2026-07-31,Group B,26,73.85,0,41.22,Standard,South,0.0
C0246,2026-07-31,Group A,53,85.49,1,60.36,Premium,North,0.0
C0247,2026-07-31,Group C,71,62.73,1,40.7,Standard,North,0.0
C0248,2026-07-31,Group A,11,34.03,3,38.67,Basic,West,0.0
C0249,2026-07-31,Group A,67,,1,39.24,Basic,West,1.0
C0250,2026-07-31,Group B,9,69.08,4,38.95,Standard,North,0.0
C0251,2026-07-31,Group C,54,62.27,1,49.17,Standard,East,0.0
C0252,2026-07-31,Group A,21,90.18,3,40.12,Premium,North,0.0
C0253,2026-07-31,Group A,60,60.81,1,41.84,Standard,North,0.0
C0254,2026-07-31,Group A,33,42.58,0,60.34,Basic,South,0.0
C0255,2026-07-31,Group B,24,27.19,1,52.87,Basic,North,0.0
C0256,2026-07-31,Group A,29,59.19,3,43.02,Standard,South,1.0
C0257,2026-07-31,Group A,66,101.78,1,48.22,Premium,West,0.0
C0258,2026-07-31,Group A,66,38.17,1,33.05,Basic,East,0.0
C0259,2026-07-31,Group A,72,35.04,0,38.47,Basic,East,0.0
C0260,2026-07-31,Group C,57,55.89,2,48.94,Standard,South,0.0
C0261,2026-07-31,Group B,20,39.83,1,44.83,Basic,North,1.0
C0262,2026-07-31,Group A,29,92.2,2,58.17,Premium,North,0.0
C0263,2026-07-31,Group A,49,36.71,1,42.47,Basic,South,0.0
C0264,2026-07-31,Group A,37,42.73,1,26.9,Basic,North,0.0
C0265,2026-07-31,Group A,37,98.43,1,56.65,Premium,West,0.0
C0266,2026-07-31,Group B,25,36.94,1,44.53,Basic,West,0.0
C0267,2026-07-31,Group C,54,37.17,2,32.27,Basic,West,0.0
C0268,2026-07-31,Group C,26,37.0,2,40.62,Basic,East,1.0
C0269,2026-07-31,Group C,63,29.26,0,43.35,Basic,East,0.0
C0270,2026-07-31,Group C,15,43.22,1,42.78,Basic,East,0.0
C0271,2026-07-31,Group C,28,39.51,1,43.84,Basic,South,0.0
C0272,2026-07-31,Group A,10,30.65,0,53.11,Basic,East,0.0
C0273,2026-07-31,Group A,71,37.44,1,48.72,Basic,West,0.0
C0274,2026-07-31,Group A,71,60.6,1,34.32,Standard,West,0.0
C0275,2026-07-31,Group B,44,69.93,0,57.49,Standard,East,0.0
C0276,2026-07-31,Group A,64,26.52,3,30.76,Basic,North,1.0
C0277,2026-07-31,Group C,11,45.43,0,46.72,Basic,East,0.0
C0278,2026-07-31,Group B,14,66.63,1,64.62,Standard,South,0.0
C0279,2026-07-31,Group B,50,,0,55.05,Premium,East,0.0
C0280,2026-07-31,Group A,74,91.54,2,67.85,Premium,East,0.0
C0281,2026-07-31,Group A,32,40.8,1,34.2,Basic,West,0.0
C0282,2026-07-31,Group A,34,36.69,1,29.97,Basic,South,0.0
C0283,2026-07-31,Group C,66,41.92,1,33.41,Basic,West,0.0
C0284,2026-07-31,Group B,66,31.24,1,33.49,Basic,West,0.0
C0285,2026-07-31,Group B,9,59.1,1,63.15,Standard,South,0.0
C0286,2026-07-31,Group A,12,33.96,6,44.93,Basic,South,1.0
C0287,2026-07-31,Group A,47,36.98,0,51.76,Basic,East,0.0
C0288,2026-07-31,Group A,34,28.01,0,70.95,Basic,West,0.0
C0289,2026-07-31,Group B,58,71.64,2,40.14,Standard,East,0.0
C0290,2026-07-31,Group B,38,29.61,2,42.25,Basic,West,0.0
C0291,2026-07-31,Group A,40,89.58,1,40.38,Premium,South,0.0
C0292,2026-07-31,Group C,54,34.44,0,36.54,Basic,East,1.0
C0293,2026-07-31,Group A,13,93.99,1,60.4,Premium,South,0.0
C0294,2026-07-31,Group C,70,25.5,1,35.94,Basic,West,0.0
C0295,2026-07-31,Group A,61,101.99,2,47.66,Premium,South,0.0
C0296,2026-07-31,Group A,53,95.69,2,56.28,Premium,East,0.0
C0297,2026-07-31,Group C,10,100.93,1,49.44,Premium,North,0.0
C0298,2026-07-31,Group A,73,93.99,0,68.95,Premium,West,0.0
C0299,2026-07-31,Group A,28,68.56,1,46.55,Standard,South,1.0
C0300,2026-07-31,Group A,27,67.56,1,72.98,Standard,South,0.0
C0301,2026-07-31,Group A,56,72.57,0,37.52,Standard,East,0.0
C0302,2026-07-31,Group B,53,38.49,2,42.68,Basic,South,0.0
C0303,2026-07-31,Group C,21,59.88,1,42.28,Standard,West,0.0
C0304,2026-07-31,Group C,55,64.85,2,60.77,Standard,East,0.0
C0305,2026-07-31,Group A,57,100.86,0,67.58,Premium,East,0.0
C0306,2026-07-31,Group B,57,65.55,2,48.46,Standard,North,0.0
C0307,2026-07-31,Group A,34,43.76,2,30.99,Basic,North,0.0
C0308,2026-07-31,Group A,36,59.77,1,50.45,Standard,South,0.0
C0309,2026-07-31,Group A,23,29.52,1,33.85,Basic,West,1.0
C0310,2026-07-31,Group C,36,33.48,0,50.77,Basic,West,0.0
C0311,2026-07-31,Group C,40,59.63,0,59.02,Standard,East,0.0
C0312,2026-07-31,Group B,12,34.54,2,41.23,Basic,East,0.0
C0313,2026-07-31,Group A,42,33.29,4,23.87,Basic,South,0.0
C0314,2026-07-31,Group A,11,27.43,1,32.71,Basic,North,0.0
C0315,2026-07-31,Group B,27,28.61,1,47.23,Basic,North,0.0
C0316,2026-07-31,Group B,63,31.6,1,46.09,Basic,South,0.0
C0317,2026-07-31,Group A,68,32.34,2,52.11,Basic,South,0.0
C0318,2026-07-31,Group A,23,68.45,3,33.15,Standard,North,0.0
C0319,2026-07-31,Group A,16,34.46,1,43.01,Basic,South,0.0
C0320,2026-07-31,Group C,49,87.28,3,66.96,Premium,North,0.0
C0321,2026-07-31,Group A,23,105.03,1,40.11,Premium,East,0.0
C0322,2026-07-31,Group C,12,66.35,1,49.98,Standard,West,0.0
C0323,2026-07-31,Group A,27,42.29,3,43.4,Basic,East,1.0
C0324,2026-07-31,Group B,48,66.19,1,44.71,Standard,South,0.0
C0325,2026-07-31,Group A,64,96.79,0,42.25,Premium,South,0.0
C0326,2026-07-31,Group A,53,65.16,0,40.24,Standard,South,0.0
C0327,2026-07-31,Group A,74,89.38,0,53.04,Premium,North,0.0
C0328,2026-07-31,Group A,27,62.71,2,38.48,Standard,East,0.0
C0329,2026-07-31,Group C,21,61.95,2,42.09,Standard,East,1.0
C0330,2026-07-31,Group A,55,31.57,3,37.06,Basic,North,0.0
C0331,2026-07-31,Group B,36,67.75,1,54.04,Standard,South,0.0
C0332,2026-07-31,Group A,68,36.55,3,39.81,Basic,South,0.0
C0333,2026-07-31,Group A,38,66.71,2,47.94,Standard,North,0.0
C0334,2026-07-31,Group B,41,88.44,0,61.28,Premium,East,0.0
C0335,2026-07-31,Group A,34,31.03,1,47.94,Basic,East,0.0
C0336,2026-07-31,Group C,12,59.03,2,24.21,Standard,East,1.0
C0337,2026-07-31,Group B,18,33.69,1,38.22,Basic,East,0.0
C0338,2026-07-31,Group B,65,57.18,0,49.46,Standard,West,0.0
C0339,2026-07-31,Group A,45,32.36,1,46.78,Basic,West,0.0
C0340,2026-07-31,Group A,9,90.15,4,73.17,Premium,East,0.0
C0341,2026-07-31,Group C,22,34.01,0,22.64,Basic,West,0.0
C0342,2026-07-31,Group A,36,89.71,2,43.0,Premium,South,0.0
C0343,2026-07-31,Group A,35,99.37,0,55.42,Premium,West,0.0
C0344,2026-07-31,Group A,55,67.22,3,41.2,Standard,West,0.0
C0345,2026-07-31,Group B,23,66.67,1,47.36,Standard,East,0.0
C0346,2026-07-31,Group B,71,65.69,1,47.75,Standard,West,0.0
C0347,2026-07-31,Group B,70,90.95,3,65.7,Premium,East,0.0
C0348,2026-07-31,Group B,47,31.35,0,43.67,Basic,East,0.0
C0349,2026-07-31,Group A,30,70.43,2,57.93,Standard,South,0.0
C0350,2026-07-31,Group C,51,31.86,1,39.59,Basic,West,0.0
C0351,2026-07-31,Group A,30,59.39,0,23.36,Standard,East,0.0
C0352,2026-07-31,Group B,43,38.0,0,47.78,Basic,West,0.0
C0353,2026-07-31,Group A,72,68.28,0,58.12,Standard,South,0.0
C0354,2026-07-31,Group C,36,72.43,2,53.38,Standard,West,0.0
C0355,2026-07-31,Group A,42,56.09,2,35.98,Standard,North,0.0
C0356,2026-07-31,Group A,55,72.42,1,60.33,Standard,North,0.0
C0357,2026-07-31,Group A,22,69.37,0,60.43,Standard,East,0.0
C0358,2026-07-31,Group A,16,69.49,1,56.06,Standard,East,0.0
C0359,2026-07-31,Group A,29,61.96,0,36.41,Standard,West,0.0
C0360,2026-07-31,Group B,44,58.9,1,47.56,Standard,South,0.0
C0361,2026-07-31,Group A,71,96.61,1,60.14,Premium,East,0.0
C0362,2026-07-31,Group C,56,33.55,2,44.43,Basic,East,0.0
C0363,2026-07-31,Group A,49,41.69,3,30.14,Basic,West,0.0
C0364,2026-07-31,Group B,69,34.16,1,50.56,Basic,East,0.0
C0365,2026-07-31,Group A,13,63.75,2,56.42,Standard,South,0.0
C0366,2026-07-31,Group B,13,37.1,1,44.74,Basic,West,1.0
C0367,2026-07-31,Group B,37,68.61,0,57.68,Standard,North,0.0
C0368,2026-07-31,Group A,69,70.65,2,54.08,Standard,West,0.0
C0369,2026-07-31,Group C,60,35.19,2,44.26,Basic,North,0.0
C0370,2026-07-31,Group A,59,91.89,1,56.07,Premium,South,0.0
C0371,2026-07-31,Group A,70,61.97,1,46.09,Standard,West,0.0
C0372,2026-07-31,Group B,64,31.9,2,43.23,Basic,East,0.0
C0373,2026-07-31,Group C,19,31.17,1,52.87,Basic,West,0.0
C0374,2026-07-31,Group A,8,32.01,0,20.5,Basic,East,0.0
C0375,2026-07-31,Group A,62,33.12,1,25.3,Basic,East,1.0
C0376,2026-07-31,Group C,45,29.64,0,21.4,Basic,South,0.0
C0377,2026-07-31,Group B,45,96.28,0,53.86,Premium,North,0.0
C0378,2026-07-31,Group C,66,68.7,0,39.93,Standard,North,0.0
C0379,2026-07-31,Group B,9,32.4,1,39.44,Basic,South,0.0
C0380,2026-07-31,Group B,12,72.33,2,55.4,Standard,North,0.0
C0381,2026-07-31,Group A,14,71.75,1,36.16,Standard,East,0.0
C0382,2026-07-31,Group C,52,92.01,3,60.91,Premium,West,0.0
C0383,2026-07-31,Group A,17,75.97,2,39.96,Standard,West,0.0
C0384,2026-07-31,Group B,53,71.78,0,64.51,Standard,South,0.0
C0385,2026-07-31,Group A,33,28.13,2,49.84,Basic,West,1.0
C0386,2026-07-31,Group B,52,89.12,3,55.93,Premium,West,0.0
C0387,2026-07-31,Group B,50,62.51,0,45.57,Standard,West,0.0
C0388,2026-07-31,Group A,25,91.17,1,63.08,Premium,South,0.0
C0389,2026-07-31,Group C,23,39.78,1,44.71,Basic,South,0.0
C0390,2026-07-31,Group A,30,101.94,0,46.21,Premium,West,0.0
C0391,2026-07-31,Group B,55,68.8,0,50.97,Standard,North,0.0
C0392,2026-07-31,Group A,31,35.74,2,35.97,Basic,South,0.0
C0393,2026-07-31,Group A,66,68.81,4,62.51,Standard,North,0.0
C0394,2026-07-31,Group A,42,61.21,0,66.31,Standard,West,0.0
C0395,2026-07-31,Group A,20,37.42,0,52.39,Basic,East,0.0
C0396,2026-07-31,Group A,57,72.15,1,57.68,Standard,North,0.0
C0397,2026-07-31,Group B,64,102.38,1,52.16,Premium,North,0.0
C0398,2026-07-31,Group B,11,33.97,0,49.7,Basic,East,0.0
C0399,2026-07-31,Group B,41,61.09,1,52.22,Standard,East,0.0
C0400,2026-07-31,Group A,50,75.48,1,40.93,Standard,West,0.0
C0401,2026-07-31,Group A,45,,0,45.47,Basic,South,0.0
C0402,2026-07-31,Group A,41,99.11,1,47.15,Premium,West,0.0
C0403,2026-07-31,Group B,34,65.36,0,38.82,Standard,South,0.0
C0404,2026-07-31,Group C,9,29.73,1,32.79,Basic,West,0.0
C0405,2026-07-31,Group A,35,104.85,0,50.52,Premium,North,0.0
C0406,2026-07-31,Group B,44,91.49,0,37.93,Premium,North,0.0
C0407,2026-07-31,Group A,28,40.99,5,51.07,Basic,North,0.0
C0408,2026-07-31,Group A,25,103.92,0,73.45,Premium,South,0.0
C0409,2026-07-31,Group A,61,37.03,1,48.69,Basic,West,0.0
C0410,2026-07-31,Group A,53,96.96,0,49.09,Premium,North,0.0
C0411,2026-07-31,Group B,19,61.97,2,56.92,Standard,South,0.0
C0412,2026-07-31,Group C,65,65.94,0,69.7,Standard,North,0.0
C0413,2026-07-31,Group A,40,35.2,2,26.52,Basic,West,0.0
C0414,2026-07-31,Group B,23,92.13,3,55.05,Premium,East,0.0
C0415,2026-07-31,Group B,15,26.29,2,31.4,Basic,West,1.0
C0416,2026-07-31,Group C,64,33.95,2,44.21,Basic,East,0.0
C0417,2026-07-31,Group B,19,28.9,4,40.65,Basic,East,0.0
C0418,2026-07-31,Group A,8,68.11,3,44.39,Standard,West,0.0
C0419,2026-07-31,Group B,8,25.09,1,24.65,Basic,North,0.0
C0420,2026-07-31,Group A,48,94.41,0,70.59,Premium,West,0.0
C0421,2026-07-31,Group C,64,60.84,1,54.33,Standard,East,0.0
C0422,2026-07-31,Group A,68,40.84,3,37.53,Basic,East,0.0
C0423,2026-07-31,Group B,47,35.29,2,28.93,Basic,South,0.0
C0424,2026-07-31,Group A,9,31.48,1,22.73,Basic,West,0.0
C0425,2026-07-31,Group A,51,60.35,0,46.86,Standard,South,0.0
C0426,2026-07-31,Group C,71,91.66,1,49.37,Premium,North,0.0
C0427,2026-07-31,Group B,29,28.14,0,34.31,Basic,West,0.0
C0428,2026-07-31,Group A,47,94.46,0,66.41,Premium,North,0.0
C0429,2026-07-31,Group C,49,44.07,1,35.09,Basic,North,0.0
C0430,2026-07-31,Group C,35,104.33,0,40.87,Premium,East,0.0
C0001,2026-08-31,Group C,34,65.85,0,52.7,Standard,West,
C0002,2026-08-31,Group A,41,63.93,2,59.8,Standard,West,
C0003,2026-08-31,Group A,59,88.43,1,58.76,Premium,North,
C0004,2026-08-31,Group B,26,69.16,4,34.88,Standard,West,
C0005,2026-08-31,Group A,25,32.15,1,45.32,Basic,West,
C0006,2026-08-31,Group A,51,94.61,1,61.72,Premium,East,
C0007,2026-08-31,Group C,68,58.36,1,65.16,Standard,West,
C0008,2026-08-31,Group B,19,64.63,1,44.29,Standard,West,
C0009,2026-08-31,Group A,10,46.09,0,33.52,Basic,South,
C0010,2026-08-31,Group C,71,65.49,3,62.89,Standard,North,
C0011,2026-08-31,Group A,36,27.19,4,44.94,Basic,South,
C0012,2026-08-31,Group C,62,99.53,1,67.62,Premium,North,
C0013,2026-08-31,Group A,43,70.5,1,53.98,Standard,North,
C0014,2026-08-31,Group B,64,96.16,2,57.63,Premium,North,
C0015,2026-08-31,Group A,62,59.0,3,49.62,Standard,East,
C0016,2026-08-31,Group A,62,34.72,2,35.87,Basic,East,
C0017,2026-08-31,Group C,28,63.74,3,71.7,Standard,East,
C0018,2026-08-31,Group A,50,37.22,3,36.88,Basic,East,
C0019,2026-08-31,Group A,59,93.91,0,61.09,Premium,East,
C0020,2026-08-31,Group A,59,66.69,1,55.19,Standard,East,
C0021,2026-08-31,Group B,41,60.08,1,47.9,Standard,North,
C0022,2026-08-31,Group B,17,37.55,1,48.65,Basic,West,
C0023,2026-08-31,Group C,56,86.95,3,58.95,Premium,South,
C0024,2026-08-31,Group A,53,99.83,0,49.44,Premium,North,
C0025,2026-08-31,Group A,52,65.45,0,54.52,Standard,West,
C0026,2026-08-31,Group A,63,29.76,0,35.23,Basic,East,
C0027,2026-08-31,Group B,72,69.14,1,46.09,Standard,North,
C0028,2026-08-31,Group C,29,35.33,3,35.7,Basic,North,
C0029,2026-08-31,Group B,49,36.66,3,51.0,Basic,North,
C0030,2026-08-31,Group B,34,61.53,2,48.04,Standard,South,
C0031,2026-08-31,Group A,70,66.2,0,41.98,Standard,North,
C0032,2026-08-31,Group C,10,95.75,0,49.8,Premium,East,
C0033,2026-08-31,Group A,14,30.48,3,51.73,Basic,East,
C0034,2026-08-31,Group A,26,29.86,2,44.92,Basic,West,
C0035,2026-08-31,Group A,14,57.23,0,39.54,Standard,East,
C0036,2026-08-31,Group A,29,24.35,0,55.34,Basic,East,
C0037,2026-08-31,Group A,37,36.57,2,23.15,Basic,East,
C0038,2026-08-31,Group A,25,73.62,1,54.78,Standard,North,
C0039,2026-08-31,Group A,52,37.7,1,67.73,Basic,North,
C0040,2026-08-31,Group B,56,57.77,0,44.54,Standard,East,
C0041,2026-08-31,Group A,48,69.0,3,50.32,Standard,North,
C0042,2026-08-31,Group A,30,90.76,1,65.43,Premium,North,
C0043,2026-08-31,Group C,54,69.26,0,54.1,Standard,North,
C0044,2026-08-31,Group B,42,45.86,2,29.08,Basic,West,
C0045,2026-08-31,Group B,16,96.41,2,50.06,Premium,South,
C0046,2026-08-31,Group A,72,88.19,1,64.62,Premium,East,
C0047,2026-08-31,Group C,62,36.9,0,37.23,Basic,South,
C0048,2026-08-31,Group A,25,36.07,2,57.94,Basic,North,
C0049,2026-08-31,Group A,39,54.9,2,39.72,Standard,South,
C0050,2026-08-31,Group C,41,30.64,1,20.16,Basic,North,
C0051,2026-08-31,Group B,14,30.96,3,28.46,Basic,West,
C0052,2026-08-31,Group B,58,40.91,0,23.71,Basic,North,
C0053,2026-08-31,Group B,47,59.96,0,48.86,Standard,South,
C0054,2026-08-31,Group B,47,,1,55.12,Standard,West,
C0055,2026-08-31,Group A,22,59.43,1,53.26,Standard,East,
C0056,2026-08-31,Group A,13,61.15,0,60.42,Standard,South,
C0057,2026-08-31,Group A,45,64.49,0,59.09,Standard,East,
C0058,2026-08-31,Group A,11,61.3,1,54.06,Standard,West,
C0059,2026-08-31,Group C,49,35.16,5,27.23,Basic,South,
C0060,2026-08-31,Group A,67,29.28,0,47.41,Basic,East,
C0061,2026-08-31,Group B,30,63.2,0,54.23,Standard,West,
C0062,2026-08-31,Group B,36,69.59,1,48.22,Standard,East,
C0063,2026-08-31,Group B,48,63.47,0,70.65,Standard,South,
C0064,2026-08-31,Group A,39,71.25,1,31.59,Standard,North,
C0065,2026-08-31,Group A,47,58.64,1,67.78,Standard,North,
C0066,2026-08-31,Group C,25,72.47,2,36.35,Standard,West,
C0067,2026-08-31,Group B,41,67.53,0,59.07,Standard,East,
C0068,2026-08-31,Group B,71,35.89,2,35.03,Basic,South,
C0069,2026-08-31,Group C,51,35.69,1,39.71,Basic,South,
C0070,2026-08-31,Group B,69,64.42,2,64.82,Standard,East,
C0071,2026-08-31,Group A,14,39.31,3,52.43,Basic,East,
C0072,2026-08-31,Group B,57,37.4,0,51.74,Basic,East,
C0073,2026-08-31,Group A,50,94.65,1,56.85,Premium,South,
C0074,2026-08-31,Group B,57,32.63,1,40.71,Basic,East,
C0075,2026-08-31,Group C,55,35.21,1,50.29,Basic,South,
C0076,2026-08-31,Group A,54,35.29,1,47.73,Basic,West,
C0077,2026-08-31,Group A,54,30.88,1,32.54,Basic,North,
C0078,2026-08-31,Group A,54,61.51,2,45.72,Standard,North,
C0079,2026-08-31,Group C,51,67.68,1,50.14,Standard,South,
C0080,2026-08-31,Group A,30,66.27,0,46.98,Standard,East,
C0081,2026-08-31,Group A,76,71.04,1,43.31,Standard,East,
C0082,2026-08-31,Group A,23,35.49,1,39.46,Basic,South,
C0083,2026-08-31,Group A,41,102.01,0,50.73,Premium,West,
C0084,2026-08-31,Group A,47,32.99,1,39.98,Basic,South,
C0085,2026-08-31,Group A,28,36.12,2,31.7,Basic,North,
C0086,2026-08-31,Group A,52,42.36,1,42.66,Basic,North,
C0087,2026-08-31,Group A,67,68.4,2,46.24,Standard,West,
C0088,2026-08-31,Group A,22,54.02,0,55.08,Standard,North,
C0089,2026-08-31,Group A,40,35.7,1,58.06,Basic,West,
C0090,2026-08-31,Group A,9,62.57,3,55.61,Standard,South,
C0091,2026-08-31,Group B,39,35.7,1,50.79,Basic,North,
C0092,2026-08-31,Group A,30,57.28,0,49.95,Standard,South,
C0093,2026-08-31,Group A,46,67.22,0,45.4,Standard,East,
C0094,2026-08-31,Group A,50,34.89,4,35.54,Basic,South,
C0095,2026-08-31,Group A,64,27.28,0,28.03,Basic,West,
C0096,2026-08-31,Group A,63,65.15,2,48.52,Standard,East,
C0097,2026-08-31,Group A,40,31.59,1,33.8,Basic,South,
C0098,2026-08-31,Group C,11,40.46,1,44.3,Basic,East,
C0099,2026-08-31,Group A,32,37.24,2,56.69,Basic,West,
C0100,2026-08-31,Group A,46,95.76,2,47.29,Premium,South,
C0101,2026-08-31,Group A,31,,0,57.94,Premium,North,
C0102,2026-08-31,Group A,20,59.26,0,51.27,Standard,South,
C0103,2026-08-31,Group A,38,39.43,0,42.64,Basic,West,
C0104,2026-08-31,Group B,29,86.76,1,59.39,Premium,North,
C0105,2026-08-31,Group C,43,66.01,2,45.41,Standard,West,
C0106,2026-08-31,Group A,32,66.07,2,31.72,Standard,East,
C0107,2026-08-31,Group A,21,70.49,0,45.93,Standard,East,
C0108,2026-08-31,Group A,56,30.27,1,57.35,Basic,South,
C0109,2026-08-31,Group A,58,47.12,1,25.37,Basic,West,
C0110,2026-08-31,Group B,13,95.59,1,76.56,Premium,North,
C0111,2026-08-31,Group A,58,65.19,1,60.27,Standard,South,
C0112,2026-08-31,Group A,14,39.67,3,44.67,Basic,South,
C0113,2026-08-31,Group C,75,42.34,2,48.71,Basic,South,
C0114,2026-08-31,Group A,28,64.46,1,39.66,Standard,South,
C0115,2026-08-31,Group A,67,33.93,1,47.99,Basic,North,
C0116,2026-08-31,Group B,72,94.52,4,46.61,Premium,North,
C0117,2026-08-31,Group A,29,68.93,3,42.13,Standard,North,
C0118,2026-08-31,Group A,57,65.01,0,66.16,Standard,East,
C0119,2026-08-31,Group A,56,64.67,0,37.2,Standard,South,
C0120,2026-08-31,Group C,70,63.22,4,40.82,Standard,East,
C0121,2026-08-31,Group A,39,59.01,1,37.3,Standard,East,
C0122,2026-08-31,Group A,47,63.24,0,48.3,Standard,East,
C0123,2026-08-31,Group A,29,30.8,0,40.18,Basic,East,
C0124,2026-08-31,Group A,52,42.09,0,38.12,Basic,East,
C0125,2026-08-31,Group B,21,37.38,0,51.34,Basic,East,
C0126,2026-08-31,Group A,30,67.86,0,55.98,Standard,East,
C0127,2026-08-31,Group B,51,31.46,5,49.1,Basic,East,
C0128,2026-08-31,Group B,60,29.53,1,39.22,Basic,South,
C0129,2026-08-31,Group C,60,43.61,2,66.33,Basic,North,
C0130,2026-08-31,Group A,45,51.61,0,37.05,Standard,West,
C0131,2026-08-31,Group C,31,33.95,0,38.37,Basic,South,
C0132,2026-08-31,Group B,64,87.3,1,75.62,Premium,East,
C0133,2026-08-31,Group A,9,58.17,2,70.92,Standard,North,
C0134,2026-08-31,Group B,68,34.68,4,33.89,Basic,South,
C0135,2026-08-31,Group C,36,65.27,2,43.23,Standard,East,
C0136,2026-08-31,Group A,57,32.1,2,52.7,Basic,East,
C0137,2026-08-31,Group C,53,95.54,1,68.78,Premium,East,
C0138,2026-08-31,Group A,53,52.46,2,45.74,Standard,South,
C0139,2026-08-31,Group B,16,68.2,0,42.82,Standard,West,
C0140,2026-08-31,Group C,73,41.73,2,49.82,Basic,East,
C0141,2026-08-31,Group A,70,58.71,2,55.8,Standard,West,
C0142,2026-08-31,Group B,24,59.78,4,52.83,Standard,East,
C0143,2026-08-31,Group A,61,96.16,1,54.64,Premium,East,
C0144,2026-08-31,Group B,30,66.59,2,54.51,Standard,West,
C0145,2026-08-31,Group B,60,68.44,1,47.65,Standard,North,
C0146,2026-08-31,Group A,53,32.85,1,41.2,Basic,West,
C0147,2026-08-31,Group A,17,,2,60.1,Basic,West,
C0148,2026-08-31,Group A,44,,0,45.21,Standard,East,
C0149,2026-08-31,Group A,41,71.55,2,46.1,Standard,East,
C0150,2026-08-31,Group A,52,19.49,1,35.56,Basic,East,
C0151,2026-08-31,Group A,64,104.63,2,63.82,Premium,South,
C0152,2026-08-31,Group A,40,89.52,1,70.33,Premium,West,
C0153,2026-08-31,Group A,30,33.18,0,46.06,Basic,North,
C0154,2026-08-31,Group B,32,64.96,0,61.41,Standard,South,
C0155,2026-08-31,Group B,37,33.84,2,40.52,Basic,East,
C0156,2026-08-31,Group B,27,73.55,2,57.22,Standard,West,
C0157,2026-08-31,Group A,62,35.13,2,23.82,Basic,South,
C0158,2026-08-31,Group C,33,61.8,0,63.5,Standard,South,
C0159,2026-08-31,Group B,57,66.76,1,52.95,Standard,North,
C0160,2026-08-31,Group A,14,62.83,3,60.89,Standard,North,
C0161,2026-08-31,Group A,55,37.27,1,27.87,Basic,North,
C0162,2026-08-31,Group B,39,90.39,0,41.04,Premium,North,
C0163,2026-08-31,Group A,51,37.46,1,42.96,Basic,West,
C0164,2026-08-31,Group A,19,35.41,0,50.76,Basic,West,
C0165,2026-08-31,Group C,19,68.54,0,51.62,Standard,West,
C0166,2026-08-31,Group A,55,41.38,1,55.5,Basic,North,
C0167,2026-08-31,Group A,24,98.96,2,40.71,Premium,North,
C0168,2026-08-31,Group C,60,97.97,1,58.47,Premium,South,
C0169,2026-08-31,Group B,27,31.72,4,46.47,Basic,East,
C0170,2026-08-31,Group A,14,,1,55.49,Premium,South,
C0171,2026-08-31,Group C,48,30.4,2,43.58,Basic,South,
C0172,2026-08-31,Group C,33,70.33,0,61.98,Standard,North,
C0173,2026-08-31,Group B,40,36.61,3,17.01,Basic,East,
C0174,2026-08-31,Group B,74,96.12,0,72.44,Premium,South,
C0175,2026-08-31,Group A,51,48.19,0,20.29,Basic,North,
C0176,2026-08-31,Group A,65,40.73,0,38.48,Basic,East,
C0177,2026-08-31,Group B,60,66.19,0,49.43,Standard,West,
C0178,2026-08-31,Group A,42,94.34,1,78.44,Premium,North,
C0179,2026-08-31,Group B,62,85.12,0,62.76,Premium,South,
C0180,2026-08-31,Group C,41,71.53,3,51.33,Standard,West,
C0181,2026-08-31,Group A,14,88.68,0,63.38,Premium,East,
C0182,2026-08-31,Group B,60,95.52,0,72.26,Premium,West,
C0183,2026-08-31,Group A,37,67.38,1,61.42,Standard,South,
C0184,2026-08-31,Group C,43,31.47,2,40.84,Basic,South,
C0185,2026-08-31,Group A,59,65.65,3,54.55,Standard,East,
C0186,2026-08-31,Group B,45,58.72,3,40.2,Standard,North,
C0187,2026-08-31,Group B,67,34.07,2,48.08,Basic,North,
C0188,2026-08-31,Group A,41,33.54,1,17.54,Basic,East,
C0189,2026-08-31,Group B,12,62.97,2,56.52,Standard,East,
C0190,2026-08-31,Group B,13,33.92,4,53.03,Basic,North,
C0191,2026-08-31,Group B,75,94.79,1,78.09,Premium,East,
C0192,2026-08-31,Group B,71,31.33,2,40.52,Basic,South,
C0193,2026-08-31,Group C,49,34.57,1,49.23,Basic,East,
C0194,2026-08-31,Group A,11,103.32,3,72.69,Premium,West,
C0195,2026-08-31,Group A,58,41.48,2,60.6,Basic,North,
C0196,2026-08-31,Group A,65,34.68,4,34.76,Basic,West,
C0197,2026-08-31,Group B,22,66.18,0,48.21,Standard,South,
C0198,2026-08-31,Group B,58,98.35,0,55.5,Premium,West,
C0199,2026-08-31,Group A,54,43.68,1,45.08,Basic,South,
C0200,2026-08-31,Group A,71,30.01,2,40.89,Basic,South,
C0201,2026-08-31,Group C,20,67.18,2,61.23,Standard,West,
C0202,2026-08-31,Group A,16,94.97,1,50.52,Premium,East,
C0203,2026-08-31,Group B,46,62.87,0,47.24,Standard,North,
C0204,2026-08-31,Group A,57,32.56,0,42.52,Basic,East,
C0205,2026-08-31,Group C,48,30.53,1,38.54,Basic,West,
C0206,2026-08-31,Group A,16,40.97,0,29.47,Basic,South,
C0207,2026-08-31,Group A,66,35.25,2,54.23,Basic,West,
C0208,2026-08-31,Group C,65,64.84,1,58.48,Standard,East,
C0209,2026-08-31,Group C,45,41.23,2,33.34,Basic,South,
C0210,2026-08-31,Group A,29,70.62,3,50.61,Standard,North,
C0211,2026-08-31,Group A,53,63.9,0,35.86,Standard,East,
C0212,2026-08-31,Group B,70,68.25,1,36.39,Standard,North,
C0213,2026-08-31,Group C,73,33.93,1,40.31,Basic,West,
C0214,2026-08-31,Group A,69,87.72,3,68.59,Premium,East,
C0215,2026-08-31,Group A,45,67.67,2,36.82,Standard,South,
C0216,2026-08-31,Group B,50,65.14,0,63.72,Standard,North,
C0217,2026-08-31,Group B,73,31.77,0,35.17,Basic,East,
C0218,2026-08-31,Group B,43,44.7,1,44.09,Basic,North,
C0219,2026-08-31,Group B,28,105.02,3,55.42,Premium,South,
C0220,2026-08-31,Group A,67,33.58,1,58.19,Basic,West,
C0221,2026-08-31,Group C,69,37.51,0,33.15,Basic,West,
C0222,2026-08-31,Group C,15,66.93,1,43.52,Standard,West,
C0223,2026-08-31,Group B,70,62.85,1,34.37,Standard,West,
C0224,2026-08-31,Group A,21,91.06,2,54.08,Premium,East,
C0225,2026-08-31,Group A,14,37.81,1,31.2,Basic,North,
C0226,2026-08-31,Group B,40,99.96,1,69.58,Premium,West,
C0227,2026-08-31,Group A,67,35.93,4,38.5,Basic,West,
C0228,2026-08-31,Group C,18,70.35,2,85.76,Standard,West,
C0229,2026-08-31,Group A,49,74.2,0,38.24,Standard,East,
C0230,2026-08-31,Group B,76,37.79,1,35.3,Basic,North,
C0231,2026-08-31,Group C,10,42.97,3,33.45,Basic,East,
C0232,2026-08-31,Group A,71,37.84,2,44.0,Basic,South,
C0233,2026-08-31,Group A,13,103.44,0,57.5,Premium,West,
C0234,2026-08-31,Group B,70,66.6,2,26.92,Standard,South,
C0235,2026-08-31,Group B,71,95.03,2,63.73,Premium,South,
C0236,2026-08-31,Group A,63,96.32,2,68.52,Premium,North,
C0237,2026-08-31,Group B,14,63.2,0,46.53,Standard,West,
C0238,2026-08-31,Group C,34,64.01,2,55.81,Standard,West,
C0239,2026-08-31,Group A,16,30.65,2,63.15,Basic,North,
C0240,2026-08-31,Group A,23,36.69,1,43.34,Basic,South,
C0241,2026-08-31,Group A,25,97.15,4,51.87,Premium,South,
C0242,2026-08-31,Group A,60,66.83,2,33.79,Standard,South,
C0243,2026-08-31,Group A,46,39.47,1,47.09,Basic,West,
C0244,2026-08-31,Group A,59,69.07,3,52.78,Standard,North,
C0245,2026-08-31,Group B,56,67.65,0,41.64,Standard,South,
C0246,2026-08-31,Group A,31,98.21,2,56.08,Premium,North,
C0247,2026-08-31,Group C,36,64.71,1,50.2,Standard,North,
C0248,2026-08-31,Group A,20,29.3,3,37.6,Basic,West,
C0249,2026-08-31,Group A,14,34.41,0,42.07,Basic,West,
C0250,2026-08-31,Group B,14,59.69,1,42.67,Standard,North,
C0251,2026-08-31,Group C,29,70.87,0,59.01,Standard,East,
C0252,2026-08-31,Group A,31,92.64,0,64.2,Premium,North,
C0253,2026-08-31,Group A,22,,4,52.39,Standard,North,
C0254,2026-08-31,Group A,19,36.42,2,59.97,Basic,South,
C0255,2026-08-31,Group B,17,41.52,1,52.03,Basic,North,
C0256,2026-08-31,Group A,76,71.15,1,51.68,Standard,South,
C0257,2026-08-31,Group A,70,103.98,0,55.6,Premium,West,
C0258,2026-08-31,Group A,44,32.78,2,45.6,Basic,East,
C0259,2026-08-31,Group A,20,35.51,2,42.82,Basic,East,
C0260,2026-08-31,Group C,41,62.6,1,52.67,Standard,South,
C0261,2026-08-31,Group B,54,27.68,1,34.9,Basic,North,
C0262,2026-08-31,Group A,59,91.41,3,52.55,Premium,North,
C0263,2026-08-31,Group A,50,37.38,2,31.64,Basic,South,
C0264,2026-08-31,Group A,53,40.03,1,25.48,Basic,North,
C0265,2026-08-31,Group A,61,95.96,1,51.11,Premium,West,
C0266,2026-08-31,Group B,14,33.72,0,56.92,Basic,West,
C0267,2026-08-31,Group C,29,38.45,1,26.53,Basic,West,
C0268,2026-08-31,Group C,19,37.45,1,55.91,Basic,East,
C0269,2026-08-31,Group C,61,37.15,3,34.6,Basic,East,
C0270,2026-08-31,Group C,48,43.87,0,45.73,Basic,East,
C0271,2026-08-31,Group C,27,40.36,1,37.01,Basic,South,
C0272,2026-08-31,Group A,50,28.24,2,55.61,Basic,East,
C0273,2026-08-31,Group A,37,43.85,3,52.67,Basic,West,
C0274,2026-08-31,Group A,24,71.25,2,41.27,Standard,West,
C0275,2026-08-31,Group B,75,67.59,2,55.01,Standard,East,
C0276,2026-08-31,Group A,75,32.55,3,34.82,Basic,North,
C0277,2026-08-31,Group C,16,26.21,2,39.46,Basic,East,
C0278,2026-08-31,Group B,66,50.23,3,58.17,Standard,South,
C0279,2026-08-31,Group B,52,93.31,1,67.1,Premium,East,
C0280,2026-08-31,Group A,73,91.63,1,70.39,Premium,East,
C0281,2026-08-31,Group A,53,,1,38.76,Basic,West,
C0282,2026-08-31,Group A,31,41.85,2,37.68,Basic,South,
C0283,2026-08-31,Group C,25,33.25,1,38.76,Basic,West,
C0284,2026-08-31,Group B,10,32.96,3,31.74,Basic,West,
C0285,2026-08-31,Group B,56,64.51,2,54.55,Standard,South,
C0286,2026-08-31,Group A,13,39.96,1,51.9,Basic,South,
C0287,2026-08-31,Group A,30,39.37,1,57.22,Basic,East,
C0288,2026-08-31,Group A,54,37.2,3,53.37,Basic,West,
C0289,2026-08-31,Group B,21,62.83,1,38.13,Standard,East,
C0290,2026-08-31,Group B,66,,2,45.46,Basic,West,
C0291,2026-08-31,Group A,40,93.8,1,60.76,Premium,South,
C0292,2026-08-31,Group C,14,30.74,0,27.7,Basic,East,
C0293,2026-08-31,Group A,32,100.08,2,46.74,Premium,South,
C0294,2026-08-31,Group C,10,29.98,2,41.32,Basic,West,
C0295,2026-08-31,Group A,54,100.06,2,47.51,Premium,South,
C0296,2026-08-31,Group A,27,92.63,2,58.49,Premium,East,
C0297,2026-08-31,Group C,33,94.45,0,48.61,Premium,North,
C0298,2026-08-31,Group A,76,99.98,2,76.55,Premium,West,
C0299,2026-08-31,Group A,36,52.76,2,45.03,Standard,South,
C0300,2026-08-31,Group A,30,75.86,1,74.05,Standard,South,
C0301,2026-08-31,Group A,25,68.09,1,56.54,Standard,East,
C0302,2026-08-31,Group B,75,39.79,0,43.81,Basic,South,
C0303,2026-08-31,Group C,45,60.46,4,43.69,Standard,West,
C0304,2026-08-31,Group C,70,63.55,2,60.45,Standard,East,
C0305,2026-08-31,Group A,57,94.16,0,60.21,Premium,East,
C0306,2026-08-31,Group B,26,58.58,4,62.3,Standard,North,
C0307,2026-08-31,Group A,36,25.94,1,27.06,Basic,North,
C0308,2026-08-31,Group A,19,64.75,2,64.22,Standard,South,
C0309,2026-08-31,Group A,16,32.25,0,28.0,Basic,West,
C0310,2026-08-31,Group C,74,28.43,1,54.39,Basic,West,
C0311,2026-08-31,Group C,53,69.74,4,47.12,Standard,East,
C0312,2026-08-31,Group B,76,26.61,2,41.05,Basic,East,
C0313,2026-08-31,Group A,43,41.76,2,22.19,Basic,South,
C0314,2026-08-31,Group A,33,31.85,0,37.84,Basic,North,
C0315,2026-08-31,Group B,16,32.71,3,39.25,Basic,North,
C0316,2026-08-31,Group B,46,42.24,1,55.34,Basic,South,
C0317,2026-08-31,Group A,14,33.26,0,52.69,Basic,South,
C0318,2026-08-31,Group A,19,67.31,2,36.71,Standard,North,
C0319,2026-08-31,Group A,33,40.53,0,37.82,Basic,South,
C0320,2026-08-31,Group C,22,100.67,1,62.56,Premium,North,
C0321,2026-08-31,Group A,72,,0,42.19,Premium,East,
C0322,2026-08-31,Group C,22,72.98,1,44.65,Standard,West,
C0323,2026-08-31,Group A,11,32.77,3,50.2,Basic,East,
C0324,2026-08-31,Group B,47,71.51,0,46.83,Standard,South,
C0325,2026-08-31,Group A,66,97.85,0,32.18,Premium,South,
C0326,2026-08-31,Group A,41,71.98,1,51.76,Standard,South,
C0327,2026-08-31,Group A,20,94.96,1,49.64,Premium,North,
C0328,2026-08-31,Group A,42,64.81,0,49.17,Standard,East,
C0329,2026-08-31,Group C,66,60.71,1,47.51,Standard,East,
C0330,2026-08-31,Group A,15,34.68,1,41.44,Basic,North,
C0331,2026-08-31,Group B,60,60.18,2,47.07,Standard,South,
C0332,2026-08-31,Group A,58,33.35,0,49.33,Basic,South,
C0333,2026-08-31,Group A,45,,0,53.49,Standard,North,
C0334,2026-08-31,Group B,49,86.69,2,50.7,Premium,East,
C0335,2026-08-31,Group A,53,32.63,4,42.2,Basic,East,
C0336,2026-08-31,Group C,17,71.2,2,40.54,Standard,East,
C0337,2026-08-31,Group B,35,32.69,3,46.8,Basic,East,
C0338,2026-08-31,Group B,73,62.86,0,43.78,Standard,West,
C0339,2026-08-31,Group A,57,36.68,0,44.94,Basic,West,
C0340,2026-08-31,Group A,73,101.77,0,73.27,Premium,East,
C0341,2026-08-31,Group C,45,29.03,1,28.56,Basic,West,
C0342,2026-08-31,Group A,68,97.11,2,37.29,Premium,South,
C0343,2026-08-31,Group A,28,107.1,2,61.51,Premium,West,
C0344,2026-08-31,Group A,13,70.49,1,61.37,Standard,West,
C0345,2026-08-31,Group B,41,66.98,3,59.43,Standard,East,
C0346,2026-08-31,Group B,62,70.92,1,46.94,Standard,West,
C0347,2026-08-31,Group B,38,82.94,1,65.68,Premium,East,
C0348,2026-08-31,Group B,23,43.31,4,41.41,Basic,East,
C0349,2026-08-31,Group A,67,68.85,2,56.72,Standard,South,
C0350,2026-08-31,Group C,61,30.01,2,37.27,Basic,West,
C0351,2026-08-31,Group A,68,,1,25.14,Standard,East,
C0352,2026-08-31,Group B,26,24.08,1,46.87,Basic,West,
C0353,2026-08-31,Group A,30,54.7,1,63.51,Standard,South,
C0354,2026-08-31,Group C,56,66.23,2,55.44,Standard,West,
C0355,2026-08-31,Group A,58,64.04,2,38.46,Standard,North,
C0356,2026-08-31,Group A,15,63.44,2,57.54,Standard,North,
C0357,2026-08-31,Group A,54,67.91,1,53.78,Standard,East,
C0358,2026-08-31,Group A,39,61.36,0,61.73,Standard,East,
C0359,2026-08-31,Group A,36,59.37,2,38.82,Standard,West,
C0360,2026-08-31,Group B,12,57.31,2,42.72,Standard,South,
C0361,2026-08-31,Group A,72,97.8,0,64.61,Premium,East,
C0362,2026-08-31,Group C,58,31.5,2,35.18,Basic,East,
C0363,2026-08-31,Group A,10,32.76,0,23.95,Basic,West,
C0364,2026-08-31,Group B,14,31.66,2,45.1,Basic,East,
C0365,2026-08-31,Group A,33,64.92,1,54.58,Standard,South,
C0366,2026-08-31,Group B,68,40.24,3,51.45,Basic,West,
C0367,2026-08-31,Group B,20,61.51,3,50.38,Standard,North,
C0368,2026-08-31,Group A,15,70.29,0,52.1,Standard,West,
C0369,2026-08-31,Group C,61,31.95,2,52.54,Basic,North,
C0370,2026-08-31,Group A,11,87.45,1,55.27,Premium,South,
C0371,2026-08-31,Group A,38,64.27,0,44.66,Standard,West,
C0372,2026-08-31,Group B,29,32.14,1,40.88,Basic,East,
C0373,2026-08-31,Group C,10,,2,48.87,Basic,West,
C0374,2026-08-31,Group A,66,35.29,1,18.29,Basic,East,
C0375,2026-08-31,Group A,64,21.33,0,35.77,Basic,East,
C0376,2026-08-31,Group C,44,31.83,4,27.32,Basic,South,
C0377,2026-08-31,Group B,62,98.11,2,60.17,Premium,North,
C0378,2026-08-31,Group C,14,62.73,1,39.18,Standard,North,
C0379,2026-08-31,Group B,26,35.77,2,36.13,Basic,South,
C0380,2026-08-31,Group B,26,69.15,1,55.52,Standard,North,
C0381,2026-08-31,Group A,53,66.74,3,39.57,Standard,East,
C0382,2026-08-31,Group C,25,94.0,1,64.41,Premium,West,
C0383,2026-08-31,Group A,26,59.88,0,52.41,Standard,West,
C0384,2026-08-31,Group B,64,61.2,0,56.77,Standard,South,
C0385,2026-08-31,Group A,21,40.36,1,40.45,Basic,West,
C0386,2026-08-31,Group B,45,85.85,3,49.03,Premium,West,
C0387,2026-08-31,Group B,65,60.92,0,41.11,Standard,West,
C0388,2026-08-31,Group A,40,94.41,1,68.24,Premium,South,
C0389,2026-08-31,Group C,74,26.32,2,44.48,Basic,South,
C0390,2026-08-31,Group A,45,99.72,0,43.56,Premium,West,
C0391,2026-08-31,Group B,74,54.35,0,56.79,Standard,North,
C0392,2026-08-31,Group A,26,36.39,0,31.65,Basic,South,
C0393,2026-08-31,Group A,15,63.36,0,62.51,Standard,North,
C0394,2026-08-31,Group A,36,66.38,2,59.97,Standard,West,
C0395,2026-08-31,Group A,57,29.2,1,51.45,Basic,East,
C0396,2026-08-31,Group A,11,68.24,1,53.17,Standard,North,
C0397,2026-08-31,Group B,18,98.87,2,51.14,Premium,North,
C0398,2026-08-31,Group B,42,36.91,1,48.48,Basic,East,
C0399,2026-08-31,Group B,66,71.25,0,49.08,Standard,East,
C0400,2026-08-31,Group A,42,71.44,2,60.29,Standard,West,
C0401,2026-08-31,Group A,56,35.22,1,47.92,Basic,South,
C0402,2026-08-31,Group A,12,106.21,1,48.54,Premium,West,
C0403,2026-08-31,Group B,46,68.25,1,50.08,Standard,South,
C0404,2026-08-31,Group C,38,30.9,3,31.78,Basic,West,
C0405,2026-08-31,Group A,41,90.6,0,48.32,Premium,North,
C0406,2026-08-31,Group B,14,100.34,1,48.25,Premium,North,
C0407,2026-08-31,Group A,44,37.73,0,47.2,Basic,North,
C0408,2026-08-31,Group A,62,87.09,1,75.51,Premium,South,
C0409,2026-08-31,Group A,24,39.76,0,56.52,Basic,West,
C0410,2026-08-31,Group A,9,92.97,1,38.78,Premium,North,
C0411,2026-08-31,Group B,56,57.01,1,52.49,Standard,South,
C0412,2026-08-31,Group C,14,62.86,0,67.59,Standard,North,
C0413,2026-08-31,Group A,23,34.59,0,42.14,Basic,West,
C0414,2026-08-31,Group B,74,101.1,1,70.94,Premium,East,
C0415,2026-08-31,Group B,25,30.64,4,26.56,Basic,West,
C0416,2026-08-31,Group C,31,35.65,2,46.11,Basic,East,
C0417,2026-08-31,Group B,14,38.15,1,37.01,Basic,East,
C0418,2026-08-31,Group A,34,67.72,3,48.83,Standard,West,
C0419,2026-08-31,Group B,74,,1,33.05,Basic,North,
C0420,2026-08-31,Group A,66,87.24,2,67.58,Premium,West,
C0421,2026-08-31,Group C,27,63.38,2,63.16,Standard,East,
C0422,2026-08-31,Group A,15,33.01,2,30.65,Basic,East,
C0423,2026-08-31,Group B,69,22.8,2,27.71,Basic,South,
C0424,2026-08-31,Group A,63,37.47,1,26.03,Basic,West,
C0425,2026-08-31,Group A,20,63.94,1,50.48,Standard,South,
C0426,2026-08-31,Group C,46,92.67,1,60.18,Premium,North,
C0427,2026-08-31,Group B,76,30.35,1,31.54,Basic,West,
C0428,2026-08-31,Group A,58,96.95,3,64.48,Premium,North,
C0429,2026-08-31,Group C,39,39.17,0,38.26,Basic,North,
C0430,2026-08-31,Group C,20,94.99,0,46.55,Premium,East,
