snapshot_date,tenure_months,monthly_charge,support_contacts,usage_hours,plan,region,churned_next_month
2026-04-30,45,30.22,2,49.07,Basic,North,0.0
2026-04-30,60,93.42,2,49.08,Premium,West,0.0
2026-04-30,68,37.1,5,33.12,Basic,North,0.0
2026-04-30,21,74.24,2,42.89,Standard,South,0.0
2026-04-30,52,27.84,0,39.09,Basic,North,0.0
2026-04-30,27,32.58,0,31.76,Basic,South,0.0
2026-04-30,26,60.52,1,49.06,Standard,North,0.0
2026-04-30,46,58.66,1,34.38,Standard,West,0.0
2026-04-30,51,65.48,5,40.98,Standard,West,0.0
2026-04-30,44,65.01,0,21.85,Standard,North,0.0
2026-04-30,11,55.93,0,55.72,Standard,North,0.0
2026-04-30,32,95.09,0,49.24,Premium,West,0.0
2026-04-30,24,28.97,1,43.7,Basic,South,0.0
2026-04-30,5,35.06,2,41.77,Basic,North,0.0
2026-04-30,7,41.35,6,42.5,Basic,North,0.0
2026-04-30,35,67.32,0,43.92,Standard,South,0.0
2026-04-30,11,35.89,1,40.88,Basic,East,0.0
2026-04-30,55,62.36,0,34.39,Standard,East,0.0
2026-04-30,8,65.33,0,32.29,Standard,North,0.0
2026-04-30,20,67.82,0,42.99,Standard,South,0.0
2026-04-30,72,97.32,0,44.2,Premium,South,0.0
2026-04-30,53,64.5,0,58.25,Standard,East,0.0
2026-04-30,42,66.09,2,47.75,Standard,South,0.0
2026-04-30,6,28.42,1,29.84,Basic,North,0.0
2026-04-30,7,61.33,1,41.28,Standard,West,0.0
2026-04-30,66,38.54,0,38.33,Basic,East,0.0
2026-04-30,59,99.21,4,50.32,Premium,South,0.0
2026-04-30,69,35.47,2,39.72,Basic,North,0.0
2026-04-30,59,42.39,0,37.69,Basic,North,0.0
2026-04-30,5,37.54,3,23.09,Basic,West,1.0
2026-04-30,59,63.83,0,22.49,Standard,West,0.0
2026-04-30,36,88.9,1,47.26,Premium,East,0.0
2026-04-30,52,42.19,1,42.6,Basic,North,0.0
2026-04-30,33,38.85,0,33.38,Basic,South,0.0
2026-04-30,54,43.99,0,49.37,Basic,South,0.0
2026-04-30,62,105.83,1,50.53,Premium,North,0.0
2026-04-30,71,88.57,1,64.57,Premium,North,0.0
2026-04-30,41,28.58,1,48.52,Basic,South,0.0
2026-04-30,23,50.68,2,54.51,Standard,South,0.0
2026-04-30,46,69.59,3,31.96,Standard,East,0.0
2026-04-30,38,68.28,1,44.17,Standard,East,0.0
2026-04-30,18,65.49,1,56.23,Standard,South,0.0
2026-04-30,54,58.87,1,46.72,Standard,South,0.0
2026-04-30,10,64.55,3,49.54,Standard,East,0.0
2026-04-30,32,35.92,3,23.12,Basic,North,1.0
2026-04-30,52,38.91,3,56.19,Basic,North,0.0
2026-04-30,67,36.36,0,29.09,Basic,West,0.0
2026-04-30,47,38.32,1,17.06,Basic,North,0.0
2026-04-30,71,34.38,1,33.49,Basic,North,0.0
2026-04-30,61,100.91,1,26.53,Premium,East,0.0
2026-04-30,21,98.16,1,40.15,Premium,East,0.0
2026-04-30,62,29.07,3,62.59,Basic,North,0.0
2026-04-30,27,41.95,1,33.2,Basic,West,0.0
2026-04-30,47,71.13,3,29.72,Standard,North,1.0
2026-04-30,18,67.33,0,44.25,Standard,East,0.0
2026-04-30,41,36.4,0,28.02,Basic,East,0.0
2026-04-30,51,103.29,2,59.65,Premium,West,0.0
2026-04-30,67,26.83,2,28.1,Basic,East,0.0
2026-04-30,69,41.21,1,39.71,Basic,East,1.0
2026-04-30,59,62.62,3,32.53,Standard,North,0.0
2026-04-30,42,70.48,0,69.99,Standard,West,0.0
2026-04-30,65,35.6,1,42.04,Basic,North,0.0
2026-04-30,12,58.79,3,42.54,Standard,South,0.0
2026-04-30,72,92.52,0,48.07,Premium,South,0.0
2026-04-30,18,40.11,2,31.46,Basic,South,0.0
2026-04-30,32,63.95,0,36.39,Standard,East,0.0
2026-04-30,66,31.89,2,29.12,Basic,North,0.0
2026-04-30,53,61.86,0,60.78,Standard,South,0.0
2026-04-30,62,68.21,1,38.47,Standard,South,0.0
2026-04-30,51,43.75,2,15.71,Basic,East,0.0
2026-04-30,45,24.3,1,25.34,Basic,East,0.0
2026-04-30,16,109.0,1,60.28,Premium,West,0.0
2026-04-30,72,36.02,0,34.48,Basic,North,0.0
2026-04-30,48,97.9,1,49.66,Premium,West,0.0
2026-04-30,50,32.82,1,48.7,Basic,South,0.0
2026-04-30,34,94.98,1,43.23,Premium,South,0.0
2026-04-30,69,65.96,2,50.32,Standard,East,0.0
2026-04-30,35,29.75,5,30.32,Basic,North,0.0
2026-04-30,17,60.97,1,49.76,Standard,West,0.0
2026-04-30,17,70.92,4,40.09,Standard,South,0.0
2026-04-30,52,57.24,1,41.58,Standard,West,0.0
2026-04-30,55,67.21,2,52.2,Standard,North,0.0
2026-04-30,19,63.15,2,51.48,Standard,West,0.0
2026-04-30,52,60.2,3,42.35,Standard,South,0.0
2026-04-30,72,74.86,0,39.28,Standard,East,0.0
2026-04-30,41,60.23,0,59.99,Standard,West,0.0
2026-04-30,70,29.35,1,42.89,Basic,North,0.0
2026-04-30,15,64.07,2,40.09,Standard,South,0.0
2026-04-30,32,61.16,2,37.47,Standard,West,0.0
2026-04-30,42,95.03,1,61.25,Premium,North,0.0
2026-04-30,29,35.78,2,38.15,Basic,North,0.0
2026-04-30,11,36.17,1,35.36,Basic,East,0.0
2026-04-30,36,34.38,0,38.15,Basic,North,0.0
2026-04-30,28,61.49,2,47.38,Standard,West,0.0
2026-04-30,18,68.22,2,43.43,Standard,West,0.0
2026-04-30,30,34.44,3,49.04,Basic,North,1.0
2026-04-30,33,32.52,0,49.59,Basic,North,0.0
2026-04-30,65,102.4,2,56.32,Premium,West,0.0
2026-04-30,38,64.39,2,57.75,Standard,East,1.0
2026-04-30,33,70.46,2,44.08,Standard,West,0.0
2026-04-30,31,41.13,3,43.9,Basic,West,0.0
2026-04-30,45,41.44,1,47.04,Basic,South,0.0
2026-04-30,23,38.46,2,47.19,Basic,South,0.0
2026-04-30,64,35.0,0,46.16,Basic,East,0.0
2026-04-30,33,64.68,4,50.31,Standard,East,0.0
2026-04-30,33,33.78,1,56.57,Basic,South,0.0
2026-04-30,9,24.17,1,31.6,Basic,South,0.0
2026-04-30,65,38.59,2,35.45,Basic,South,0.0
2026-04-30,37,36.22,0,34.85,Basic,East,0.0
2026-04-30,14,39.13,1,33.32,Basic,South,0.0
2026-04-30,16,34.41,1,17.11,Basic,South,0.0
2026-04-30,29,38.32,0,50.75,Basic,North,0.0
2026-04-30,58,58.11,0,33.74,Standard,West,0.0
2026-04-30,11,89.15,2,52.7,Premium,East,0.0
2026-04-30,13,52.62,1,29.78,Standard,West,0.0
2026-04-30,43,34.33,1,43.21,Basic,West,0.0
2026-04-30,38,91.14,1,43.15,Premium,East,0.0
2026-04-30,70,90.48,2,39.64,Premium,South,0.0
2026-04-30,56,66.67,1,45.94,Standard,East,0.0
2026-04-30,49,32.87,3,29.99,Basic,East,1.0
2026-04-30,27,57.83,2,38.26,Standard,West,0.0
2026-04-30,47,107.72,3,52.72,Premium,North,0.0
2026-04-30,44,64.81,1,52.0,Standard,North,0.0
2026-04-30,23,59.58,2,35.82,Standard,North,1.0
2026-04-30,30,61.65,1,34.09,Standard,North,0.0
2026-04-30,68,94.13,0,51.23,Premium,East,0.0
2026-04-30,41,34.12,2,42.39,Basic,North,0.0
2026-04-30,37,41.51,0,51.63,Basic,North,0.0
2026-04-30,59,94.6,1,40.29,Premium,South,0.0
2026-04-30,23,44.28,1,33.82,Basic,West,1.0
2026-04-30,19,32.84,1,48.76,Basic,South,0.0
2026-04-30,72,37.13,0,56.73,Basic,South,0.0
2026-04-30,59,40.11,2,27.07,Basic,South,0.0
2026-04-30,33,40.98,1,29.61,Basic,West,0.0
2026-04-30,69,71.56,0,47.81,Standard,South,0.0
2026-04-30,30,33.64,1,31.22,Basic,South,0.0
2026-04-30,50,64.97,3,36.41,Standard,West,0.0
2026-04-30,7,22.6,0,39.44,Basic,South,0.0
2026-04-30,52,94.02,2,66.49,Premium,South,0.0
2026-04-30,17,70.46,2,30.91,Standard,West,1.0
2026-04-30,21,99.48,2,65.98,Premium,South,0.0
2026-04-30,60,34.57,1,31.25,Basic,East,0.0
2026-04-30,18,43.5,0,40.46,Basic,East,0.0
2026-04-30,37,63.08,0,59.91,Standard,North,0.0
2026-04-30,67,91.42,1,54.25,Premium,North,0.0
2026-04-30,69,32.66,1,34.03,Basic,West,0.0
2026-04-30,35,59.39,0,51.18,Standard,South,0.0
2026-04-30,10,68.11,0,42.27,Standard,South,0.0
2026-04-30,24,36.44,1,42.21,Basic,East,1.0
2026-04-30,46,68.05,0,41.95,Standard,North,0.0
2026-04-30,27,32.93,2,45.61,Basic,North,0.0
2026-04-30,53,34.71,1,23.06,Basic,South,0.0
2026-04-30,72,84.11,2,40.86,Premium,West,0.0
2026-04-30,47,66.88,1,29.91,Standard,East,0.0
2026-04-30,47,65.49,0,43.44,Standard,East,0.0
2026-04-30,41,59.5,1,28.7,Standard,East,0.0
2026-04-30,17,94.48,0,44.08,Premium,West,0.0
2026-04-30,44,63.71,0,32.92,Standard,West,0.0
2026-04-30,68,73.82,0,58.8,Standard,North,0.0
2026-04-30,51,29.69,1,27.09,Basic,East,1.0
2026-04-30,56,66.66,1,31.13,Standard,East,0.0
2026-04-30,63,59.55,3,46.48,Standard,North,0.0
2026-04-30,31,62.21,1,60.87,Standard,West,0.0
2026-04-30,27,36.38,2,35.84,Basic,South,0.0
2026-04-30,70,33.94,1,36.61,Basic,West,0.0
2026-04-30,36,94.97,1,63.91,Premium,North,0.0
2026-04-30,54,96.66,0,59.78,Premium,East,0.0
2026-04-30,48,32.53,2,41.25,Basic,East,0.0
2026-04-30,13,69.42,2,38.18,Standard,East,0.0
2026-04-30,26,63.47,2,48.56,Standard,North,0.0
2026-04-30,27,64.51,2,30.39,Standard,North,0.0
2026-04-30,17,36.81,0,30.76,Basic,East,1.0
2026-04-30,57,66.14,0,58.31,Standard,West,1.0
2026-04-30,70,38.22,0,50.02,Basic,East,0.0
2026-04-30,70,36.58,3,41.37,Basic,North,0.0
2026-04-30,18,67.35,1,24.71,Standard,West,0.0
2026-04-30,35,33.37,2,24.92,Basic,South,0.0
2026-04-30,20,29.66,2,30.21,Basic,North,0.0
2026-04-30,9,27.86,1,35.28,Basic,South,0.0
2026-04-30,47,26.65,1,24.5,Basic,North,0.0
2026-04-30,63,73.81,0,41.54,Standard,West,0.0
2026-04-30,10,23.94,1,54.67,Basic,West,0.0
2026-04-30,48,70.97,2,48.01,Standard,North,0.0
2026-04-30,7,90.9,1,53.19,Premium,East,0.0
2026-04-30,62,40.93,0,26.82,Basic,North,0.0
2026-04-30,9,83.99,0,34.61,Premium,South,0.0
2026-04-30,34,33.82,2,24.72,Basic,North,0.0
2026-04-30,13,42.27,1,20.21,Basic,East,0.0
2026-04-30,33,38.57,0,37.75,Basic,North,0.0
2026-04-30,34,33.31,0,40.84,Basic,West,1.0
2026-04-30,41,25.29,1,27.35,Basic,North,0.0
2026-04-30,61,28.39,1,38.48,Basic,South,0.0
2026-04-30,72,101.95,1,65.69,Premium,West,0.0
2026-04-30,28,63.26,1,63.58,Standard,West,0.0
2026-04-30,67,94.64,3,58.7,Premium,North,0.0
2026-04-30,34,66.42,2,42.25,Standard,North,0.0
2026-04-30,13,58.49,2,51.38,Standard,West,0.0
2026-04-30,45,37.04,2,50.52,Basic,West,0.0
2026-04-30,54,62.9,0,23.93,Standard,South,0.0
2026-04-30,25,36.47,1,51.82,Basic,North,0.0
2026-04-30,45,92.11,0,45.55,Premium,North,0.0
2026-04-30,34,87.13,2,45.65,Premium,South,0.0
2026-04-30,14,32.86,0,33.45,Basic,East,0.0
2026-04-30,31,68.2,0,47.2,Standard,North,0.0
2026-04-30,34,66.97,0,32.89,Standard,East,0.0
2026-04-30,28,65.15,3,41.15,Standard,West,0.0
2026-04-30,67,39.49,1,42.25,Basic,North,0.0
2026-04-30,31,63.98,3,46.19,Standard,West,0.0
2026-04-30,47,65.28,1,47.81,Standard,West,0.0
2026-04-30,5,32.6,1,33.76,Basic,South,0.0
2026-04-30,26,69.78,2,50.94,Standard,North,0.0
2026-04-30,65,36.46,0,47.56,Basic,South,0.0
2026-04-30,65,92.22,4,60.96,Premium,South,0.0
2026-04-30,71,27.55,2,41.28,Basic,South,0.0
2026-04-30,8,40.52,2,46.39,Basic,West,0.0
2026-04-30,63,31.28,0,45.71,Basic,North,0.0
2026-04-30,23,95.36,1,77.77,Premium,South,0.0
2026-04-30,5,76.76,2,56.18,Standard,West,0.0
2026-04-30,11,39.01,2,36.11,Basic,North,0.0
2026-04-30,56,43.06,0,27.88,Basic,North,0.0
2026-04-30,45,62.31,0,41.39,Standard,South,0.0
2026-04-30,43,40.35,2,33.68,Basic,West,0.0
2026-04-30,64,35.13,2,42.11,Basic,West,0.0
2026-04-30,11,96.83,1,44.0,Premium,West,0.0
2026-04-30,10,45.1,0,48.92,Basic,West,0.0
2026-04-30,68,63.61,2,30.1,Standard,North,0.0
2026-04-30,46,35.1,3,20.67,Basic,South,1.0
2026-04-30,57,60.48,3,42.65,Standard,East,0.0
2026-04-30,40,69.44,3,35.57,Standard,North,0.0
2026-04-30,14,32.2,1,24.42,Basic,West,0.0
2026-04-30,40,70.11,2,37.63,Standard,East,0.0
2026-04-30,70,86.75,0,43.39,Premium,West,0.0
2026-04-30,13,97.74,0,51.1,Premium,South,0.0
2026-04-30,13,31.78,1,30.8,Basic,East,0.0
2026-04-30,28,68.65,1,38.61,Standard,North,0.0
2026-04-30,35,94.93,2,50.95,Premium,North,0.0
2026-04-30,47,32.32,1,47.14,Basic,East,0.0
2026-04-30,15,33.07,1,51.71,Basic,North,0.0
2026-04-30,68,30.75,1,38.48,Basic,South,0.0
2026-04-30,15,99.19,1,53.26,Premium,West,1.0
2026-04-30,18,29.76,4,35.17,Basic,South,0.0
2026-04-30,70,33.66,5,41.81,Basic,South,0.0
2026-04-30,30,66.73,0,47.9,Standard,South,0.0
2026-04-30,43,43.07,2,50.26,Basic,East,0.0
2026-04-30,34,34.95,3,18.11,Basic,West,1.0
2026-04-30,22,63.79,0,41.66,Standard,East,0.0
2026-04-30,39,36.37,1,40.39,Basic,South,0.0
2026-04-30,57,84.63,1,50.74,Premium,South,0.0
2026-04-30,5,29.01,2,27.61,Basic,North,0.0
2026-04-30,64,93.12,2,38.01,Premium,North,0.0
2026-04-30,17,61.44,0,52.06,Standard,South,0.0
2026-04-30,67,27.0,1,29.43,Basic,South,0.0
2026-04-30,70,39.29,0,19.45,Basic,West,0.0
2026-04-30,68,66.3,1,52.57,Standard,West,0.0
2026-04-30,49,35.7,1,41.59,Basic,North,0.0
2026-04-30,66,31.53,1,35.84,Basic,South,0.0
2026-04-30,63,95.4,1,41.85,Premium,North,0.0
2026-04-30,48,67.57,1,42.87,Standard,North,0.0
2026-04-30,65,93.68,3,63.16,Premium,South,0.0
2026-04-30,28,37.22,2,20.85,Basic,West,0.0
2026-04-30,61,31.02,1,21.36,Basic,North,0.0
2026-04-30,67,65.49,1,37.72,Standard,East,0.0
2026-04-30,48,40.71,1,36.73,Basic,South,0.0
2026-04-30,13,41.16,1,32.04,Basic,East,0.0
2026-04-30,19,41.64,2,43.43,Basic,West,0.0
2026-04-30,16,36.43,2,47.89,Basic,West,0.0
2026-04-30,41,65.16,0,46.79,Standard,West,0.0
2026-04-30,34,32.76,1,42.6,Basic,South,0.0
2026-04-30,61,85.96,2,53.72,Premium,North,0.0
2026-04-30,24,28.28,0,37.1,Basic,West,0.0
2026-04-30,16,34.16,1,24.06,Basic,West,0.0
2026-04-30,46,34.46,2,26.72,Basic,West,0.0
2026-04-30,14,72.06,1,30.49,Standard,South,0.0
2026-04-30,66,101.57,0,49.51,Premium,South,0.0
2026-04-30,10,91.57,1,53.32,Premium,North,0.0
2026-04-30,38,39.09,0,22.51,Basic,South,0.0
2026-04-30,69,32.61,2,37.73,Basic,South,0.0
2026-04-30,42,98.41,1,42.25,Premium,South,0.0
2026-04-30,59,39.03,0,26.31,Basic,West,0.0
2026-04-30,33,71.21,1,37.75,Standard,East,0.0
2026-04-30,56,32.54,2,25.8,Basic,North,0.0
2026-04-30,53,40.07,1,43.07,Basic,East,1.0
2026-04-30,39,55.64,0,42.32,Standard,East,0.0
2026-04-30,11,41.48,2,45.15,Basic,East,0.0
2026-04-30,71,94.87,1,46.57,Premium,West,0.0
2026-04-30,8,64.98,2,39.94,Standard,West,0.0
2026-04-30,29,84.81,2,69.73,Premium,South,0.0
2026-04-30,48,63.06,1,27.77,Standard,South,0.0
2026-04-30,57,41.78,0,49.84,Basic,North,0.0
2026-04-30,41,62.87,0,60.55,Standard,West,0.0
2026-04-30,32,38.57,1,44.66,Basic,West,0.0
2026-04-30,32,95.17,1,47.7,Premium,East,0.0
2026-04-30,71,40.31,0,51.27,Basic,North,0.0
2026-04-30,27,95.96,0,47.78,Premium,East,0.0
2026-04-30,63,60.34,1,36.94,Standard,West,0.0
2026-04-30,8,65.28,2,40.12,Standard,North,1.0
2026-04-30,49,73.01,1,38.3,Standard,East,1.0
2026-04-30,51,67.49,0,34.53,Standard,East,0.0
2026-04-30,50,64.42,1,55.1,Standard,East,0.0
2026-04-30,33,76.28,0,36.27,Standard,East,0.0
2026-04-30,51,40.8,1,36.7,Basic,West,0.0
2026-04-30,35,69.08,3,29.56,Standard,North,0.0
2026-04-30,45,36.59,2,37.31,Basic,East,0.0
2026-04-30,65,68.65,1,32.44,Standard,West,0.0
2026-04-30,50,68.81,0,32.2,Standard,West,0.0
2026-04-30,55,24.09,0,35.91,Basic,South,0.0
2026-04-30,70,66.97,1,54.57,Standard,West,0.0
2026-04-30,19,64.2,1,48.4,Standard,South,0.0
2026-04-30,44,62.5,2,49.09,Standard,South,0.0
2026-04-30,49,64.02,0,42.7,Standard,West,0.0
2026-04-30,52,57.22,1,40.64,Standard,South,0.0
2026-04-30,13,55.98,1,51.91,Standard,South,0.0
2026-04-30,56,41.23,1,31.37,Basic,East,0.0
2026-04-30,18,37.31,3,45.34,Basic,East,0.0
2026-04-30,32,52.93,2,56.36,Standard,West,1.0
2026-04-30,53,32.12,2,28.59,Basic,East,0.0
2026-04-30,22,39.4,1,30.06,Basic,North,0.0
2026-04-30,13,33.6,1,31.54,Basic,North,1.0
2026-04-30,50,41.23,1,22.33,Basic,West,0.0
2026-04-30,24,100.25,2,46.31,Premium,South,0.0
2026-04-30,61,28.22,1,50.01,Basic,North,0.0
2026-04-30,66,34.28,0,26.54,Basic,North,0.0
2026-04-30,28,92.76,1,64.25,Premium,North,0.0
2026-04-30,55,88.05,3,46.67,Premium,North,0.0
2026-04-30,20,27.73,1,58.14,Basic,West,0.0
2026-04-30,68,90.97,4,44.18,Premium,East,0.0
2026-04-30,21,31.8,2,35.56,Basic,East,0.0
2026-04-30,64,66.42,4,34.9,Standard,North,0.0
2026-04-30,58,40.22,1,30.12,Basic,East,0.0
2026-04-30,26,37.57,1,50.38,Basic,West,0.0
2026-04-30,61,38.75,1,41.75,Basic,West,0.0
2026-04-30,48,63.67,0,54.29,Standard,South,0.0
2026-04-30,50,38.02,0,23.84,Basic,East,0.0
2026-04-30,30,64.26,1,50.55,Standard,South,0.0
2026-04-30,20,62.79,0,34.29,Standard,West,0.0
2026-04-30,52,44.49,0,23.63,Basic,West,0.0
2026-04-30,8,83.35,1,53.39,Premium,North,0.0
2026-04-30,28,25.63,1,39.29,Basic,South,0.0
2026-04-30,14,36.91,0,37.53,Basic,North,0.0
2026-04-30,5,33.68,0,44.18,Basic,East,1.0
2026-04-30,5,27.82,1,45.74,Basic,South,0.0
2026-04-30,11,29.73,0,51.7,Basic,East,0.0
2026-04-30,68,60.38,0,32.1,Standard,West,0.0
2026-04-30,57,69.46,0,59.02,Standard,West,0.0
2026-04-30,72,71.06,1,62.82,Standard,North,0.0
2026-04-30,10,73.2,3,40.34,Standard,North,0.0
2026-04-30,72,57.05,4,27.32,Standard,West,0.0
2026-04-30,45,28.16,2,23.17,Basic,North,1.0
2026-04-30,59,57.82,0,39.38,Standard,South,0.0
2026-04-30,63,101.44,1,71.14,Premium,West,0.0
2026-04-30,22,37.09,1,37.17,Basic,South,0.0
2026-04-30,55,65.4,1,37.83,Standard,North,0.0
2026-04-30,49,96.15,3,44.15,Premium,West,0.0
2026-04-30,33,64.72,0,30.77,Standard,East,0.0
2026-04-30,38,89.39,0,59.75,Premium,South,0.0
2026-04-30,19,37.57,0,36.08,Basic,East,0.0
2026-04-30,17,64.07,1,65.0,Standard,East,0.0
2026-04-30,67,29.0,0,43.28,Basic,East,0.0
2026-04-30,54,37.87,1,45.3,Basic,West,0.0
2026-04-30,43,92.87,1,48.58,Premium,West,0.0
2026-04-30,52,36.14,2,26.09,Basic,South,0.0
2026-04-30,32,94.38,1,42.26,Premium,West,0.0
2026-04-30,21,69.46,1,30.31,Standard,West,0.0
2026-04-30,69,96.1,1,60.1,Premium,North,0.0
2026-04-30,72,90.58,2,47.15,Premium,South,0.0
2026-04-30,19,66.61,1,53.53,Standard,East,0.0
2026-04-30,59,96.77,2,52.36,Premium,West,0.0
2026-04-30,35,67.56,0,41.07,Standard,East,0.0
2026-04-30,53,70.18,1,32.3,Standard,East,0.0
2026-04-30,12,61.92,1,47.02,Standard,South,0.0
2026-04-30,37,38.34,1,34.81,Basic,North,0.0
2026-04-30,13,26.38,2,46.02,Basic,West,0.0
2026-04-30,60,34.4,1,29.85,Basic,East,0.0
2026-04-30,32,63.63,0,50.16,Standard,South,0.0
2026-04-30,22,42.24,1,53.41,Basic,West,0.0
2026-04-30,52,64.22,2,46.73,Standard,North,0.0
2026-04-30,69,68.04,2,51.85,Standard,South,0.0
2026-04-30,28,56.19,2,49.72,Standard,West,0.0
2026-04-30,53,93.24,1,69.98,Premium,South,1.0
2026-04-30,51,90.77,0,54.72,Premium,West,0.0
2026-04-30,38,107.38,0,58.0,Premium,West,0.0
2026-04-30,59,61.67,3,43.64,Standard,North,0.0
2026-04-30,13,35.37,1,29.26,Basic,South,0.0
2026-04-30,64,95.63,1,38.92,Premium,West,1.0
2026-04-30,32,27.05,1,49.67,Basic,South,0.0
2026-04-30,8,32.37,2,26.92,Basic,North,0.0
2026-04-30,72,37.02,3,44.46,Basic,North,0.0
2026-04-30,57,65.43,1,48.16,Standard,North,0.0
2026-04-30,60,53.5,1,53.18,Standard,North,0.0
2026-04-30,15,32.17,1,31.85,Basic,South,0.0
2026-04-30,56,70.1,1,36.09,Standard,South,0.0
2026-04-30,52,37.94,1,40.78,Basic,West,0.0
2026-04-30,66,41.09,2,34.08,Basic,East,0.0
2026-04-30,30,30.07,1,24.69,Basic,North,0.0
2026-04-30,68,41.4,1,56.39,Basic,North,0.0
2026-04-30,53,64.78,1,36.09,Standard,North,0.0
2026-04-30,22,42.96,0,27.06,Basic,South,0.0
2026-04-30,19,35.02,1,34.58,Basic,East,0.0
2026-04-30,66,24.76,1,49.53,Basic,North,0.0
2026-04-30,48,69.25,2,22.33,Standard,South,0.0
2026-04-30,13,92.78,2,62.7,Premium,South,0.0
2026-04-30,13,63.12,1,34.89,Standard,North,0.0
2026-04-30,61,57.73,0,46.65,Standard,North,0.0
2026-04-30,16,103.11,1,44.24,Premium,North,0.0
2026-04-30,19,32.39,3,56.92,Basic,North,0.0
2026-04-30,46,42.88,0,38.25,Basic,West,0.0
2026-04-30,63,62.84,1,36.92,Standard,West,0.0
2026-04-30,27,30.36,4,33.99,Basic,East,0.0
2026-04-30,50,71.6,0,44.9,Standard,West,0.0
2026-04-30,52,64.63,2,45.78,Standard,West,0.0
2026-04-30,45,34.68,0,41.39,Basic,West,0.0
2026-04-30,51,58.59,1,43.99,Standard,North,0.0
2026-04-30,20,32.71,1,23.23,Basic,West,1.0
2026-04-30,47,37.14,1,33.6,Basic,South,0.0
2026-04-30,5,88.5,2,57.07,Premium,East,1.0
2026-04-30,54,62.3,5,37.3,Standard,West,0.0
2026-04-30,58,32.9,1,43.73,Basic,South,0.0
2026-04-30,58,35.33,3,37.32,Basic,South,0.0
2026-04-30,7,42.4,4,34.82,Basic,North,1.0
2026-04-30,66,33.5,1,48.94,Basic,North,0.0
2026-04-30,34,31.55,1,19.62,Basic,North,0.0
2026-04-30,10,48.73,1,30.25,Basic,South,0.0
2026-04-30,41,92.83,1,63.32,Premium,West,0.0
2026-04-30,43,94.05,0,69.3,Premium,South,0.0
2026-04-30,32,63.21,2,66.86,Standard,East,0.0
2026-04-30,55,63.62,1,44.5,Standard,North,0.0
2026-04-30,41,65.39,2,48.58,Standard,East,0.0
2026-04-30,19,69.6,0,52.17,Standard,West,0.0
2026-04-30,47,97.02,1,63.75,Premium,South,0.0
2026-04-30,22,70.39,1,47.13,Standard,South,0.0
2026-04-30,13,70.22,0,53.26,Standard,West,0.0
2026-04-30,23,96.04,0,55.6,Premium,East,0.0
2026-04-30,66,66.88,0,49.22,Standard,South,0.0
2026-04-30,43,40.54,1,27.82,Basic,North,0.0
2026-04-30,26,29.44,3,33.71,Basic,West,1.0
2026-04-30,29,47.49,1,31.77,Basic,East,0.0
2026-04-30,63,32.44,0,25.11,Basic,North,0.0
2026-04-30,50,33.25,0,20.48,Basic,East,0.0
2026-04-30,57,28.94,0,32.76,Basic,West,0.0
2026-04-30,46,29.09,1,34.36,Basic,West,0.0
2026-04-30,72,99.87,0,52.05,Premium,North,0.0
2026-04-30,49,46.35,1,42.56,Basic,South,0.0
2026-04-30,32,32.16,1,38.88,Basic,West,0.0
2026-04-30,22,36.74,2,34.43,Basic,West,0.0
2026-04-30,8,36.1,2,27.85,Basic,East,0.0
2026-04-30,57,70.0,2,52.77,Standard,South,0.0
2026-04-30,68,76.09,1,42.98,Standard,West,0.0
2026-04-30,50,42.6,2,32.66,Basic,East,0.0
2026-04-30,38,63.81,1,42.14,Standard,East,0.0
2026-04-30,13,37.64,3,29.67,Basic,West,0.0
2026-04-30,48,68.14,0,38.69,Standard,South,0.0
2026-04-30,18,94.9,0,45.38,Premium,East,0.0
2026-04-30,47,89.52,3,48.13,Premium,North,0.0
2026-04-30,25,31.01,0,43.56,Basic,East,0.0
2026-04-30,63,70.74,2,48.07,Standard,East,1.0
2026-04-30,68,71.26,1,59.47,Standard,West,0.0
2026-04-30,20,93.96,2,63.12,Premium,South,0.0
2026-04-30,27,36.31,2,56.56,Basic,West,0.0
2026-04-30,67,70.99,2,49.59,Standard,East,0.0
2026-04-30,6,26.48,2,42.43,Basic,North,0.0
2026-04-30,40,32.77,2,32.13,Basic,North,1.0
2026-04-30,14,75.09,1,52.26,Standard,North,0.0
2026-04-30,34,66.5,2,37.44,Standard,South,0.0
2026-04-30,7,29.35,1,22.3,Basic,East,0.0
2026-04-30,14,95.59,2,66.26,Premium,West,0.0
2026-04-30,32,70.11,1,31.51,Standard,West,0.0
2026-04-30,9,82.27,3,55.39,Premium,East,0.0
2026-04-30,59,65.88,2,35.2,Standard,South,0.0
2026-04-30,44,93.14,2,62.27,Premium,East,0.0
2026-04-30,35,56.79,0,56.63,Standard,South,0.0
2026-04-30,37,35.41,1,42.29,Basic,North,0.0
2026-04-30,62,34.32,3,49.46,Basic,East,0.0
2026-04-30,62,94.88,3,51.07,Premium,West,0.0
2026-04-30,8,33.26,0,59.34,Basic,North,0.0
2026-04-30,51,29.89,0,44.46,Basic,North,0.0
2026-04-30,36,57.73,1,34.99,Standard,North,0.0
2026-04-30,58,31.55,2,37.7,Basic,North,0.0
2026-04-30,58,39.3,1,35.47,Basic,North,0.0
2026-04-30,53,66.17,1,41.5,Standard,North,0.0
2026-04-30,50,34.65,0,20.43,Basic,North,0.0
2026-04-30,19,59.8,0,47.87,Standard,South,0.0
2026-04-30,62,33.13,1,23.14,Basic,East,0.0
2026-04-30,52,68.69,2,18.75,Standard,North,0.0
2026-04-30,23,37.52,1,33.56,Basic,South,0.0
2026-04-30,20,62.61,2,36.44,Standard,West,0.0
2026-04-30,39,21.94,1,28.38,Basic,North,0.0
2026-04-30,28,31.63,1,5.97,Basic,West,0.0
2026-04-30,51,92.59,0,42.49,Premium,East,0.0
2026-04-30,32,30.46,1,35.26,Basic,East,0.0
2026-04-30,16,62.93,1,37.66,Standard,South,0.0
2026-04-30,31,39.08,0,40.87,Basic,South,0.0
2026-04-30,60,34.81,1,50.93,Basic,South,0.0
2026-04-30,61,39.95,1,42.16,Basic,North,0.0
2026-04-30,26,87.46,0,61.26,Premium,South,0.0
2026-04-30,59,33.47,1,48.09,Basic,West,0.0
2026-04-30,11,25.3,1,26.81,Basic,North,0.0
2026-04-30,71,62.87,1,48.39,Standard,East,0.0
2026-04-30,57,29.77,0,46.95,Basic,East,0.0
2026-04-30,7,71.41,3,39.64,Standard,North,0.0
2026-04-30,52,97.05,0,43.09,Premium,North,0.0
2026-04-30,38,70.07,2,49.3,Standard,East,0.0
2026-04-30,65,62.85,1,29.18,Standard,North,0.0
2026-04-30,21,29.9,0,26.12,Basic,West,0.0
2026-04-30,65,89.74,1,44.33,Premium,North,0.0
2026-04-30,64,66.33,2,48.51,Standard,North,0.0
2026-04-30,23,44.05,2,39.19,Basic,South,0.0
2026-04-30,34,97.06,4,61.32,Premium,South,1.0
2026-04-30,48,93.13,1,41.78,Premium,North,0.0
2026-04-30,21,64.06,0,34.25,Standard,East,0.0
2026-04-30,72,34.84,1,42.24,Basic,South,0.0
2026-04-30,17,75.13,0,36.01,Standard,East,1.0
2026-04-30,21,101.17,1,44.96,Premium,North,0.0
2026-04-30,39,66.3,2,25.43,Standard,North,0.0
2026-04-30,37,35.55,0,39.91,Basic,North,0.0
2026-04-30,8,36.5,3,52.41,Basic,North,0.0
2026-04-30,66,37.47,0,26.71,Basic,West,0.0
2026-04-30,21,32.93,1,47.22,Basic,South,0.0
2026-04-30,12,60.78,4,43.41,Standard,South,1.0
2026-04-30,40,40.16,2,19.35,Basic,East,0.0
2026-04-30,68,35.11,3,28.05,Basic,North,0.0
2026-05-31,25,103.87,1,28.74,Premium,East,0.0
2026-05-31,57,59.36,3,33.48,Standard,East,0.0
2026-05-31,41,98.22,2,53.33,Premium,West,0.0
2026-05-31,33,94.64,5,30.46,Premium,West,1.0
2026-05-31,55,32.5,0,18.04,Basic,East,0.0
2026-05-31,55,70.36,1,40.0,Standard,South,0.0
2026-05-31,69,57.69,1,47.62,Standard,East,0.0
2026-05-31,27,53.17,2,48.08,Standard,East,0.0
2026-05-31,22,36.12,1,51.52,Basic,West,0.0
2026-05-31,6,34.31,1,36.52,Basic,North,1.0
2026-05-31,16,58.24,3,38.97,Standard,West,0.0
2026-05-31,47,56.45,1,29.63,Standard,West,0.0
2026-05-31,61,44.65,3,31.85,Basic,North,0.0
2026-05-31,46,37.32,2,42.78,Basic,South,0.0
2026-05-31,73,65.1,2,50.23,Standard,North,0.0
2026-05-31,48,75.98,3,45.35,Standard,East,0.0
2026-05-31,66,70.11,0,48.17,Standard,North,0.0
2026-05-31,24,43.85,1,48.46,Basic,South,0.0
2026-05-31,28,29.1,0,36.45,Basic,North,0.0
2026-05-31,61,58.91,1,56.37,Standard,North,0.0
2026-05-31,50,68.09,2,35.43,Standard,South,0.0
2026-05-31,39,37.07,1,34.97,Basic,South,0.0
2026-05-31,70,71.25,0,37.89,Standard,East,0.0
2026-05-31,57,26.85,1,43.63,Basic,North,0.0
2026-05-31,26,68.52,1,32.56,Standard,South,0.0
2026-05-31,47,39.95,2,32.48,Basic,West,0.0
2026-05-31,32,69.68,2,24.1,Standard,West,0.0
2026-05-31,34,92.97,2,55.64,Premium,South,0.0
2026-05-31,60,37.59,2,48.17,Basic,North,0.0
2026-05-31,52,31.12,2,44.81,Basic,West,0.0
2026-05-31,6,33.54,4,43.83,Basic,East,0.0
2026-05-31,45,29.79,0,44.09,Basic,South,0.0
2026-05-31,49,91.21,2,56.7,Premium,East,0.0
2026-05-31,40,93.8,0,55.84,Premium,North,0.0
2026-05-31,26,32.55,1,42.49,Basic,South,1.0
2026-05-31,50,91.21,1,43.14,Premium,South,0.0
2026-05-31,70,28.5,2,33.7,Basic,East,0.0
2026-05-31,11,74.81,1,43.4,Standard,North,0.0
2026-05-31,46,62.5,1,39.34,Standard,South,1.0
2026-05-31,67,36.65,0,20.04,Basic,West,0.0
2026-05-31,33,56.21,2,30.35,Standard,North,0.0
2026-05-31,28,71.79,1,45.0,Standard,North,0.0
2026-05-31,22,35.84,0,44.76,Basic,West,0.0
2026-05-31,21,92.78,0,49.79,Premium,West,0.0
2026-05-31,32,32.82,3,63.35,Basic,South,0.0
2026-05-31,58,39.35,3,26.5,Basic,North,0.0
2026-05-31,18,80.23,2,54.15,Premium,East,0.0
2026-05-31,21,30.88,1,48.61,Basic,South,0.0
2026-05-31,73,34.4,2,46.36,Basic,East,0.0
2026-05-31,73,34.35,1,42.25,Basic,North,0.0
2026-05-31,21,47.53,3,46.4,Basic,West,0.0
2026-05-31,34,33.31,3,36.25,Basic,East,0.0
2026-05-31,33,39.95,1,52.33,Basic,East,0.0
2026-05-31,26,74.06,2,55.53,Standard,East,0.0
2026-05-31,16,68.35,0,34.18,Standard,North,0.0
2026-05-31,10,91.63,2,52.92,Premium,West,0.0
2026-05-31,47,88.58,0,34.23,Premium,South,0.0
2026-05-31,8,38.73,1,50.92,Basic,South,0.0
2026-05-31,48,103.23,3,51.94,Premium,West,0.0
2026-05-31,12,97.73,1,63.19,Premium,North,0.0
2026-05-31,16,101.17,1,48.61,Premium,North,0.0
2026-05-31,6,77.96,0,24.14,Standard,West,1.0
2026-05-31,33,39.19,0,62.07,Basic,South,0.0
2026-05-31,28,29.5,1,37.01,Basic,East,0.0
2026-05-31,28,95.26,0,39.7,Premium,East,0.0
2026-05-31,27,71.85,1,54.16,Standard,West,0.0
2026-05-31,69,93.76,1,70.06,Premium,East,0.0
2026-05-31,35,72.53,1,40.68,Standard,South,0.0
2026-05-31,61,34.67,0,34.71,Basic,East,0.0
2026-05-31,21,36.67,2,38.08,Basic,East,1.0
2026-05-31,38,93.25,1,38.59,Premium,South,0.0
2026-05-31,10,35.8,0,28.79,Basic,North,0.0
2026-05-31,23,66.06,2,60.52,Standard,South,0.0
2026-05-31,10,86.96,3,48.38,Premium,West,1.0
2026-05-31,7,32.79,2,27.32,Basic,North,0.0
2026-05-31,18,28.83,0,31.18,Basic,North,0.0
2026-05-31,16,62.96,3,53.43,Standard,West,0.0
2026-05-31,27,91.02,3,29.94,Premium,West,0.0
2026-05-31,56,70.06,1,45.25,Standard,North,0.0
2026-05-31,16,40.12,3,60.32,Basic,North,0.0
2026-05-31,47,37.8,2,56.01,Basic,East,0.0
2026-05-31,30,28.66,0,41.43,Basic,West,0.0
2026-05-31,33,34.51,1,48.86,Basic,East,0.0
2026-05-31,68,28.26,2,48.77,Basic,West,0.0
2026-05-31,37,94.26,2,48.44,Premium,East,0.0
2026-05-31,23,38.24,0,44.95,Basic,West,0.0
2026-05-31,22,99.96,0,67.59,Premium,East,0.0
2026-05-31,17,97.36,6,37.06,Premium,South,1.0
2026-05-31,60,71.29,0,48.47,Standard,East,0.0
2026-05-31,51,66.3,0,46.31,Standard,South,0.0
2026-05-31,24,33.83,2,36.73,Basic,East,0.0
2026-05-31,39,69.37,1,42.85,Standard,West,0.0
2026-05-31,40,39.53,1,38.02,Basic,West,0.0
2026-05-31,9,32.38,2,38.86,Basic,East,0.0
2026-05-31,67,66.89,1,53.89,Standard,North,0.0
2026-05-31,59,33.53,1,40.47,Basic,East,0.0
2026-05-31,42,24.96,2,33.92,Basic,South,0.0
2026-05-31,54,67.2,2,34.3,Standard,North,0.0
2026-05-31,13,58.53,1,37.98,Standard,West,0.0
2026-05-31,72,36.64,2,38.31,Basic,South,0.0
2026-05-31,49,27.32,2,28.64,Basic,West,1.0
2026-05-31,69,31.4,3,45.16,Basic,South,0.0
2026-05-31,64,62.83,4,47.0,Standard,East,0.0
2026-05-31,45,71.01,0,54.14,Standard,East,0.0
2026-05-31,25,32.33,2,29.31,Basic,West,0.0
2026-05-31,52,59.63,1,34.39,Standard,North,0.0
2026-05-31,40,96.82,0,61.06,Premium,East,0.0
2026-05-31,33,63.92,1,44.0,Standard,South,0.0
2026-05-31,54,68.95,1,40.67,Standard,South,0.0
2026-05-31,66,59.94,2,49.69,Standard,West,0.0
2026-05-31,17,96.05,2,56.31,Premium,North,0.0
2026-05-31,43,107.35,0,37.14,Premium,East,0.0
2026-05-31,58,33.8,1,49.55,Basic,South,0.0
2026-05-31,28,35.93,1,31.6,Basic,West,0.0
2026-05-31,29,26.69,1,52.7,Basic,North,0.0
2026-05-31,6,60.74,0,29.36,Standard,North,0.0
2026-05-31,27,37.3,0,38.87,Basic,North,0.0
2026-05-31,45,93.35,3,47.84,Premium,South,0.0
2026-05-31,72,38.07,0,15.95,Basic,North,0.0
2026-05-31,41,67.12,2,49.28,Standard,East,0.0
2026-05-31,25,28.41,0,16.46,Basic,North,0.0
2026-05-31,61,70.08,0,39.78,Standard,South,0.0
2026-05-31,18,28.79,1,46.74,Basic,East,0.0
2026-05-31,18,61.18,1,37.4,Standard,East,1.0
2026-05-31,41,66.15,0,33.66,Standard,North,0.0
2026-05-31,61,42.84,1,43.7,Basic,North,0.0
2026-05-31,20,59.98,2,40.2,Standard,South,0.0
2026-05-31,7,95.74,0,45.65,Premium,East,0.0
2026-05-31,55,65.78,1,55.45,Standard,West,0.0
2026-05-31,45,68.29,0,31.03,Standard,North,0.0
2026-05-31,52,70.92,1,38.1,Standard,North,0.0
2026-05-31,32,92.98,1,58.36,Premium,East,0.0
2026-05-31,14,70.06,2,30.38,Standard,West,0.0
2026-05-31,28,101.65,2,67.45,Premium,West,0.0
2026-05-31,37,73.92,3,40.53,Standard,East,0.0
2026-05-31,35,37.51,3,44.45,Basic,North,0.0
2026-05-31,66,35.79,4,44.42,Basic,East,0.0
2026-05-31,21,62.63,1,41.18,Standard,South,0.0
2026-05-31,27,57.71,2,37.91,Standard,South,0.0
2026-05-31,18,63.61,5,42.27,Standard,South,0.0
2026-05-31,44,95.56,1,56.83,Premium,East,0.0
2026-05-31,60,64.45,1,32.84,Standard,East,0.0
2026-05-31,66,37.99,0,23.67,Basic,North,0.0
2026-05-31,21,57.73,3,57.54,Standard,North,0.0
2026-05-31,35,34.09,3,28.35,Basic,North,0.0
2026-05-31,56,74.97,1,46.24,Standard,South,0.0
2026-05-31,9,99.98,1,47.68,Premium,East,0.0
2026-05-31,54,38.08,1,34.12,Basic,West,0.0
2026-05-31,15,96.95,1,64.0,Premium,South,0.0
2026-05-31,8,63.17,2,41.85,Standard,East,0.0
2026-05-31,13,26.23,4,32.13,Basic,West,0.0
2026-05-31,65,97.29,3,47.0,Premium,East,0.0
2026-05-31,52,52.76,3,37.67,Standard,East,1.0
2026-05-31,59,63.37,0,36.0,Standard,South,0.0
2026-05-31,52,34.98,2,30.71,Basic,North,0.0
2026-05-31,60,32.76,2,52.33,Basic,West,0.0
2026-05-31,39,75.86,2,49.81,Standard,East,0.0
2026-05-31,61,44.12,0,32.25,Basic,North,0.0
2026-05-31,9,40.16,3,45.52,Basic,South,0.0
2026-05-31,45,90.37,0,33.83,Premium,North,0.0
2026-05-31,57,74.61,5,56.46,Standard,West,1.0
2026-05-31,73,68.09,2,55.65,Standard,East,0.0
2026-05-31,30,90.29,0,72.06,Premium,West,0.0
2026-05-31,18,35.16,1,45.82,Basic,South,0.0
2026-05-31,54,39.79,1,40.07,Basic,North,0.0
2026-05-31,10,62.01,0,55.61,Standard,East,0.0
2026-05-31,58,35.7,1,29.44,Basic,East,0.0
2026-05-31,53,36.58,0,31.75,Basic,North,0.0
2026-05-31,52,59.5,3,42.06,Standard,East,0.0
2026-05-31,25,33.65,1,49.39,Basic,North,0.0
2026-05-31,14,59.87,1,34.14,Standard,East,0.0
2026-05-31,47,69.34,1,33.08,Standard,East,0.0
2026-05-31,30,60.46,4,45.07,Standard,North,0.0
2026-05-31,32,36.46,0,42.88,Basic,South,0.0
2026-05-31,18,28.05,0,28.67,Basic,North,0.0
2026-05-31,28,89.33,2,56.4,Premium,East,0.0
2026-05-31,62,89.09,1,63.38,Premium,North,0.0
2026-05-31,66,63.55,1,54.7,Standard,East,0.0
2026-05-31,29,35.9,0,39.23,Basic,South,0.0
2026-05-31,15,66.82,0,41.79,Standard,North,0.0
2026-05-31,8,26.14,1,53.06,Basic,West,0.0
2026-05-31,18,34.16,1,35.85,Basic,East,0.0
2026-05-31,6,31.25,1,45.1,Basic,South,0.0
2026-05-31,51,37.67,1,55.28,Basic,West,0.0
2026-05-31,49,33.66,0,44.05,Basic,East,0.0
2026-05-31,59,34.6,3,25.73,Basic,West,0.0
2026-05-31,28,91.28,0,37.31,Premium,North,0.0
2026-05-31,62,73.62,0,39.72,Standard,North,0.0
2026-05-31,17,28.58,0,42.79,Basic,North,0.0
2026-05-31,21,33.0,1,40.15,Basic,East,0.0
2026-05-31,68,95.54,0,71.77,Premium,West,0.0
2026-05-31,65,33.74,0,40.05,Basic,West,0.0
2026-05-31,46,31.18,0,32.43,Basic,West,0.0
2026-05-31,47,55.94,1,31.37,Standard,East,0.0
2026-05-31,53,61.54,1,54.5,Standard,East,0.0
2026-05-31,61,60.2,2,42.64,Standard,South,0.0
2026-05-31,21,43.4,0,20.64,Basic,North,0.0
2026-05-31,10,46.32,2,35.92,Basic,North,0.0
2026-05-31,18,34.75,0,25.74,Basic,North,0.0
2026-05-31,30,57.98,0,38.44,Standard,East,0.0
2026-05-31,22,38.69,0,35.76,Basic,East,0.0
2026-05-31,41,30.09,2,26.65,Basic,West,0.0
2026-05-31,15,32.25,0,30.82,Basic,North,0.0
2026-05-31,45,91.86,1,42.26,Premium,West,0.0
2026-05-31,54,32.5,1,28.53,Basic,East,0.0
2026-05-31,12,33.23,6,25.62,Basic,West,0.0
2026-05-31,25,88.43,0,44.87,Premium,East,0.0
2026-05-31,42,61.49,0,33.75,Standard,South,0.0
2026-05-31,10,70.1,2,48.57,Standard,East,0.0
2026-05-31,51,64.83,3,44.71,Standard,East,0.0
2026-05-31,57,35.63,0,47.65,Basic,North,0.0
2026-05-31,30,53.84,1,61.57,Standard,North,0.0
2026-05-31,6,39.74,1,42.47,Basic,East,0.0
2026-05-31,40,91.57,0,54.2,Premium,North,0.0
2026-05-31,65,40.62,1,43.1,Basic,North,0.0
2026-05-31,25,65.77,2,47.37,Standard,North,1.0
2026-05-31,63,62.19,1,43.2,Standard,East,0.0
2026-05-31,65,26.61,0,35.41,Basic,West,0.0
2026-05-31,25,45.87,4,25.48,Basic,South,1.0
2026-05-31,46,69.02,1,51.09,Standard,North,0.0
2026-05-31,8,39.32,5,35.39,Basic,East,1.0
2026-05-31,43,104.09,2,64.2,Premium,South,0.0
2026-05-31,65,36.12,2,44.85,Basic,East,0.0
2026-05-31,70,71.76,2,36.44,Standard,South,0.0
2026-05-31,19,62.61,0,55.17,Standard,East,0.0
2026-05-31,51,68.69,1,17.09,Standard,South,0.0
2026-05-31,10,61.85,1,62.0,Standard,West,0.0
2026-05-31,25,62.48,0,29.32,Standard,East,0.0
2026-05-31,62,65.49,0,47.65,Standard,South,0.0
2026-05-31,49,58.66,5,46.97,Standard,North,0.0
2026-05-31,32,66.65,0,53.94,Standard,East,0.0
2026-05-31,71,33.44,1,32.41,Basic,South,0.0
2026-05-31,57,25.06,6,14.24,Basic,North,0.0
2026-05-31,7,32.71,1,32.43,Basic,South,0.0
2026-05-31,11,63.27,2,40.51,Standard,South,0.0
2026-05-31,48,99.26,1,29.21,Premium,West,0.0
2026-05-31,65,36.43,2,36.15,Basic,East,0.0
2026-05-31,16,72.24,0,31.94,Standard,East,0.0
2026-05-31,42,37.6,2,42.19,Basic,East,0.0
2026-05-31,61,62.23,1,40.24,Standard,West,0.0
2026-05-31,64,64.71,1,62.31,Standard,North,0.0
2026-05-31,49,63.26,2,40.14,Standard,South,0.0
2026-05-31,73,67.44,1,47.0,Standard,East,0.0
2026-05-31,69,65.3,0,40.57,Standard,North,0.0
2026-05-31,62,31.86,4,19.47,Basic,South,1.0
2026-05-31,51,65.04,3,40.65,Standard,South,0.0
2026-05-31,73,37.31,0,43.23,Basic,West,0.0
2026-05-31,7,89.97,3,55.72,Premium,West,0.0
2026-05-31,12,66.59,1,39.77,Standard,North,0.0
2026-05-31,40,27.11,0,21.13,Basic,North,0.0
2026-05-31,51,40.53,2,42.14,Basic,West,0.0
2026-05-31,67,67.64,1,46.89,Standard,North,0.0
2026-05-31,52,103.15,5,58.13,Premium,South,1.0
2026-05-31,21,29.42,2,32.96,Basic,West,0.0
2026-05-31,67,70.67,3,25.86,Standard,West,0.0
2026-05-31,11,39.68,0,41.04,Basic,West,0.0
2026-05-31,12,64.09,4,42.61,Standard,North,1.0
2026-05-31,54,63.12,0,56.62,Standard,North,0.0
2026-05-31,71,29.57,0,35.99,Basic,North,0.0
2026-05-31,40,58.27,0,42.25,Standard,West,0.0
2026-05-31,15,31.24,1,39.87,Basic,North,0.0
2026-05-31,9,88.72,0,43.73,Premium,South,0.0
2026-05-31,72,42.98,1,29.25,Basic,West,0.0
2026-05-31,25,57.49,0,41.72,Standard,South,0.0
2026-05-31,49,35.74,3,26.5,Basic,West,1.0
2026-05-31,28,67.18,1,40.41,Standard,South,1.0
2026-05-31,20,36.79,3,55.1,Basic,South,0.0
2026-05-31,51,67.23,2,53.13,Standard,West,0.0
2026-05-31,56,39.73,2,38.78,Basic,East,0.0
2026-05-31,38,32.77,0,51.22,Basic,North,0.0
2026-05-31,40,95.44,1,41.45,Premium,East,0.0
2026-05-31,39,63.53,2,67.6,Standard,West,0.0
2026-05-31,46,71.51,2,38.09,Standard,West,0.0
2026-05-31,60,75.5,0,62.74,Standard,North,0.0
2026-05-31,54,29.03,0,55.69,Basic,North,0.0
2026-05-31,24,84.84,3,32.17,Premium,East,0.0
2026-05-31,22,37.85,2,50.37,Basic,East,0.0
2026-05-31,51,100.35,3,46.86,Premium,East,0.0
2026-05-31,49,104.78,2,44.02,Premium,South,0.0
2026-05-31,30,38.69,3,40.95,Basic,West,0.0
2026-05-31,63,41.98,2,25.62,Basic,East,0.0
2026-05-31,34,73.3,0,47.72,Standard,West,0.0
2026-05-31,28,72.32,1,33.29,Standard,South,0.0
2026-05-31,43,39.41,2,37.47,Basic,West,0.0
2026-05-31,19,28.59,3,49.05,Basic,North,0.0
2026-05-31,53,34.96,2,39.57,Basic,East,0.0
2026-05-31,66,66.5,1,39.1,Standard,East,0.0
2026-05-31,70,64.5,1,48.11,Standard,South,0.0
2026-05-31,36,34.81,1,21.64,Basic,North,0.0
2026-05-31,24,72.84,1,34.31,Standard,West,1.0
2026-05-31,38,61.22,0,38.4,Standard,North,0.0
2026-05-31,13,99.0,2,57.57,Premium,South,0.0
2026-05-31,51,36.58,1,39.76,Basic,North,0.0
2026-05-31,35,30.71,3,41.05,Basic,South,0.0
2026-05-31,14,29.62,3,35.43,Basic,West,0.0
2026-05-31,43,56.49,5,34.82,Standard,East,0.0
2026-05-31,54,37.43,1,50.58,Basic,North,0.0
2026-05-31,21,34.68,1,28.72,Basic,South,0.0
2026-05-31,33,60.87,3,46.89,Standard,North,0.0
2026-05-31,66,55.62,3,41.58,Standard,East,0.0
2026-05-31,54,37.16,0,41.33,Basic,North,0.0
2026-05-31,60,34.13,1,29.65,Basic,South,0.0
2026-05-31,36,31.43,1,46.23,Basic,North,1.0
2026-05-31,39,30.18,0,49.48,Basic,North,0.0
2026-05-31,39,33.81,0,45.61,Basic,North,0.0
2026-05-31,36,37.35,0,37.28,Basic,West,0.0
2026-05-31,15,33.35,2,31.35,Basic,West,0.0
2026-05-31,8,89.06,0,77.92,Premium,West,0.0
2026-05-31,62,94.71,1,39.78,Premium,East,0.0
2026-05-31,42,40.23,1,44.51,Basic,South,0.0
2026-05-31,42,65.2,2,46.03,Standard,North,0.0
2026-05-31,46,35.34,6,35.07,Basic,West,1.0
2026-05-31,34,93.37,0,51.55,Premium,West,0.0
2026-05-31,66,90.55,2,44.6,Premium,South,0.0
2026-05-31,37,60.39,1,46.97,Standard,North,0.0
2026-05-31,40,56.69,1,45.87,Standard,South,0.0
2026-05-31,42,40.91,0,62.48,Basic,South,0.0
2026-05-31,16,37.31,1,46.41,Basic,West,0.0
2026-05-31,17,65.41,0,47.86,Standard,North,0.0
2026-05-31,18,36.48,1,41.46,Basic,East,1.0
2026-05-31,23,66.7,1,61.1,Standard,West,0.0
2026-05-31,16,61.33,2,33.0,Standard,West,0.0
2026-05-31,21,33.37,2,33.87,Basic,North,0.0
2026-05-31,69,62.63,0,23.63,Standard,South,0.0
2026-05-31,30,77.56,1,48.29,Standard,South,0.0
2026-05-31,59,70.1,4,51.18,Standard,South,1.0
2026-05-31,32,65.84,3,32.74,Standard,North,0.0
2026-05-31,62,101.83,0,64.05,Premium,North,0.0
2026-05-31,57,41.2,0,28.51,Basic,North,0.0
2026-05-31,63,58.1,2,39.28,Standard,West,0.0
2026-05-31,25,33.89,1,36.9,Basic,South,0.0
2026-05-31,12,34.92,2,51.64,Basic,North,0.0
2026-05-31,26,98.06,4,41.12,Premium,West,0.0
2026-05-31,53,33.88,0,38.61,Basic,South,0.0
2026-05-31,50,34.51,0,43.45,Basic,South,0.0
2026-05-31,53,32.69,2,41.38,Basic,North,0.0
2026-05-31,73,100.24,4,55.75,Premium,South,0.0
2026-05-31,21,87.78,4,57.32,Premium,East,1.0
2026-05-31,36,32.86,1,30.15,Basic,East,0.0
2026-05-31,39,55.78,1,59.58,Standard,South,0.0
2026-05-31,16,29.85,0,34.59,Basic,East,0.0
2026-05-31,51,66.59,0,40.26,Standard,West,0.0
2026-05-31,9,66.68,2,56.18,Standard,West,0.0
2026-05-31,67,33.43,1,29.39,Basic,East,0.0
2026-05-31,12,70.62,1,45.9,Standard,North,0.0
2026-05-31,13,101.77,2,42.47,Premium,North,0.0
2026-05-31,17,34.65,2,60.89,Basic,North,0.0
2026-05-31,66,36.25,1,58.79,Basic,North,0.0
2026-05-31,64,92.74,2,48.6,Premium,East,0.0
2026-05-31,68,38.13,1,40.9,Basic,North,0.0
2026-05-31,62,59.03,1,42.75,Standard,North,0.0
2026-05-31,68,73.98,1,39.21,Standard,East,0.0
2026-05-31,38,40.7,0,36.9,Basic,South,0.0
2026-05-31,6,29.01,0,35.29,Basic,West,0.0
2026-05-31,35,31.05,1,20.49,Basic,North,0.0
2026-05-31,21,37.11,1,38.33,Basic,South,1.0
2026-05-31,22,63.31,0,42.28,Standard,North,0.0
2026-05-31,53,97.72,3,52.82,Premium,East,0.0
2026-05-31,17,33.2,0,34.92,Basic,North,0.0
2026-05-31,27,72.62,2,39.1,Standard,North,0.0
2026-05-31,32,35.04,1,44.45,Basic,East,0.0
2026-05-31,10,47.1,1,41.03,Basic,West,0.0
2026-05-31,53,68.01,0,56.66,Standard,East,0.0
2026-05-31,57,28.25,1,40.65,Basic,West,0.0
2026-05-31,43,75.43,3,40.72,Standard,West,0.0
2026-05-31,7,40.49,0,41.87,Basic,West,0.0
2026-05-31,59,66.9,1,22.89,Standard,West,0.0
2026-05-31,36,98.23,0,70.74,Premium,North,0.0
2026-05-31,24,29.05,1,38.44,Basic,North,0.0
2026-05-31,70,85.98,2,71.54,Premium,South,0.0
2026-05-31,64,34.79,4,27.01,Basic,East,0.0
2026-05-31,35,41.89,2,24.52,Basic,West,0.0
2026-05-31,36,36.98,1,39.36,Basic,North,0.0
2026-05-31,68,103.55,0,53.33,Premium,North,0.0
2026-05-31,18,71.61,0,46.08,Standard,South,0.0
2026-05-31,33,95.1,3,51.56,Premium,East,0.0
2026-05-31,44,70.92,2,36.42,Standard,West,0.0
2026-05-31,29,42.61,1,20.85,Basic,West,0.0
2026-05-31,27,94.6,2,52.53,Premium,East,0.0
2026-05-31,13,93.93,0,36.87,Premium,West,0.0
2026-05-31,24,65.7,2,28.93,Standard,South,0.0
2026-05-31,30,52.94,2,38.89,Standard,East,0.0
2026-05-31,62,96.4,3,54.01,Premium,North,0.0
2026-05-31,28,38.6,0,55.58,Basic,East,0.0
2026-05-31,16,95.72,2,59.49,Premium,South,0.0
2026-05-31,63,96.72,0,64.03,Premium,West,0.0
2026-05-31,29,64.78,1,49.24,Standard,South,0.0
2026-05-31,68,25.01,1,39.37,Basic,South,0.0
2026-05-31,13,43.31,1,60.76,Basic,South,0.0
2026-05-31,7,93.16,0,36.47,Premium,West,0.0
2026-05-31,68,91.91,1,45.57,Premium,West,0.0
2026-05-31,12,71.79,2,39.35,Standard,South,0.0
2026-05-31,6,99.89,0,58.64,Premium,West,0.0
2026-05-31,49,66.37,0,32.91,Standard,West,0.0
2026-05-31,27,98.85,3,57.33,Premium,West,0.0
2026-05-31,38,29.23,2,41.5,Basic,West,0.0
2026-05-31,33,34.6,2,43.83,Basic,South,0.0
2026-05-31,26,71.47,1,50.65,Standard,East,0.0
2026-05-31,38,31.61,0,51.08,Basic,South,0.0
2026-05-31,23,30.01,0,35.21,Basic,South,1.0
2026-05-31,21,65.39,2,48.0,Standard,South,0.0
2026-05-31,21,35.51,0,28.33,Basic,North,0.0
2026-05-31,14,68.24,1,33.05,Standard,North,1.0
2026-05-31,41,28.11,0,53.35,Basic,West,0.0
2026-05-31,43,82.25,0,41.58,Premium,North,0.0
2026-05-31,7,39.61,2,42.11,Basic,East,1.0
2026-05-31,37,59.59,1,48.01,Standard,West,0.0
2026-05-31,56,61.95,1,54.45,Standard,South,0.0
2026-05-31,6,24.08,3,19.12,Basic,South,1.0
2026-05-31,26,40.11,2,44.61,Basic,West,0.0
2026-05-31,71,36.75,1,35.12,Basic,West,0.0
2026-05-31,35,36.55,1,29.7,Basic,West,0.0
2026-05-31,7,36.52,1,33.19,Basic,East,0.0
2026-05-31,41,24.7,2,46.07,Basic,West,0.0
2026-05-31,33,60.07,1,50.01,Standard,South,0.0
2026-05-31,20,32.74,1,34.42,Basic,East,0.0
2026-05-31,10,31.26,1,24.31,Basic,East,1.0
2026-05-31,66,33.64,1,25.01,Basic,West,1.0
2026-05-31,61,66.23,2,50.23,Standard,South,0.0
2026-05-31,52,70.03,1,29.92,Standard,West,0.0
2026-05-31,7,57.6,0,41.52,Standard,East,0.0
2026-05-31,65,64.96,3,69.51,Standard,North,0.0
2026-05-31,38,68.56,0,47.3,Standard,East,0.0
2026-05-31,38,30.38,0,43.12,Basic,West,0.0
2026-05-31,65,34.04,1,25.09,Basic,South,0.0
2026-05-31,35,67.33,2,30.43,Standard,East,0.0
2026-05-31,22,35.06,2,43.66,Basic,West,0.0
2026-05-31,22,98.37,2,46.88,Premium,West,0.0
2026-05-31,69,65.47,4,54.44,Standard,South,0.0
2026-05-31,43,63.44,1,44.13,Standard,West,0.0
2026-05-31,45,59.14,4,78.26,Standard,East,0.0
2026-05-31,46,96.24,3,44.98,Premium,East,0.0
2026-05-31,20,35.5,2,39.59,Basic,East,0.0
2026-05-31,34,30.04,1,27.76,Basic,South,0.0
2026-05-31,70,97.91,0,61.02,Premium,South,0.0
2026-05-31,15,71.34,3,48.11,Standard,North,0.0
2026-05-31,70,61.7,0,34.09,Standard,West,0.0
2026-05-31,24,31.36,4,33.53,Basic,South,0.0
2026-05-31,26,31.18,1,50.42,Basic,East,0.0
2026-05-31,6,56.61,2,56.22,Standard,East,1.0
2026-05-31,51,45.02,2,22.56,Basic,East,0.0
2026-05-31,27,32.76,0,32.04,Basic,West,0.0
2026-05-31,37,30.71,3,54.91,Basic,West,0.0
2026-05-31,45,89.37,1,49.03,Premium,North,0.0
2026-05-31,49,63.06,1,45.53,Standard,West,0.0
2026-05-31,70,61.52,1,53.97,Standard,North,0.0
2026-05-31,43,102.19,0,37.38,Premium,East,0.0
2026-05-31,18,28.76,1,27.3,Basic,East,0.0
2026-05-31,53,57.31,0,40.46,Standard,North,0.0
2026-05-31,9,67.76,0,55.75,Standard,South,0.0
2026-05-31,63,64.46,3,53.9,Standard,West,0.0
2026-05-31,26,63.89,3,50.9,Standard,North,0.0
2026-05-31,55,97.8,0,49.31,Premium,North,0.0
2026-05-31,16,35.68,0,48.0,Basic,North,0.0
2026-05-31,33,34.77,1,35.17,Basic,North,0.0
2026-05-31,53,87.97,1,56.48,Premium,East,0.0
2026-05-31,48,26.66,3,45.82,Basic,West,0.0
2026-05-31,6,61.5,2,60.67,Standard,East,0.0
2026-05-31,8,29.58,1,36.14,Basic,South,0.0
2026-05-31,72,96.35,1,47.07,Premium,West,0.0
2026-05-31,41,56.01,1,56.65,Standard,South,0.0
2026-05-31,64,92.76,1,64.42,Premium,South,0.0
2026-05-31,10,64.13,1,38.27,Standard,East,0.0
2026-05-31,39,94.8,3,39.65,Premium,North,0.0
2026-05-31,45,66.99,2,55.89,Standard,South,0.0
2026-05-31,68,63.37,4,27.28,Standard,West,0.0
2026-05-31,54,61.66,0,26.77,Standard,East,0.0
2026-05-31,48,71.22,3,41.02,Standard,West,0.0
2026-05-31,25,63.4,1,43.72,Standard,West,0.0
2026-05-31,73,42.1,2,25.1,Basic,South,0.0
2026-05-31,28,33.37,1,37.92,Basic,West,1.0
2026-05-31,24,64.92,2,45.36,Standard,West,0.0
2026-05-31,55,34.31,2,30.9,Basic,East,0.0
2026-05-31,73,66.16,3,63.03,Standard,West,0.0
2026-05-31,64,32.9,1,40.0,Basic,East,0.0
2026-05-31,18,35.48,0,46.98,Basic,West,0.0
2026-05-31,61,72.65,0,28.14,Standard,North,1.0
2026-05-31,30,40.24,2,21.05,Basic,South,0.0
2026-05-31,21,100.28,2,54.3,Premium,South,0.0
2026-05-31,69,88.29,2,68.25,Premium,North,0.0
2026-05-31,70,59.1,1,32.6,Standard,East,0.0
2026-05-31,31,36.09,4,37.13,Basic,North,1.0
2026-05-31,7,38.85,2,23.35,Basic,North,1.0
2026-05-31,20,62.4,2,35.51,Standard,West,0.0
2026-05-31,42,31.51,2,37.63,Basic,North,0.0
2026-05-31,10,101.97,2,44.77,Premium,West,0.0
2026-05-31,21,98.43,2,36.64,Premium,North,0.0
2026-05-31,16,40.29,1,22.42,Basic,South,0.0
2026-05-31,70,62.79,1,23.84,Standard,North,0.0
2026-05-31,30,62.4,4,47.47,Standard,North,1.0
2026-05-31,31,69.74,0,48.68,Standard,West,0.0
2026-05-31,34,33.69,2,41.63,Basic,North,1.0
2026-05-31,6,61.95,1,33.61,Standard,West,0.0
2026-05-31,42,30.43,2,45.76,Basic,East,0.0
2026-05-31,68,92.44,1,56.77,Premium,South,0.0
2026-05-31,61,69.38,2,42.77,Standard,West,0.0
2026-05-31,23,57.45,1,41.13,Standard,South,0.0
2026-05-31,6,98.15,0,43.21,Premium,South,0.0
2026-05-31,58,61.46,1,44.62,Standard,South,0.0
2026-05-31,63,63.95,4,58.87,Standard,East,0.0
2026-05-31,68,34.27,0,47.08,Basic,West,0.0
2026-05-31,45,63.9,1,40.14,Standard,East,0.0
2026-05-31,38,33.56,1,41.09,Basic,South,0.0
2026-05-31,57,92.78,2,38.69,Premium,West,0.0
2026-05-31,52,32.14,2,43.0,Basic,East,1.0
2026-05-31,57,41.6,2,27.39,Basic,West,0.0
2026-05-31,25,65.13,1,49.6,Standard,South,0.0
2026-05-31,67,34.37,2,65.39,Basic,North,0.0
2026-05-31,8,91.78,1,44.0,Premium,West,0.0
2026-05-31,12,32.96,1,64.93,Basic,East,0.0
2026-05-31,50,31.79,1,40.61,Basic,South,0.0
2026-05-31,44,68.83,0,35.2,Standard,West,0.0
2026-05-31,43,61.23,1,34.75,Standard,North,0.0
2026-05-31,67,83.77,2,73.35,Premium,West,0.0
2026-05-31,65,35.29,1,40.63,Basic,East,0.0
2026-05-31,54,33.6,5,30.04,Basic,East,1.0
2026-05-31,17,32.07,0,33.67,Basic,North,1.0
2026-05-31,12,39.56,0,40.01,Basic,North,0.0
2026-05-31,15,51.33,2,42.61,Standard,East,0.0
2026-05-31,47,42.88,2,39.16,Basic,East,0.0
2026-06-30,56,34.98,0,27.07,Basic,South,0.0
2026-06-30,37,92.06,0,37.59,Premium,West,0.0
2026-06-30,26,75.11,3,24.67,Standard,North,0.0
2026-06-30,8,59.33,0,42.37,Standard,East,0.0
2026-06-30,27,36.57,5,41.68,Basic,West,1.0
2026-06-30,34,31.57,2,49.59,Basic,East,1.0
2026-06-30,63,68.69,3,22.46,Standard,North,0.0
2026-06-30,50,66.47,3,28.15,Standard,North,0.0
2026-06-30,35,41.27,1,33.2,Basic,North,0.0
2026-06-30,15,68.59,1,69.28,Standard,West,0.0
2026-06-30,25,31.53,5,43.26,Basic,North,1.0
2026-06-30,69,49.58,1,38.13,Basic,North,0.0
2026-06-30,15,37.78,0,22.15,Basic,South,0.0
2026-06-30,49,32.25,2,13.2,Basic,South,0.0
2026-06-30,42,36.03,1,34.79,Basic,North,1.0
2026-06-30,21,98.15,4,47.41,Premium,South,0.0
2026-06-30,66,67.96,3,38.72,Standard,West,0.0
2026-06-30,33,37.48,1,30.6,Basic,North,0.0
2026-06-30,51,39.83,2,26.92,Basic,West,0.0
2026-06-30,13,69.34,0,31.62,Standard,East,0.0
2026-06-30,72,30.76,0,48.3,Basic,South,0.0
2026-06-30,8,105.54,0,39.53,Premium,East,0.0
2026-06-30,28,74.84,1,38.64,Standard,South,0.0
2026-06-30,69,99.0,3,48.01,Premium,North,0.0
2026-06-30,50,35.19,0,41.46,Basic,North,0.0
2026-06-30,52,95.28,2,39.88,Premium,North,0.0
2026-06-30,28,63.38,2,51.18,Standard,East,0.0
2026-06-30,60,64.03,2,35.6,Standard,North,1.0
2026-06-30,70,84.07,0,46.78,Premium,North,0.0
2026-06-30,49,72.65,2,57.83,Standard,North,0.0
2026-06-30,21,40.89,2,24.71,Basic,North,0.0
2026-06-30,68,56.62,1,48.61,Standard,West,0.0
2026-06-30,7,69.45,2,51.45,Standard,North,0.0
2026-06-30,67,94.96,1,51.5,Premium,East,0.0
2026-06-30,7,64.0,0,40.22,Standard,South,0.0
2026-06-30,10,67.46,1,62.66,Standard,North,0.0
2026-06-30,9,26.29,1,34.26,Basic,South,1.0
2026-06-30,19,34.94,1,36.44,Basic,North,0.0
2026-06-30,56,65.4,2,38.03,Standard,South,0.0
2026-06-30,33,35.4,0,35.91,Basic,West,0.0
2026-06-30,12,28.16,1,44.04,Basic,East,0.0
2026-06-30,30,67.23,3,38.65,Standard,West,0.0
2026-06-30,74,70.3,2,20.31,Standard,East,0.0
2026-06-30,42,67.04,3,46.54,Standard,West,0.0
2026-06-30,56,33.85,2,23.62,Basic,North,1.0
2026-06-30,25,48.45,1,41.82,Basic,North,0.0
2026-06-30,42,60.38,1,41.39,Standard,South,0.0
2026-06-30,61,98.87,1,57.83,Premium,East,1.0
2026-06-30,52,36.22,0,24.92,Basic,West,0.0
2026-06-30,7,75.06,1,36.05,Standard,North,0.0
2026-06-30,48,66.93,1,38.0,Standard,North,0.0
2026-06-30,60,68.01,2,26.58,Standard,West,0.0
2026-06-30,16,67.53,1,52.51,Standard,East,0.0
2026-06-30,33,29.71,6,18.15,Basic,South,1.0
2026-06-30,50,60.66,1,52.37,Standard,North,0.0
2026-06-30,7,63.62,0,45.64,Standard,East,0.0
2026-06-30,55,39.79,2,32.41,Basic,West,1.0
2026-06-30,64,36.17,2,37.85,Basic,North,0.0
2026-06-30,42,33.97,1,37.58,Basic,North,0.0
2026-06-30,37,71.86,3,37.4,Standard,West,0.0
2026-06-30,13,85.09,0,51.38,Premium,West,0.0
2026-06-30,56,28.52,1,41.71,Basic,North,0.0
2026-06-30,71,22.52,1,24.95,Basic,East,0.0
2026-06-30,66,101.04,2,51.86,Premium,West,0.0
2026-06-30,44,34.52,0,8.14,Basic,North,0.0
2026-06-30,9,39.83,1,15.1,Basic,North,0.0
2026-06-30,26,94.45,1,54.05,Premium,North,0.0
2026-06-30,24,100.12,2,44.22,Premium,West,0.0
2026-06-30,7,64.37,1,32.87,Standard,West,0.0
2026-06-30,15,37.05,1,33.87,Basic,North,0.0
2026-06-30,46,66.32,2,37.44,Standard,North,0.0
2026-06-30,13,96.69,2,38.51,Premium,East,0.0
2026-06-30,9,103.42,4,32.01,Premium,West,0.0
2026-06-30,71,26.88,1,14.72,Basic,West,0.0
2026-06-30,48,94.66,0,55.79,Premium,North,0.0
2026-06-30,61,65.99,1,37.18,Standard,South,0.0
2026-06-30,23,35.24,1,44.1,Basic,North,0.0
2026-06-30,31,33.01,0,30.07,Basic,North,0.0
2026-06-30,48,32.33,3,37.95,Basic,East,0.0
2026-06-30,53,102.65,0,47.15,Premium,South,0.0
2026-06-30,32,34.65,0,34.84,Basic,East,0.0
2026-06-30,69,77.19,1,42.33,Standard,South,1.0
2026-06-30,54,37.64,1,29.94,Basic,East,0.0
2026-06-30,22,63.55,3,29.1,Standard,East,0.0
2026-06-30,13,67.76,0,49.06,Standard,North,0.0
2026-06-30,7,95.54,2,64.34,Premium,North,0.0
2026-06-30,64,71.71,1,57.99,Standard,South,0.0
2026-06-30,63,59.16,2,35.87,Standard,North,0.0
2026-06-30,39,55.99,1,34.07,Standard,North,0.0
2026-06-30,56,66.8,2,35.86,Standard,South,1.0
2026-06-30,67,99.18,1,46.64,Premium,South,0.0
2026-06-30,17,66.43,0,40.88,Standard,South,0.0
2026-06-30,73,98.36,1,38.42,Premium,North,0.0
2026-06-30,40,37.63,1,19.6,Basic,North,0.0
2026-06-30,36,57.6,1,41.9,Standard,West,0.0
2026-06-30,17,96.41,3,13.1,Premium,East,0.0
2026-06-30,52,101.58,2,47.39,Premium,South,0.0
2026-06-30,47,65.86,3,31.95,Standard,North,0.0
2026-06-30,9,58.45,0,49.2,Standard,South,0.0
2026-06-30,51,63.33,2,51.88,Standard,West,1.0
2026-06-30,16,,0,45.11,Basic,West,0.0
2026-06-30,25,103.98,0,44.94,Premium,West,0.0
2026-06-30,48,25.22,0,23.05,Basic,North,0.0
2026-06-30,60,36.81,0,26.25,Basic,South,0.0
2026-06-30,16,60.34,2,44.28,Standard,North,0.0
2026-06-30,39,37.54,2,17.94,Basic,West,0.0
2026-06-30,26,37.94,2,48.34,Basic,North,0.0
2026-06-30,55,33.83,2,31.09,Basic,East,0.0
2026-06-30,63,98.16,2,53.4,Premium,South,0.0
2026-06-30,50,70.7,1,23.59,Standard,East,0.0
2026-06-30,61,94.18,0,39.14,Premium,West,0.0
2026-06-30,37,28.31,1,15.34,Basic,South,0.0
2026-06-30,47,42.13,2,44.61,Basic,North,0.0
2026-06-30,26,39.14,1,32.8,Basic,East,0.0
2026-06-30,74,37.82,4,40.11,Basic,East,0.0
2026-06-30,20,31.55,4,35.03,Basic,North,0.0
2026-06-30,69,39.93,0,39.08,Basic,North,0.0
2026-06-30,57,45.21,0,31.03,Basic,East,1.0
2026-06-30,74,64.39,0,39.36,Standard,East,0.0
2026-06-30,50,,1,33.48,Basic,North,0.0
2026-06-30,30,59.67,1,45.46,Standard,East,0.0
2026-06-30,26,31.4,2,38.72,Basic,South,1.0
2026-06-30,19,59.63,2,69.51,Standard,North,0.0
2026-06-30,72,65.65,2,58.22,Standard,East,0.0
2026-06-30,14,63.3,3,23.61,Standard,East,0.0
2026-06-30,62,96.86,3,46.97,Premium,North,0.0
2026-06-30,54,30.54,0,30.34,Basic,East,0.0
2026-06-30,15,34.16,3,47.2,Basic,North,0.0
2026-06-30,69,90.23,4,45.24,Premium,East,0.0
2026-06-30,18,95.94,2,53.04,Premium,West,0.0
2026-06-30,17,56.84,0,18.03,Standard,West,0.0
2026-06-30,43,65.76,1,26.26,Standard,South,0.0
2026-06-30,14,63.61,2,62.32,Standard,South,0.0
2026-06-30,13,95.9,1,48.9,Premium,North,0.0
2026-06-30,49,26.74,0,24.42,Basic,West,0.0
2026-06-30,72,38.27,1,36.83,Basic,South,0.0
2026-06-30,10,93.51,2,37.87,Premium,West,0.0
2026-06-30,50,66.09,1,38.57,Standard,West,0.0
2026-06-30,47,25.65,0,19.87,Basic,South,0.0
2026-06-30,11,28.79,1,26.51,Basic,East,0.0
2026-06-30,17,,0,37.24,Standard,South,0.0
2026-06-30,37,,4,52.61,Standard,East,0.0
2026-06-30,54,67.64,2,46.04,Standard,North,1.0
2026-06-30,22,35.65,1,40.79,Basic,West,0.0
2026-06-30,36,30.38,0,34.14,Basic,North,0.0
2026-06-30,40,59.47,0,49.63,Standard,East,0.0
2026-06-30,55,36.38,1,25.66,Basic,West,0.0
2026-06-30,23,68.5,0,34.07,Standard,West,0.0
2026-06-30,53,66.04,1,45.48,Standard,West,0.0
2026-06-30,63,43.55,1,31.61,Basic,East,0.0
2026-06-30,46,61.59,1,41.26,Standard,West,0.0
2026-06-30,56,35.9,1,32.76,Basic,West,0.0
2026-06-30,18,56.53,2,53.93,Standard,South,0.0
2026-06-30,68,66.06,2,54.46,Standard,East,0.0
2026-06-30,27,72.35,3,35.14,Standard,South,0.0
2026-06-30,20,89.79,1,30.8,Premium,South,0.0
2026-06-30,44,39.21,0,27.29,Basic,West,0.0
2026-06-30,33,72.21,1,32.43,Standard,North,0.0
2026-06-30,38,31.55,3,42.72,Basic,North,0.0
2026-06-30,61,97.33,4,57.6,Premium,North,0.0
2026-06-30,43,42.9,3,24.09,Basic,North,0.0
2026-06-30,32,66.15,0,33.85,Standard,East,0.0
2026-06-30,61,38.93,1,19.61,Basic,West,0.0
2026-06-30,32,26.13,2,35.74,Basic,West,0.0
2026-06-30,72,37.99,0,33.95,Basic,West,0.0
2026-06-30,74,37.59,1,42.29,Basic,West,0.0
2026-06-30,38,28.37,3,39.37,Basic,South,0.0
2026-06-30,59,30.18,1,40.5,Basic,West,0.0
2026-06-30,55,68.02,1,25.98,Standard,South,1.0
2026-06-30,65,33.49,2,28.14,Basic,East,0.0
2026-06-30,38,40.56,2,43.89,Basic,North,0.0
2026-06-30,34,96.55,2,43.01,Premium,West,0.0
2026-06-30,25,65.28,1,25.12,Standard,West,0.0
2026-06-30,46,,1,42.48,Basic,East,0.0
2026-06-30,48,36.46,4,28.63,Basic,North,0.0
2026-06-30,37,69.01,2,52.03,Standard,South,0.0
2026-06-30,28,67.67,4,41.22,Standard,East,0.0
2026-06-30,37,92.88,0,45.63,Premium,South,0.0
2026-06-30,41,,3,55.03,Standard,East,0.0
2026-06-30,15,98.29,1,35.37,Premium,South,1.0
2026-06-30,51,66.93,0,55.74,Standard,West,0.0
2026-06-30,64,95.46,3,42.01,Premium,North,0.0
2026-06-30,28,67.5,1,43.02,Standard,South,0.0
2026-06-30,33,,0,43.12,Standard,North,0.0
2026-06-30,13,66.21,0,37.13,Standard,East,0.0
2026-06-30,46,,1,33.78,Standard,South,0.0
2026-06-30,36,36.1,1,30.7,Basic,South,0.0
2026-06-30,65,35.42,1,24.25,Basic,North,0.0
2026-06-30,68,32.02,3,54.02,Basic,West,0.0
2026-06-30,59,37.46,2,29.59,Basic,North,0.0
2026-06-30,21,94.02,0,59.99,Premium,West,0.0
2026-06-30,20,71.55,3,51.67,Standard,West,0.0
2026-06-30,40,30.68,1,38.03,Basic,West,0.0
2026-06-30,49,32.74,1,33.04,Basic,South,0.0
2026-06-30,9,32.0,2,36.34,Basic,East,1.0
2026-06-30,40,104.17,1,54.12,Premium,West,0.0
2026-06-30,12,94.05,0,49.4,Premium,North,0.0
2026-06-30,24,32.26,3,18.73,Basic,North,0.0
2026-06-30,31,24.55,2,16.22,Basic,North,0.0
2026-06-30,9,90.44,0,63.49,Premium,West,0.0
2026-06-30,24,67.64,0,15.05,Standard,North,1.0
2026-06-30,49,97.62,1,50.36,Premium,West,0.0
2026-06-30,74,31.74,3,32.05,Basic,West,1.0
2026-06-30,60,32.02,2,36.01,Basic,West,0.0
2026-06-30,27,74.3,1,30.0,Standard,East,0.0
2026-06-30,71,48.48,1,37.91,Basic,East,0.0
2026-06-30,36,100.75,1,50.46,Premium,East,0.0
2026-06-30,31,72.8,2,69.01,Standard,East,0.0
2026-06-30,64,43.86,2,35.7,Basic,West,0.0
2026-06-30,34,76.07,0,54.88,Standard,South,0.0
2026-06-30,57,63.49,0,26.41,Standard,West,0.0
2026-06-30,18,90.61,3,58.6,Premium,South,1.0
2026-06-30,29,44.17,2,36.66,Basic,North,0.0
2026-06-30,73,60.18,0,44.1,Standard,West,0.0
2026-06-30,23,29.86,3,37.24,Basic,East,0.0
2026-06-30,64,89.97,3,65.46,Premium,North,0.0
2026-06-30,38,64.34,1,43.95,Standard,North,0.0
2026-06-30,72,25.08,2,26.56,Basic,North,1.0
2026-06-30,35,57.83,1,35.24,Standard,East,0.0
2026-06-30,40,61.89,1,49.57,Standard,West,0.0
2026-06-30,33,59.02,2,45.87,Standard,South,0.0
2026-06-30,21,40.31,2,19.1,Basic,North,0.0
2026-06-30,64,65.03,0,46.55,Standard,West,0.0
2026-06-30,45,97.89,1,37.58,Premium,East,0.0
2026-06-30,41,37.34,0,38.78,Basic,East,0.0
2026-06-30,32,33.97,0,26.34,Basic,North,0.0
2026-06-30,59,99.94,0,45.59,Premium,East,0.0
2026-06-30,30,67.26,1,35.95,Standard,South,0.0
2026-06-30,23,33.41,2,49.59,Basic,North,0.0
2026-06-30,12,86.58,0,52.42,Premium,South,0.0
2026-06-30,66,37.6,3,47.01,Basic,North,0.0
2026-06-30,11,,1,70.35,Standard,South,0.0
2026-06-30,64,66.9,0,41.87,Standard,West,0.0
2026-06-30,32,35.39,1,49.42,Basic,West,0.0
2026-06-30,7,88.2,1,41.41,Premium,East,1.0
2026-06-30,69,66.29,1,53.95,Standard,West,0.0
2026-06-30,57,35.96,2,26.32,Basic,West,0.0
2026-06-30,56,95.97,2,48.22,Premium,North,0.0
2026-06-30,44,95.73,2,53.77,Premium,South,0.0
2026-06-30,58,,2,48.34,Standard,South,0.0
2026-06-30,16,37.96,0,21.67,Basic,East,0.0
2026-06-30,22,31.56,1,25.73,Basic,West,0.0
2026-06-30,43,59.63,1,47.51,Standard,West,1.0
2026-06-30,56,98.37,1,44.72,Premium,North,0.0
2026-06-30,47,39.68,0,20.43,Basic,East,0.0
2026-06-30,34,38.03,2,33.69,Basic,North,0.0
2026-06-30,52,33.96,2,33.21,Basic,South,0.0
2026-06-30,11,55.3,1,43.17,Standard,South,0.0
2026-06-30,41,72.41,3,46.69,Standard,East,1.0
2026-06-30,33,25.22,1,39.06,Basic,West,0.0
2026-06-30,40,,0,33.72,Standard,West,0.0
2026-06-30,15,75.55,1,37.29,Standard,South,0.0
2026-06-30,68,35.75,0,43.68,Basic,East,0.0
2026-06-30,65,96.46,1,42.97,Premium,North,0.0
2026-06-30,71,36.9,2,30.45,Basic,North,1.0
2026-06-30,64,35.99,0,19.36,Basic,West,0.0
2026-06-30,52,76.75,2,41.11,Standard,West,0.0
2026-06-30,26,60.78,1,44.85,Standard,West,0.0
2026-06-30,14,30.16,1,14.65,Basic,South,0.0
2026-06-30,48,93.36,0,37.7,Premium,East,0.0
2026-06-30,71,43.7,1,20.18,Basic,North,0.0
2026-06-30,31,32.12,0,42.28,Basic,East,0.0
2026-06-30,74,67.15,1,22.28,Standard,South,0.0
2026-06-30,17,,1,47.61,Premium,West,0.0
2026-06-30,26,68.89,2,48.58,Standard,South,0.0
2026-06-30,51,40.09,2,36.28,Basic,East,0.0
2026-06-30,40,42.09,5,30.0,Basic,East,1.0
2026-06-30,58,36.54,0,37.86,Basic,West,0.0
2026-06-30,30,62.71,1,51.77,Standard,North,0.0
2026-06-30,59,65.74,3,40.32,Standard,South,0.0
2026-06-30,27,33.3,4,12.01,Basic,South,1.0
2026-06-30,17,77.61,2,52.88,Standard,North,1.0
2026-06-30,45,62.34,0,45.4,Standard,West,0.0
2026-06-30,41,37.42,2,34.07,Basic,West,0.0
2026-06-30,45,27.5,1,14.6,Basic,North,0.0
2026-06-30,8,65.66,1,38.42,Standard,East,0.0
2026-06-30,34,33.56,1,25.65,Basic,West,0.0
2026-06-30,13,38.38,2,22.24,Basic,South,1.0
2026-06-30,61,38.51,3,33.04,Basic,East,0.0
2026-06-30,12,72.08,0,36.04,Standard,East,0.0
2026-06-30,70,71.69,0,36.7,Standard,North,0.0
2026-06-30,10,64.67,0,48.8,Standard,West,0.0
2026-06-30,48,30.28,3,36.96,Basic,West,0.0
2026-06-30,29,60.86,2,36.44,Standard,South,0.0
2026-06-30,14,36.51,5,28.18,Basic,South,0.0
2026-06-30,31,95.79,2,43.85,Premium,West,0.0
2026-06-30,9,96.29,1,45.93,Premium,West,0.0
2026-06-30,54,62.32,0,47.24,Standard,North,0.0
2026-06-30,66,42.19,2,23.97,Basic,South,0.0
2026-06-30,29,57.64,1,55.98,Standard,East,0.0
2026-06-30,36,32.05,5,40.25,Basic,North,0.0
2026-06-30,16,29.61,2,7.02,Basic,West,0.0
2026-06-30,39,93.96,2,49.25,Premium,North,0.0
2026-06-30,71,41.23,2,44.81,Basic,West,0.0
2026-06-30,43,33.56,1,38.29,Basic,North,0.0
2026-06-30,66,65.51,0,37.28,Standard,West,0.0
2026-06-30,60,68.32,1,40.79,Standard,North,0.0
2026-06-30,15,63.32,0,43.18,Standard,East,0.0
2026-06-30,10,36.91,1,42.1,Basic,South,0.0
2026-06-30,31,66.25,1,27.25,Standard,South,0.0
2026-06-30,70,29.35,0,28.35,Basic,North,0.0
2026-06-30,18,92.68,2,64.79,Premium,East,0.0
2026-06-30,10,36.77,1,34.73,Basic,East,0.0
2026-06-30,72,41.41,2,49.68,Basic,South,0.0
2026-06-30,20,71.41,0,71.26,Standard,South,0.0
2026-06-30,31,45.48,2,29.48,Basic,East,0.0
2026-06-30,60,67.43,2,29.43,Standard,East,0.0
2026-06-30,13,32.93,2,31.74,Basic,East,0.0
2026-06-30,18,34.68,2,45.39,Basic,North,0.0
2026-06-30,56,34.43,2,46.79,Basic,East,0.0
2026-06-30,7,32.96,1,57.12,Basic,South,0.0
2026-06-30,55,36.91,0,34.03,Basic,South,0.0
2026-06-30,43,37.15,2,39.28,Basic,South,0.0
2026-06-30,23,29.13,3,27.28,Basic,South,0.0
2026-06-30,48,70.44,1,16.33,Standard,North,0.0
2026-06-30,28,55.82,3,41.0,Standard,South,0.0
2026-06-30,71,33.89,3,22.86,Basic,East,1.0
2026-06-30,35,40.75,2,40.83,Basic,North,0.0
2026-06-30,57,38.04,2,15.59,Basic,West,1.0
2026-06-30,25,33.22,0,27.01,Basic,South,0.0
2026-06-30,63,74.84,0,44.08,Standard,East,0.0
2026-06-30,26,32.8,1,38.12,Basic,North,0.0
2026-06-30,41,84.99,0,47.93,Premium,North,0.0
2026-06-30,61,67.26,4,60.07,Standard,West,0.0
2026-06-30,69,26.11,1,50.09,Basic,West,0.0
2026-06-30,58,30.84,3,27.56,Basic,North,0.0
2026-06-30,52,38.11,1,50.49,Basic,West,0.0
2026-06-30,54,32.7,2,52.02,Basic,West,0.0
2026-06-30,34,67.9,1,40.16,Standard,North,0.0
2026-06-30,53,29.21,1,34.85,Basic,North,0.0
2026-06-30,46,39.29,2,33.89,Basic,North,0.0
2026-06-30,42,26.55,1,27.95,Basic,West,0.0
2026-06-30,28,71.59,2,35.94,Standard,West,0.0
2026-06-30,30,32.62,0,47.59,Basic,East,0.0
2026-06-30,15,102.66,0,52.77,Premium,South,0.0
2026-06-30,55,30.8,2,28.86,Basic,West,0.0
2026-06-30,8,44.62,1,25.14,Basic,West,0.0
2026-06-30,14,60.21,1,33.82,Standard,West,0.0
2026-06-30,26,56.03,1,39.76,Standard,South,1.0
2026-06-30,16,35.22,1,43.53,Basic,East,0.0
2026-06-30,57,71.17,1,32.8,Standard,East,0.0
2026-06-30,15,38.95,0,43.42,Basic,North,0.0
2026-06-30,38,40.81,2,36.37,Basic,East,0.0
2026-06-30,56,,1,35.83,Basic,East,1.0
2026-06-30,47,60.9,0,51.66,Standard,East,0.0
2026-06-30,47,68.83,0,49.83,Standard,South,0.0
2026-06-30,30,65.46,2,27.35,Standard,East,0.0
2026-06-30,37,91.45,1,37.56,Premium,West,0.0
2026-06-30,59,65.9,1,39.1,Standard,East,0.0
2026-06-30,39,94.72,2,51.96,Premium,West,0.0
2026-06-30,54,42.08,0,48.05,Basic,West,0.0
2026-06-30,63,62.43,2,42.05,Standard,South,0.0
2026-06-30,23,62.19,0,58.44,Standard,East,0.0
2026-06-30,15,31.51,1,27.33,Basic,East,0.0
2026-06-30,38,44.48,2,29.02,Basic,West,0.0
2026-06-30,33,61.79,1,38.34,Standard,South,0.0
2026-06-30,17,41.48,3,26.23,Basic,North,0.0
2026-06-30,58,29.84,1,45.99,Basic,East,0.0
2026-06-30,49,67.53,1,13.7,Standard,East,0.0
2026-06-30,51,36.31,0,29.36,Basic,East,0.0
2026-06-30,55,41.17,0,45.88,Basic,East,0.0
2026-06-30,36,40.44,0,31.28,Basic,East,0.0
2026-06-30,41,95.41,3,59.13,Premium,North,0.0
2026-06-30,22,92.31,3,70.38,Premium,West,0.0
2026-06-30,56,73.12,2,42.2,Standard,South,0.0
2026-06-30,71,31.82,1,46.09,Basic,North,0.0
2026-06-30,66,23.66,2,58.59,Basic,West,0.0
2026-06-30,34,25.71,1,38.42,Basic,West,0.0
2026-06-30,10,56.92,0,40.92,Standard,East,0.0
2026-06-30,66,67.98,1,50.42,Standard,East,0.0
2026-06-30,46,76.07,1,53.24,Standard,North,0.0
2026-06-30,59,24.8,0,34.01,Basic,South,0.0
2026-06-30,27,91.09,1,43.56,Premium,North,0.0
2026-06-30,65,35.45,2,51.57,Basic,South,0.0
2026-06-30,63,42.73,0,31.69,Basic,South,0.0
2026-06-30,8,61.06,0,53.34,Standard,North,0.0
2026-06-30,45,67.95,2,44.03,Standard,East,1.0
2026-06-30,39,93.75,1,66.67,Premium,East,0.0
2026-06-30,51,48.04,0,25.91,Basic,South,0.0
2026-06-30,24,95.72,1,39.89,Premium,West,0.0
2026-06-30,13,,1,42.94,Basic,South,0.0
2026-06-30,25,35.42,1,23.1,Basic,North,0.0
2026-06-30,42,32.93,2,35.57,Basic,West,0.0
2026-06-30,25,39.75,1,49.88,Basic,North,0.0
2026-06-30,38,89.2,4,30.55,Premium,North,0.0
2026-06-30,33,24.99,2,38.42,Basic,South,0.0
2026-06-30,54,34.25,1,46.52,Basic,East,1.0
2026-06-30,34,39.08,2,34.14,Basic,South,0.0
2026-06-30,16,62.1,3,32.13,Standard,West,1.0
2026-06-30,50,95.93,1,45.77,Premium,South,0.0
2026-06-30,21,58.9,2,33.01,Standard,West,0.0
2026-06-30,27,40.31,1,35.09,Basic,East,0.0
2026-06-30,55,38.26,1,31.63,Basic,North,0.0
2026-06-30,25,35.1,0,29.27,Basic,South,0.0
2026-06-30,11,95.84,2,53.06,Premium,North,0.0
2026-06-30,31,28.03,2,50.19,Basic,West,0.0
2026-06-30,33,88.26,1,51.68,Premium,East,0.0
2026-06-30,53,64.39,1,54.84,Standard,South,0.0
2026-06-30,55,67.57,0,57.19,Standard,East,0.0
2026-06-30,7,67.82,4,35.53,Standard,East,0.0
2026-06-30,58,33.19,1,37.15,Basic,East,0.0
2026-06-30,57,38.73,0,30.15,Basic,South,0.0
2026-06-30,18,42.1,0,19.58,Basic,South,0.0
2026-06-30,30,34.56,3,37.96,Basic,South,0.0
2026-06-30,59,66.55,1,30.88,Standard,West,0.0
2026-06-30,46,63.96,2,46.24,Standard,South,0.0
2026-06-30,30,94.37,3,32.84,Premium,South,0.0
2026-06-30,58,95.85,0,50.11,Premium,East,0.0
2026-06-30,49,43.52,3,18.69,Basic,East,0.0
2026-06-30,41,39.58,0,41.14,Basic,West,0.0
2026-06-30,7,39.13,3,30.47,Basic,North,0.0
2026-06-30,51,32.73,1,29.5,Basic,North,0.0
2026-06-30,19,60.51,2,52.67,Standard,South,0.0
2026-06-30,69,66.95,1,38.18,Standard,East,0.0
2026-06-30,19,71.22,1,42.51,Standard,West,0.0
2026-06-30,9,73.62,0,39.41,Standard,East,0.0
2026-06-30,32,82.74,1,53.47,Premium,West,0.0
2026-06-30,30,77.23,5,51.83,Standard,North,0.0
2026-06-30,30,97.08,1,56.76,Premium,East,0.0
2026-06-30,70,69.54,1,36.73,Standard,West,0.0
2026-06-30,25,56.3,1,53.49,Standard,East,0.0
2026-06-30,63,33.82,2,25.24,Basic,South,0.0
2026-06-30,18,,3,40.98,Premium,West,0.0
2026-06-30,48,,1,33.12,Basic,West,0.0
2026-06-30,15,20.56,1,44.87,Basic,South,0.0
2026-06-30,22,36.68,2,22.7,Basic,East,0.0
2026-06-30,17,,2,43.31,Basic,West,0.0
2026-06-30,29,42.21,2,33.85,Basic,North,0.0
2026-06-30,38,34.2,1,30.06,Basic,North,0.0
2026-06-30,65,64.57,1,52.38,Standard,East,0.0
2026-06-30,58,68.49,1,33.37,Standard,West,0.0
2026-06-30,54,100.17,0,71.26,Premium,North,0.0
2026-06-30,40,91.46,4,46.63,Premium,East,0.0
2026-06-30,26,39.72,1,35.9,Basic,East,0.0
2026-06-30,27,62.39,1,56.83,Standard,West,0.0
2026-06-30,15,65.08,2,43.16,Standard,West,0.0
2026-06-30,52,38.35,0,46.29,Basic,North,0.0
2026-06-30,60,99.23,2,28.87,Premium,East,0.0
2026-06-30,44,96.59,3,43.97,Premium,East,0.0
2026-06-30,46,29.6,0,38.37,Basic,South,0.0
2026-06-30,32,85.65,1,59.21,Premium,North,0.0
2026-06-30,72,34.06,1,42.1,Basic,South,0.0
2026-06-30,67,99.86,1,55.16,Premium,East,0.0
2026-06-30,34,67.25,2,52.01,Standard,East,0.0
2026-06-30,58,36.21,1,39.15,Basic,East,0.0
2026-06-30,30,64.96,1,19.97,Standard,East,1.0
2026-06-30,15,66.55,2,55.82,Standard,West,0.0
2026-06-30,26,30.03,1,26.02,Basic,East,0.0
2026-06-30,63,68.9,2,44.54,Standard,North,0.0
2026-06-30,39,69.23,1,43.21,Standard,South,0.0
2026-06-30,65,63.22,0,41.87,Standard,North,0.0
2026-06-30,28,67.19,1,30.34,Standard,West,0.0
2026-06-30,38,26.42,5,15.01,Basic,West,1.0
2026-06-30,11,35.9,4,24.38,Basic,West,1.0
2026-06-30,60,64.33,1,49.66,Standard,North,0.0
2026-06-30,28,41.3,0,19.93,Basic,East,0.0
2026-06-30,13,34.01,2,25.6,Basic,North,1.0
2026-06-30,21,99.34,2,52.58,Premium,South,0.0
2026-06-30,52,93.04,3,38.13,Premium,South,1.0
2026-06-30,62,53.57,2,35.97,Standard,South,0.0
2026-06-30,71,63.87,2,42.22,Standard,South,0.0
2026-06-30,23,95.98,2,51.23,Premium,South,0.0
2026-06-30,47,95.75,1,37.93,Premium,North,0.0
2026-06-30,38,35.83,2,35.81,Basic,West,1.0
2026-06-30,55,32.47,2,38.39,Basic,South,0.0
2026-06-30,52,33.38,0,21.67,Basic,West,0.0
2026-06-30,11,29.37,2,36.55,Basic,North,1.0
2026-06-30,17,25.02,3,27.23,Basic,West,0.0
2026-06-30,47,64.47,3,42.64,Standard,East,0.0
2026-06-30,43,61.27,3,48.63,Standard,North,0.0
2026-06-30,67,100.4,1,46.64,Premium,West,0.0
2026-06-30,64,24.09,0,43.53,Basic,East,0.0
2026-06-30,10,36.46,3,42.31,Basic,East,1.0
2026-06-30,46,45.61,1,43.48,Basic,West,0.0
2026-06-30,34,34.09,0,38.43,Basic,West,0.0
2026-06-30,39,34.99,1,45.41,Basic,North,0.0
2026-06-30,11,97.13,0,52.25,Premium,South,0.0
2026-06-30,64,37.52,1,17.73,Basic,North,0.0
2026-06-30,18,62.96,2,33.48,Standard,North,0.0
2026-06-30,71,29.96,2,32.29,Basic,North,0.0
2026-06-30,70,68.26,0,40.53,Standard,East,0.0
2026-06-30,62,85.46,2,51.98,Premium,East,0.0
2026-06-30,14,99.16,0,40.33,Premium,North,0.0
2026-06-30,34,33.04,1,54.49,Basic,South,1.0
2026-06-30,8,95.02,0,47.38,Premium,North,0.0
2026-06-30,48,32.37,2,34.32,Basic,North,0.0
2026-06-30,65,72.15,1,34.69,Standard,North,0.0
2026-06-30,42,36.25,3,24.37,Basic,East,0.0
2026-06-30,8,63.39,0,40.14,Standard,North,0.0
2026-06-30,27,63.25,2,41.68,Standard,West,0.0
2026-06-30,18,94.26,1,47.53,Premium,West,1.0
2026-06-30,36,106.98,3,64.95,Premium,West,0.0
2026-06-30,32,28.41,3,33.14,Basic,West,0.0
2026-06-30,63,100.41,2,47.54,Premium,West,0.0
2026-06-30,22,37.84,4,42.55,Basic,West,0.0
2026-06-30,27,42.7,1,32.69,Basic,West,0.0
2026-06-30,23,38.15,0,39.79,Basic,North,1.0
2026-06-30,67,35.02,3,21.61,Basic,East,0.0
2026-06-30,27,40.1,0,21.69,Basic,South,0.0
2026-06-30,74,66.15,1,42.62,Standard,West,0.0
2026-06-30,52,38.77,0,32.08,Basic,North,0.0
2026-06-30,27,72.14,2,33.31,Standard,South,1.0
2026-06-30,47,35.46,1,35.62,Basic,South,0.0
2026-06-30,15,62.88,1,43.49,Standard,West,0.0
2026-06-30,68,31.78,0,27.3,Basic,South,0.0
2026-06-30,72,37.25,2,29.21,Basic,West,0.0
2026-06-30,26,60.61,6,43.57,Standard,South,0.0
2026-06-30,18,93.25,0,38.19,Premium,East,0.0
2026-06-30,36,90.16,5,42.36,Premium,East,0.0
2026-06-30,59,37.54,1,39.74,Basic,South,0.0
2026-06-30,49,91.24,1,48.16,Premium,South,0.0
2026-06-30,9,,0,36.63,Standard,South,0.0
2026-06-30,7,89.45,1,39.37,Premium,East,0.0
2026-06-30,23,32.14,3,24.27,Basic,South,0.0
2026-06-30,58,32.6,3,33.08,Basic,West,1.0
2026-06-30,24,36.26,3,54.66,Basic,North,0.0
2026-06-30,67,64.19,2,47.06,Standard,North,0.0
2026-06-30,27,36.85,1,21.07,Basic,North,0.0
2026-06-30,67,37.25,1,41.47,Basic,West,0.0
2026-06-30,69,68.7,3,33.81,Standard,South,0.0
2026-07-31,22,37.77,4,38.7,Basic,South,0.0
2026-07-31,11,39.89,1,35.59,Basic,South,0.0
2026-07-31,28,40.17,3,44.32,Basic,South,0.0
2026-07-31,45,38.94,2,9.15,Basic,North,0.0
2026-07-31,11,69.16,4,28.07,Standard,West,1.0
2026-07-31,19,38.05,2,43.44,Basic,South,0.0
2026-07-31,75,38.82,1,48.11,Basic,West,0.0
2026-07-31,39,85.79,3,34.75,Premium,East,1.0
2026-07-31,28,29.5,1,14.91,Basic,East,1.0
2026-07-31,67,28.68,0,34.78,Basic,South,1.0
2026-07-31,13,41.35,2,37.95,Basic,East,1.0
2026-07-31,25,31.09,2,34.57,Basic,North,0.0
2026-07-31,66,61.89,2,39.5,Standard,West,0.0
2026-07-31,59,35.03,1,14.58,Basic,South,0.0
2026-07-31,37,88.78,3,43.35,Premium,North,0.0
2026-07-31,74,96.9,4,44.84,Premium,West,1.0
2026-07-31,47,24.35,2,27.62,Basic,North,0.0
2026-07-31,58,59.11,2,20.91,Standard,South,0.0
2026-07-31,74,65.99,3,45.95,Standard,West,0.0
2026-07-31,42,88.79,2,55.76,Premium,South,0.0
2026-07-31,40,41.5,3,25.15,Basic,North,1.0
2026-07-31,53,65.23,3,38.24,Standard,North,0.0
2026-07-31,12,40.66,0,28.13,Basic,East,0.0
2026-07-31,37,36.79,3,28.23,Basic,East,0.0
2026-07-31,55,94.94,1,52.03,Premium,East,0.0
2026-07-31,33,30.02,3,38.27,Basic,East,1.0
2026-07-31,56,39.65,3,43.85,Basic,South,0.0
2026-07-31,35,37.21,3,43.64,Basic,West,1.0
2026-07-31,21,105.42,0,45.38,Premium,North,0.0
2026-07-31,17,39.14,3,61.52,Basic,West,0.0
2026-07-31,45,33.01,1,48.6,Basic,West,0.0
2026-07-31,21,66.45,3,33.52,Standard,North,1.0
2026-07-31,33,37.11,0,34.37,Basic,North,0.0
2026-07-31,43,40.81,1,13.24,Basic,East,0.0
2026-07-31,11,,2,40.37,Standard,North,0.0
2026-07-31,36,94.19,1,63.84,Premium,West,0.0
2026-07-31,29,58.92,3,67.91,Standard,South,0.0
2026-07-31,29,25.73,1,31.89,Basic,West,0.0
2026-07-31,69,29.3,1,36.45,Basic,North,0.0
2026-07-31,70,62.04,0,46.15,Standard,North,0.0
2026-07-31,28,42.52,1,52.9,Basic,East,0.0
2026-07-31,67,72.6,0,30.27,Standard,West,0.0
2026-07-31,23,39.8,0,59.66,Basic,West,0.0
2026-07-31,31,101.15,3,43.93,Premium,West,0.0
2026-07-31,71,31.46,2,21.4,Basic,East,1.0
2026-07-31,14,87.42,1,43.95,Premium,North,0.0
2026-07-31,33,29.97,1,25.0,Basic,East,0.0
2026-07-31,62,54.83,2,44.29,Standard,East,0.0
2026-07-31,71,29.43,3,16.58,Basic,South,0.0
2026-07-31,72,62.47,1,41.52,Standard,West,0.0
2026-07-31,67,35.83,0,39.74,Basic,West,0.0
2026-07-31,73,35.68,2,47.93,Basic,West,0.0
2026-07-31,39,31.55,2,39.91,Basic,West,0.0
2026-07-31,29,37.84,2,47.31,Basic,East,0.0
2026-07-31,34,91.65,3,41.04,Premium,West,1.0
2026-07-31,16,65.05,3,44.04,Standard,North,0.0
2026-07-31,17,59.45,2,17.81,Standard,North,1.0
2026-07-31,74,40.44,0,31.96,Basic,East,0.0
2026-07-31,20,35.1,1,36.97,Basic,North,0.0
2026-07-31,49,38.39,1,37.87,Basic,West,0.0
2026-07-31,23,28.92,5,17.36,Basic,North,0.0
2026-07-31,53,65.87,1,36.2,Standard,South,0.0
2026-07-31,39,67.86,0,37.59,Standard,South,0.0
2026-07-31,15,24.78,5,28.81,Basic,East,0.0
2026-07-31,33,40.84,0,40.35,Basic,North,0.0
2026-07-31,57,28.75,3,30.93,Basic,West,1.0
2026-07-31,62,36.05,4,34.09,Basic,West,0.0
2026-07-31,27,43.94,5,28.2,Basic,East,1.0
2026-07-31,28,39.77,2,43.75,Basic,North,0.0
2026-07-31,57,27.55,3,44.49,Basic,South,0.0
2026-07-31,36,34.11,0,30.02,Basic,North,0.0
2026-07-31,12,71.17,1,68.61,Standard,East,0.0
2026-07-31,16,90.92,1,39.44,Premium,West,0.0
2026-07-31,33,33.2,1,43.17,Basic,West,0.0
2026-07-31,26,33.06,1,23.59,Basic,West,0.0
2026-07-31,16,37.85,3,40.83,Basic,East,0.0
2026-07-31,61,57.32,2,47.05,Standard,North,0.0
2026-07-31,39,68.13,2,29.98,Standard,South,0.0
2026-07-31,56,61.89,2,38.79,Standard,South,0.0
2026-07-31,8,64.94,2,58.78,Standard,North,0.0
2026-07-31,35,93.88,0,38.96,Premium,West,0.0
2026-07-31,40,38.0,2,37.12,Basic,East,0.0
2026-07-31,47,34.89,0,36.45,Basic,West,0.0
2026-07-31,73,42.2,0,32.68,Basic,West,0.0
2026-07-31,39,39.95,2,15.79,Basic,East,0.0
2026-07-31,41,31.02,3,41.39,Basic,North,0.0
2026-07-31,68,101.83,1,47.22,Premium,South,0.0
2026-07-31,35,66.6,1,51.14,Standard,South,0.0
2026-07-31,34,95.85,3,49.42,Premium,East,0.0
2026-07-31,18,,1,47.74,Premium,East,0.0
2026-07-31,57,59.79,2,43.83,Standard,West,0.0
2026-07-31,9,88.1,1,37.22,Premium,North,1.0
2026-07-31,22,65.12,3,55.68,Standard,North,0.0
2026-07-31,36,31.97,2,29.35,Basic,West,1.0
2026-07-31,37,75.37,1,36.47,Standard,South,0.0
2026-07-31,10,91.18,2,60.02,Premium,West,0.0
2026-07-31,43,65.2,2,42.57,Standard,West,1.0
2026-07-31,74,65.96,0,37.74,Standard,North,0.0
2026-07-31,15,41.16,1,37.24,Basic,East,0.0
2026-07-31,41,90.03,2,53.36,Premium,North,0.0
2026-07-31,47,26.94,1,31.92,Basic,North,0.0
2026-07-31,30,71.97,2,49.32,Standard,North,1.0
2026-07-31,47,65.4,1,27.39,Standard,West,0.0
2026-07-31,31,69.05,2,42.72,Standard,North,0.0
2026-07-31,18,39.28,0,41.1,Basic,East,0.0
2026-07-31,65,70.15,1,46.32,Standard,South,1.0
2026-07-31,75,33.11,3,10.69,Basic,South,1.0
2026-07-31,34,,1,31.83,Basic,North,0.0
2026-07-31,14,25.02,2,20.96,Basic,South,0.0
2026-07-31,19,60.03,1,52.96,Standard,South,0.0
2026-07-31,68,35.31,0,29.19,Basic,South,0.0
2026-07-31,67,31.49,0,44.85,Basic,East,0.0
2026-07-31,41,,0,34.93,Premium,West,0.0
2026-07-31,67,35.25,1,37.01,Basic,South,0.0
2026-07-31,23,101.71,2,47.18,Premium,North,0.0
2026-07-31,35,34.72,0,60.74,Basic,East,0.0
2026-07-31,15,29.34,0,44.88,Basic,West,0.0
2026-07-31,45,,1,51.24,Standard,East,0.0
2026-07-31,55,31.13,1,53.38,Basic,East,0.0
2026-07-31,73,102.4,0,49.94,Premium,East,0.0
2026-07-31,59,33.68,2,32.1,Basic,West,0.0
2026-07-31,53,65.52,3,37.96,Standard,North,0.0
2026-07-31,53,42.8,2,36.38,Basic,West,0.0
2026-07-31,50,88.24,3,19.4,Premium,West,0.0
2026-07-31,36,29.75,5,33.12,Basic,West,1.0
2026-07-31,42,,1,42.37,Standard,South,1.0
2026-07-31,19,34.3,3,31.54,Basic,West,0.0
2026-07-31,9,78.21,1,24.79,Standard,North,0.0
2026-07-31,61,30.56,1,31.6,Basic,South,0.0
2026-07-31,41,28.48,4,17.76,Basic,West,0.0
2026-07-31,67,60.32,2,57.84,Standard,South,0.0
2026-07-31,16,,1,30.53,Basic,West,0.0
2026-07-31,34,67.46,4,19.47,Standard,South,0.0
2026-07-31,25,61.46,1,38.03,Standard,East,0.0
2026-07-31,65,35.11,0,42.05,Basic,East,0.0
2026-07-31,33,74.73,3,41.86,Standard,West,0.0
2026-07-31,51,35.18,0,23.96,Basic,South,0.0
2026-07-31,13,66.6,1,33.32,Standard,West,0.0
2026-07-31,43,44.44,1,30.23,Basic,South,0.0
2026-07-31,38,31.51,2,28.7,Basic,South,0.0
2026-07-31,49,61.18,0,27.5,Standard,North,0.0
2026-07-31,47,92.65,2,46.42,Premium,North,0.0
2026-07-31,15,92.36,0,33.76,Premium,West,0.0
2026-07-31,11,55.89,1,49.59,Standard,North,0.0
2026-07-31,16,35.69,2,43.81,Basic,North,0.0
2026-07-31,22,36.08,3,23.07,Basic,North,0.0
2026-07-31,57,34.07,2,25.93,Basic,South,0.0
2026-07-31,26,66.24,2,35.87,Standard,North,0.0
2026-07-31,73,36.29,0,32.78,Basic,East,0.0
2026-07-31,13,88.42,0,49.67,Premium,West,0.0
2026-07-31,42,36.44,2,37.73,Basic,East,1.0
2026-07-31,56,37.79,1,37.5,Basic,East,0.0
2026-07-31,11,87.01,1,62.64,Premium,West,0.0
2026-07-31,42,42.32,2,33.7,Basic,West,0.0
2026-07-31,12,28.82,0,20.08,Basic,East,0.0
2026-07-31,61,59.31,3,24.01,Standard,North,0.0
2026-07-31,39,96.01,4,63.46,Premium,West,1.0
2026-07-31,66,37.67,0,38.2,Basic,West,0.0
2026-07-31,52,38.89,1,35.16,Basic,South,0.0
2026-07-31,29,37.8,1,37.59,Basic,North,0.0
2026-07-31,18,62.4,2,41.7,Standard,North,0.0
2026-07-31,18,,4,37.43,Basic,South,0.0
2026-07-31,10,63.42,1,36.37,Standard,East,0.0
2026-07-31,28,35.87,1,43.65,Basic,West,0.0
2026-07-31,57,95.34,2,41.85,Premium,North,0.0
2026-07-31,32,62.48,2,31.07,Standard,South,0.0
2026-07-31,17,63.26,2,23.19,Standard,West,0.0
2026-07-31,13,25.74,4,30.72,Basic,North,0.0
2026-07-31,37,,1,45.78,Basic,West,0.0
2026-07-31,22,36.49,1,28.53,Basic,North,0.0
2026-07-31,57,53.47,2,26.31,Standard,South,0.0
2026-07-31,30,38.97,1,35.95,Basic,North,0.0
2026-07-31,16,34.73,2,26.59,Basic,West,0.0
2026-07-31,26,30.32,0,48.58,Basic,South,0.0
2026-07-31,38,29.87,1,43.85,Basic,South,0.0
2026-07-31,10,31.56,3,20.39,Basic,East,0.0
2026-07-31,15,60.34,1,38.36,Standard,South,0.0
2026-07-31,73,61.01,3,32.55,Standard,West,0.0
2026-07-31,31,43.5,2,21.49,Basic,South,0.0
2026-07-31,58,66.86,2,39.54,Standard,West,1.0
2026-07-31,70,45.18,2,41.28,Basic,East,1.0
2026-07-31,15,96.13,2,46.28,Premium,East,0.0
2026-07-31,54,67.9,2,34.94,Standard,West,0.0
2026-07-31,64,30.6,0,11.04,Basic,East,0.0
2026-07-31,9,64.16,2,33.44,Standard,South,0.0
2026-07-31,29,34.59,1,38.62,Basic,East,0.0
2026-07-31,17,38.1,3,19.68,Basic,East,1.0
2026-07-31,10,34.75,2,45.93,Basic,South,0.0
2026-07-31,27,96.76,2,41.26,Premium,South,0.0
2026-07-31,20,96.58,0,49.04,Premium,West,0.0
2026-07-31,68,63.49,3,36.11,Standard,South,0.0
2026-07-31,24,92.97,0,35.34,Premium,North,0.0
2026-07-31,58,,1,37.5,Basic,East,0.0
2026-07-31,11,70.41,0,34.12,Standard,North,1.0
2026-07-31,49,33.49,0,24.77,Basic,West,0.0
2026-07-31,55,36.64,1,9.34,Basic,West,0.0
2026-07-31,18,94.22,2,60.13,Premium,East,0.0
2026-07-31,37,100.31,0,47.16,Premium,North,0.0
2026-07-31,71,85.06,2,58.17,Premium,West,0.0
2026-07-31,49,66.51,2,46.3,Standard,North,0.0
2026-07-31,62,28.73,2,44.16,Basic,North,0.0
2026-07-31,36,66.95,1,34.46,Standard,South,0.0
2026-07-31,24,34.27,0,19.38,Basic,East,0.0
2026-07-31,39,87.61,4,54.73,Premium,East,0.0
2026-07-31,35,36.69,2,34.4,Basic,South,1.0
2026-07-31,74,66.12,3,35.44,Standard,West,0.0
2026-07-31,37,63.84,1,47.53,Standard,West,0.0
2026-07-31,50,34.48,1,36.18,Basic,North,0.0
2026-07-31,47,35.81,1,39.49,Basic,North,0.0
2026-07-31,33,40.89,5,22.88,Basic,East,1.0
2026-07-31,33,33.43,1,42.88,Basic,North,0.0
2026-07-31,65,100.07,2,47.05,Premium,South,0.0
2026-07-31,22,34.81,3,43.95,Basic,West,1.0
2026-07-31,36,41.48,2,42.78,Basic,North,0.0
2026-07-31,53,33.82,0,39.96,Basic,South,0.0
2026-07-31,11,31.67,2,31.99,Basic,West,0.0
2026-07-31,54,29.51,1,40.2,Basic,East,0.0
2026-07-31,64,94.83,2,58.21,Premium,East,0.0
2026-07-31,38,61.03,2,46.17,Standard,West,0.0
2026-07-31,47,102.02,4,49.13,Premium,West,0.0
2026-07-31,41,30.64,0,40.22,Basic,South,0.0
2026-07-31,53,31.55,1,27.84,Basic,East,0.0
2026-07-31,11,37.91,2,48.24,Basic,East,1.0
2026-07-31,49,70.93,0,23.28,Standard,South,0.0
2026-07-31,39,38.66,1,33.44,Basic,West,0.0
2026-07-31,10,40.29,1,29.04,Basic,East,0.0
2026-07-31,62,64.6,0,33.69,Standard,East,0.0
2026-07-31,18,34.67,0,36.15,Basic,South,0.0
2026-07-31,48,75.06,3,28.85,Standard,North,1.0
2026-07-31,65,73.45,1,61.62,Standard,North,0.0
2026-07-31,70,68.57,2,26.58,Standard,West,0.0
2026-07-31,50,40.53,1,23.59,Basic,East,0.0
2026-07-31,56,69.29,1,29.64,Standard,East,0.0
2026-07-31,47,28.97,0,35.08,Basic,North,0.0
2026-07-31,60,34.8,0,43.25,Basic,West,0.0
2026-07-31,74,42.48,3,38.36,Basic,South,0.0
2026-07-31,39,38.6,3,47.82,Basic,East,0.0
2026-07-31,36,34.68,4,24.83,Basic,South,0.0
2026-07-31,19,72.54,1,46.69,Standard,North,0.0
2026-07-31,74,66.85,1,37.06,Standard,North,0.0
2026-07-31,70,38.78,2,35.38,Basic,West,0.0
2026-07-31,56,36.87,1,44.19,Basic,North,0.0
2026-07-31,52,37.71,0,16.18,Basic,North,0.0
2026-07-31,21,98.06,2,67.01,Premium,South,0.0
2026-07-31,69,41.5,1,31.65,Basic,West,1.0
2026-07-31,11,42.15,3,17.03,Basic,East,0.0
2026-07-31,49,32.74,0,26.17,Basic,West,0.0
2026-07-31,25,66.78,1,41.12,Standard,North,0.0
2026-07-31,38,41.36,4,26.17,Basic,West,1.0
2026-07-31,14,34.34,3,12.62,Basic,North,1.0
2026-07-31,17,28.46,2,34.07,Basic,North,0.0
2026-07-31,33,60.46,2,32.88,Standard,South,0.0
2026-07-31,35,30.8,1,39.61,Basic,South,0.0
2026-07-31,67,92.71,1,36.42,Premium,South,1.0
2026-07-31,48,,2,69.72,Premium,North,0.0
2026-07-31,10,70.15,4,45.24,Standard,South,0.0
2026-07-31,71,93.62,2,49.07,Premium,South,0.0
2026-07-31,49,71.31,2,46.33,Standard,East,0.0
2026-07-31,64,29.35,1,14.88,Basic,South,0.0
2026-07-31,70,63.23,3,35.13,Standard,North,0.0
2026-07-31,42,65.52,1,57.93,Standard,East,0.0
2026-07-31,20,69.05,1,36.9,Standard,East,1.0
2026-07-31,38,70.72,1,39.47,Standard,South,1.0
2026-07-31,54,62.31,1,35.44,Standard,North,0.0
2026-07-31,10,99.97,2,61.75,Premium,West,0.0
2026-07-31,72,26.59,0,30.65,Basic,East,0.0
2026-07-31,31,69.36,1,27.58,Standard,South,0.0
2026-07-31,52,58.29,0,65.89,Standard,East,0.0
2026-07-31,74,97.23,3,33.35,Premium,South,0.0
2026-07-31,66,40.65,0,32.13,Basic,North,0.0
2026-07-31,58,,0,24.68,Basic,East,0.0
2026-07-31,28,26.8,4,26.08,Basic,North,0.0
2026-07-31,43,32.76,0,22.5,Basic,South,0.0
2026-07-31,42,38.58,2,27.7,Basic,East,0.0
2026-07-31,66,38.44,2,42.94,Basic,East,0.0
2026-07-31,10,36.38,1,14.08,Basic,West,0.0
2026-07-31,9,83.99,1,59.71,Premium,East,0.0
2026-07-31,16,40.99,4,43.98,Basic,North,0.0
2026-07-31,73,41.88,1,38.19,Basic,East,0.0
2026-07-31,44,65.82,2,41.36,Standard,West,0.0
2026-07-31,55,36.14,3,35.87,Basic,East,0.0
2026-07-31,14,67.52,2,54.33,Standard,East,0.0
2026-07-31,8,72.3,3,22.64,Standard,West,1.0
2026-07-31,52,36.25,1,40.37,Basic,East,0.0
2026-07-31,55,34.04,2,25.64,Basic,West,0.0
2026-07-31,37,36.91,5,41.36,Basic,East,0.0
2026-07-31,13,34.94,0,26.96,Basic,North,0.0
2026-07-31,41,65.0,2,47.17,Standard,North,0.0
2026-07-31,51,26.17,1,17.62,Basic,South,0.0
2026-07-31,22,37.61,3,16.17,Basic,South,0.0
2026-07-31,28,70.86,1,38.97,Standard,West,0.0
2026-07-31,58,40.1,1,47.46,Basic,East,0.0
2026-07-31,22,39.75,3,38.46,Basic,North,0.0
2026-07-31,14,64.73,1,45.39,Standard,South,0.0
2026-07-31,50,35.73,2,41.7,Basic,East,0.0
2026-07-31,9,70.96,2,36.13,Standard,West,0.0
2026-07-31,37,99.34,3,53.21,Premium,East,1.0
2026-07-31,46,72.43,2,34.3,Standard,North,0.0
2026-07-31,12,31.64,1,29.96,Basic,North,0.0
2026-07-31,52,31.61,1,31.2,Basic,South,0.0
2026-07-31,63,63.34,1,34.64,Standard,South,0.0
2026-07-31,74,60.28,1,39.44,Standard,North,0.0
2026-07-31,26,88.39,1,44.55,Premium,West,0.0
2026-07-31,30,37.34,2,26.02,Basic,North,0.0
2026-07-31,50,37.0,2,31.69,Basic,North,0.0
2026-07-31,48,36.23,0,34.65,Basic,North,0.0
2026-07-31,49,96.77,0,36.1,Premium,North,0.0
2026-07-31,29,57.68,2,44.27,Standard,East,0.0
2026-07-31,11,92.6,2,42.16,Premium,West,0.0
2026-07-31,9,,0,42.08,Standard,West,0.0
2026-07-31,75,95.24,1,40.45,Premium,West,0.0
2026-07-31,35,57.7,1,50.6,Standard,East,0.0
2026-07-31,38,90.36,1,56.66,Premium,East,0.0
2026-07-31,50,,1,36.61,Premium,South,0.0
2026-07-31,21,100.29,2,52.35,Premium,South,0.0
2026-07-31,33,96.31,2,61.56,Premium,West,0.0
2026-07-31,37,70.11,1,30.62,Standard,North,0.0
2026-07-31,14,64.39,3,31.41,Standard,West,1.0
2026-07-31,49,65.0,1,47.45,Standard,West,0.0
2026-07-31,21,67.5,0,27.03,Standard,North,0.0
2026-07-31,8,64.11,1,32.32,Standard,North,0.0
2026-07-31,50,61.88,1,29.95,Standard,South,0.0
2026-07-31,28,27.55,1,40.57,Basic,West,0.0
2026-07-31,56,62.01,1,33.18,Standard,South,0.0
2026-07-31,44,99.18,3,44.25,Premium,West,0.0
2026-07-31,9,71.3,1,32.62,Standard,East,0.0
2026-07-31,55,31.13,2,44.59,Basic,North,0.0
2026-07-31,10,86.33,1,38.51,Premium,East,0.0
2026-07-31,29,69.63,2,26.02,Standard,East,1.0
2026-07-31,54,35.35,4,18.63,Basic,West,1.0
2026-07-31,35,58.26,2,47.04,Standard,West,0.0
2026-07-31,34,49.45,1,47.76,Standard,East,0.0
2026-07-31,23,60.18,1,52.59,Standard,West,0.0
2026-07-31,38,32.69,1,20.49,Basic,North,0.0
2026-07-31,27,29.24,0,30.79,Basic,East,0.0
2026-07-31,72,98.46,2,71.37,Premium,East,0.0
2026-07-31,54,90.94,3,44.08,Premium,North,1.0
2026-07-31,69,35.06,2,27.47,Basic,East,0.0
2026-07-31,30,106.87,0,46.89,Premium,East,0.0
2026-07-31,72,35.59,0,38.4,Basic,South,0.0
2026-07-31,27,34.42,5,38.23,Basic,East,0.0
2026-07-31,29,64.54,2,33.96,Standard,East,0.0
2026-07-31,28,38.35,0,27.25,Basic,East,0.0
2026-07-31,48,37.73,2,30.14,Basic,South,0.0
2026-07-31,49,,2,39.8,Premium,South,1.0
2026-07-31,12,62.94,4,27.75,Standard,East,1.0
2026-07-31,46,31.66,0,51.18,Basic,West,0.0
2026-07-31,72,33.59,1,29.03,Basic,South,0.0
2026-07-31,35,74.13,2,36.6,Standard,East,0.0
2026-07-31,55,68.09,2,36.91,Standard,West,0.0
2026-07-31,50,34.6,2,32.29,Basic,South,0.0
2026-07-31,74,41.22,3,37.45,Basic,West,1.0
2026-07-31,51,65.94,2,35.45,Standard,South,0.0
2026-07-31,40,56.81,0,51.49,Standard,South,0.0
2026-07-31,8,103.32,2,53.08,Premium,South,0.0
2026-07-31,62,34.22,1,31.19,Basic,North,0.0
2026-07-31,31,83.72,4,40.44,Premium,South,1.0
2026-07-31,70,87.0,2,57.95,Premium,South,0.0
2026-07-31,24,40.64,2,31.48,Basic,North,1.0
2026-07-31,37,27.08,1,20.67,Basic,West,0.0
2026-07-31,64,71.75,2,50.31,Standard,East,0.0
2026-07-31,18,95.41,1,39.84,Premium,North,0.0
2026-07-31,26,38.57,4,41.79,Basic,North,1.0
2026-07-31,61,33.72,2,7.96,Basic,West,1.0
2026-07-31,29,67.62,2,36.41,Standard,South,0.0
2026-07-31,73,66.58,0,51.7,Standard,South,0.0
2026-07-31,44,34.81,3,33.15,Basic,North,0.0
2026-07-31,64,29.67,1,39.08,Basic,West,0.0
2026-07-31,45,36.79,1,24.08,Basic,South,0.0
2026-07-31,11,85.91,2,50.58,Premium,East,0.0
2026-07-31,63,69.66,2,40.14,Standard,South,0.0
2026-07-31,36,35.98,2,35.53,Basic,West,0.0
2026-07-31,34,97.32,2,67.49,Premium,South,0.0
2026-07-31,58,51.92,0,53.15,Standard,West,0.0
2026-07-31,27,89.37,0,55.02,Premium,East,0.0
2026-07-31,37,32.47,1,41.15,Basic,South,0.0
2026-07-31,49,38.37,2,24.01,Basic,South,1.0
2026-07-31,48,30.29,1,28.39,Basic,East,0.0
2026-07-31,57,47.74,2,17.77,Basic,East,0.0
2026-07-31,13,93.68,2,34.4,Premium,East,0.0
2026-07-31,75,59.92,0,31.23,Standard,North,0.0
2026-07-31,49,34.07,1,32.81,Basic,South,0.0
2026-07-31,50,60.25,6,27.85,Standard,South,0.0
2026-07-31,68,59.08,1,39.71,Standard,East,0.0
2026-07-31,41,70.05,2,38.56,Standard,North,0.0
2026-07-31,10,37.57,1,21.76,Basic,North,0.0
2026-07-31,17,97.58,0,62.36,Premium,South,0.0
2026-07-31,72,71.38,1,26.85,Standard,South,0.0
2026-07-31,75,97.43,4,58.27,Premium,East,0.0
2026-07-31,13,59.66,1,17.56,Standard,North,0.0
2026-07-31,54,68.54,2,38.68,Standard,West,0.0
2026-07-31,52,29.37,1,21.12,Basic,South,0.0
2026-07-31,19,62.61,0,33.56,Standard,East,0.0
2026-07-31,61,34.77,2,51.2,Basic,West,0.0
2026-07-31,39,,3,43.63,Premium,South,1.0
2026-07-31,23,26.04,0,22.05,Basic,South,0.0
2026-07-31,46,30.16,3,37.98,Basic,South,0.0
2026-07-31,69,64.89,0,36.54,Standard,East,0.0
2026-07-31,22,61.95,0,41.61,Standard,West,0.0
2026-07-31,50,70.63,1,30.96,Standard,East,0.0
2026-07-31,57,,2,31.45,Standard,North,0.0
2026-07-31,50,59.4,3,32.22,Standard,West,1.0
2026-07-31,52,95.3,1,55.08,Premium,North,0.0
2026-07-31,57,42.91,0,30.83,Basic,South,0.0
2026-07-31,23,64.33,3,29.62,Standard,North,0.0
2026-07-31,14,92.97,1,48.72,Premium,North,0.0
2026-07-31,75,39.3,2,33.89,Basic,West,0.0
2026-07-31,29,,0,38.84,Basic,North,0.0
2026-07-31,72,41.35,2,28.28,Basic,West,0.0
2026-07-31,26,62.03,1,39.32,Standard,East,0.0
2026-07-31,26,62.63,2,44.32,Standard,South,0.0
2026-07-31,9,38.95,0,23.01,Basic,West,0.0
2026-07-31,38,35.5,1,41.96,Basic,North,0.0
2026-07-31,72,35.54,2,33.26,Basic,East,0.0
2026-07-31,68,25.45,1,22.09,Basic,West,0.0
2026-07-31,28,33.23,1,22.02,Basic,South,0.0
2026-07-31,35,69.32,1,39.11,Standard,South,1.0
2026-07-31,53,91.08,0,41.6,Premium,North,0.0
2026-07-31,72,68.5,0,47.65,Standard,North,0.0
2026-07-31,49,96.34,1,44.23,Premium,North,0.0
2026-07-31,21,94.0,3,50.13,Premium,South,0.0
2026-07-31,32,71.79,2,31.61,Standard,East,0.0
2026-07-31,57,63.3,4,39.87,Standard,South,0.0
2026-07-31,9,63.65,3,53.26,Standard,East,0.0
2026-07-31,48,63.94,2,38.62,Standard,South,0.0
2026-07-31,60,35.4,0,27.57,Basic,West,0.0
2026-07-31,31,38.83,0,24.46,Basic,East,0.0
2026-07-31,44,57.64,0,39.91,Standard,West,0.0
2026-07-31,56,99.34,2,61.19,Premium,East,0.0
2026-07-31,48,65.34,3,26.46,Standard,North,0.0
2026-07-31,9,37.77,1,32.6,Basic,East,0.0
2026-07-31,47,76.96,1,22.96,Standard,East,0.0
2026-07-31,23,62.44,2,36.0,Standard,North,0.0
2026-07-31,58,58.88,2,42.73,Standard,North,0.0
2026-07-31,25,35.97,1,17.3,Basic,North,0.0
2026-07-31,74,36.76,1,28.65,Basic,North,0.0
2026-07-31,15,39.36,0,36.01,Basic,West,0.0
2026-07-31,68,92.31,4,48.41,Premium,North,0.0
2026-07-31,10,30.85,0,36.49,Basic,North,0.0
2026-07-31,54,,1,37.35,Premium,South,0.0
2026-07-31,32,28.16,2,36.0,Basic,South,0.0
2026-07-31,21,92.92,0,41.1,Premium,West,0.0
2026-07-31,22,34.42,0,40.24,Basic,North,0.0
2026-07-31,10,75.33,1,16.99,Standard,West,0.0
2026-07-31,17,56.54,1,37.2,Standard,North,1.0
2026-07-31,34,66.68,2,41.09,Standard,South,0.0
2026-07-31,18,61.37,1,53.59,Standard,South,0.0
2026-07-31,73,36.11,0,33.97,Basic,West,0.0
2026-07-31,64,32.23,0,34.98,Basic,North,0.0
2026-07-31,40,40.18,2,36.85,Basic,South,0.0
2026-07-31,14,70.15,4,52.63,Standard,East,0.0
2026-07-31,75,64.43,6,36.28,Standard,East,0.0
2026-07-31,57,,3,19.07,Basic,South,0.0
2026-07-31,20,68.8,0,24.15,Standard,North,0.0
2026-07-31,11,41.96,3,39.74,Basic,West,0.0
2026-07-31,50,34.78,0,35.33,Basic,West,0.0
2026-07-31,10,39.76,3,30.54,Basic,East,0.0
2026-07-31,49,61.16,1,34.24,Standard,West,1.0
2026-07-31,38,30.65,4,34.91,Basic,South,0.0
2026-07-31,67,105.9,0,49.2,Premium,West,0.0
2026-07-31,33,59.57,1,44.9,Standard,West,0.0
2026-07-31,38,62.82,2,29.01,Standard,West,0.0
2026-07-31,45,25.51,1,15.46,Basic,West,0.0
2026-07-31,74,60.77,2,30.96,Standard,South,0.0
2026-07-31,55,90.03,1,33.59,Premium,North,0.0
2026-07-31,53,61.65,4,26.07,Standard,East,0.0
2026-07-31,29,36.5,0,48.8,Basic,East,0.0
2026-07-31,40,37.71,0,10.43,Basic,East,0.0
2026-07-31,21,29.97,3,37.8,Basic,East,0.0
2026-07-31,34,31.05,0,42.17,Basic,North,0.0
2026-07-31,63,70.42,2,49.97,Standard,East,0.0
2026-07-31,14,43.53,4,35.87,Basic,South,0.0
2026-07-31,19,71.28,2,53.3,Standard,North,0.0
2026-07-31,47,26.77,1,50.93,Basic,West,0.0
2026-07-31,62,70.95,3,37.08,Standard,North,1.0
2026-07-31,74,104.27,0,51.57,Premium,North,0.0
2026-07-31,47,26.52,1,45.86,Basic,South,0.0
2026-07-31,52,40.41,1,24.48,Basic,West,0.0
2026-07-31,27,66.13,0,37.65,Standard,North,0.0
2026-07-31,35,63.36,1,33.84,Standard,South,0.0
2026-07-31,29,65.53,3,44.71,Standard,South,0.0
2026-07-31,15,97.22,2,28.12,Premium,South,0.0
2026-07-31,33,70.79,1,54.47,Standard,West,0.0
2026-07-31,22,100.53,0,52.44,Premium,South,0.0
2026-07-31,48,27.47,0,39.0,Basic,South,0.0
2026-07-31,59,31.76,0,9.47,Basic,South,0.0
2026-07-31,74,35.47,1,22.7,Basic,South,0.0
2026-07-31,67,72.86,0,55.0,Standard,West,0.0
2026-07-31,29,21.36,0,31.33,Basic,South,0.0
2026-07-31,71,31.95,0,15.86,Basic,North,0.0
2026-07-31,72,87.36,3,49.32,Premium,South,0.0
2026-07-31,42,28.15,1,39.89,Basic,North,0.0
2026-07-31,21,39.93,1,38.41,Basic,West,0.0
2026-07-31,60,32.34,1,31.6,Basic,West,0.0
2026-07-31,15,23.33,2,44.46,Basic,West,0.0
2026-07-31,32,34.21,0,26.08,Basic,West,1.0
2026-07-31,44,45.18,5,38.5,Basic,South,1.0
2026-07-31,66,,1,34.45,Basic,East,0.0
2026-07-31,74,67.66,2,38.77,Standard,South,0.0
2026-07-31,63,42.84,0,29.31,Basic,West,0.0
2026-07-31,40,64.75,2,36.66,Standard,North,0.0
2026-07-31,13,74.64,0,40.42,Standard,North,0.0
2026-07-31,62,61.7,3,37.17,Standard,West,0.0
2026-07-31,66,102.23,1,54.43,Premium,South,0.0
2026-07-31,40,71.05,0,34.74,Standard,South,0.0
2026-07-31,45,34.84,0,48.78,Basic,East,0.0
2026-07-31,65,,0,27.29,Basic,South,0.0
2026-07-31,16,29.99,2,42.3,Basic,East,0.0
2026-07-31,63,53.28,1,49.73,Standard,South,0.0
2026-07-31,42,67.97,5,41.76,Standard,West,0.0
2026-07-31,54,37.37,2,33.87,Basic,North,0.0
2026-07-31,20,35.4,3,25.81,Basic,East,1.0
2026-07-31,49,94.39,1,41.93,Premium,South,0.0
2026-07-31,26,71.79,1,42.3,Standard,South,0.0
2026-07-31,43,36.49,1,32.65,Basic,West,0.0
2026-07-31,43,92.23,2,58.93,Premium,South,0.0
2026-07-31,73,65.74,2,35.55,Standard,North,0.0
2026-07-31,53,45.24,1,29.16,Basic,South,0.0
2026-07-31,45,38.11,0,16.45,Basic,North,0.0
2026-07-31,35,63.05,2,46.54,Standard,South,0.0
2026-08-31,74,65.2,1,31.61,Standard,North,0.0
2026-08-31,9,35.55,2,31.76,Basic,North,0.0
2026-08-31,50,93.48,1,55.04,Premium,West,0.0
2026-08-31,72,59.86,1,50.04,Standard,South,0.0
2026-08-31,23,73.46,2,31.45,Standard,East,0.0
2026-08-31,27,72.0,2,41.87,Standard,East,0.0
2026-08-31,63,42.95,2,17.55,Basic,South,1.0
2026-08-31,32,32.3,4,32.36,Basic,South,0.0
2026-08-31,53,31.59,3,41.33,Basic,East,0.0
2026-08-31,16,62.93,0,38.13,Standard,North,1.0
2026-08-31,54,100.37,1,58.96,Premium,North,0.0
2026-08-31,43,35.0,2,40.17,Basic,West,0.0
2026-08-31,43,32.28,3,34.21,Basic,North,0.0
2026-08-31,59,36.82,0,29.3,Basic,North,0.0
2026-08-31,39,91.32,1,40.46,Premium,East,0.0
2026-08-31,55,28.22,0,17.22,Basic,East,0.0
2026-08-31,37,95.65,1,32.85,Premium,South,0.0
2026-08-31,67,32.42,4,41.75,Basic,North,0.0
2026-08-31,46,34.93,3,46.94,Basic,South,0.0
2026-08-31,28,21.58,1,20.99,Basic,North,0.0
2026-08-31,68,30.54,4,32.48,Basic,East,0.0
2026-08-31,30,34.77,0,16.06,Basic,South,0.0
2026-08-31,73,87.42,2,36.03,Premium,West,0.0
2026-08-31,74,57.59,1,41.4,Standard,West,0.0
2026-08-31,46,35.19,0,26.61,Basic,South,0.0
2026-08-31,40,68.51,1,19.64,Standard,East,0.0
2026-08-31,27,30.54,4,48.99,Basic,East,0.0
2026-08-31,65,63.69,0,38.31,Standard,South,0.0
2026-08-31,27,63.8,0,27.76,Standard,East,0.0
2026-08-31,50,87.19,2,47.08,Premium,North,0.0
2026-08-31,63,70.92,2,37.99,Standard,West,0.0
2026-08-31,21,34.09,0,36.02,Basic,West,0.0
2026-08-31,20,34.14,2,28.4,Basic,West,1.0
2026-08-31,74,36.86,2,34.94,Basic,North,0.0
2026-08-31,76,27.2,1,41.24,Basic,West,0.0
2026-08-31,31,39.6,1,18.62,Basic,East,0.0
2026-08-31,24,40.25,4,24.87,Basic,West,0.0
2026-08-31,52,95.7,1,54.19,Premium,North,0.0
2026-08-31,48,97.31,2,40.29,Premium,South,0.0
2026-08-31,26,33.37,0,30.98,Basic,North,0.0
2026-08-31,23,99.32,0,41.1,Premium,West,0.0
2026-08-31,48,60.89,5,34.72,Standard,North,0.0
2026-08-31,27,34.84,4,26.87,Basic,North,0.0
2026-08-31,45,95.14,2,33.21,Premium,North,0.0
2026-08-31,55,94.81,1,50.39,Premium,West,0.0
2026-08-31,26,70.35,2,49.42,Standard,East,0.0
2026-08-31,47,75.94,1,37.04,Standard,North,0.0
2026-08-31,76,34.45,0,41.29,Basic,South,0.0
2026-08-31,45,67.35,1,33.89,Standard,South,1.0
2026-08-31,18,60.99,0,33.3,Standard,West,0.0
2026-08-31,58,70.16,0,42.91,Standard,North,0.0
2026-08-31,39,32.41,1,36.07,Basic,North,0.0
2026-08-31,57,80.73,1,37.67,Standard,East,0.0
2026-08-31,11,56.65,0,45.57,Standard,South,0.0
2026-08-31,57,75.74,0,25.93,Standard,North,0.0
2026-08-31,55,39.96,0,28.76,Basic,South,0.0
2026-08-31,9,29.39,4,41.45,Basic,South,1.0
2026-08-31,40,46.6,4,41.42,Basic,North,0.0
2026-08-31,40,60.36,3,47.16,Standard,North,0.0
2026-08-31,47,33.43,0,42.01,Basic,North,0.0
2026-08-31,50,88.52,2,42.07,Premium,West,0.0
2026-08-31,56,64.27,0,21.75,Standard,North,0.0
2026-08-31,71,34.74,1,29.21,Basic,East,0.0
2026-08-31,60,,0,45.16,Standard,North,0.0
2026-08-31,30,47.19,1,39.79,Basic,West,1.0
2026-08-31,74,32.44,1,26.54,Basic,South,0.0
2026-08-31,41,21.24,1,22.12,Basic,West,0.0
2026-08-31,67,68.24,2,30.11,Standard,North,0.0
2026-08-31,42,92.25,4,40.36,Premium,South,1.0
2026-08-31,31,44.09,0,12.83,Basic,South,0.0
2026-08-31,58,64.83,1,33.53,Standard,North,0.0
2026-08-31,58,31.2,2,32.28,Basic,South,0.0
2026-08-31,17,29.94,1,30.82,Basic,South,1.0
2026-08-31,14,68.11,4,35.5,Standard,South,0.0
2026-08-31,60,63.62,4,31.91,Standard,East,0.0
2026-08-31,18,102.34,1,40.07,Premium,North,0.0
2026-08-31,40,63.95,3,33.25,Standard,North,0.0
2026-08-31,40,42.07,2,38.85,Basic,South,0.0
2026-08-31,38,28.1,1,31.79,Basic,East,0.0
2026-08-31,40,26.31,1,63.47,Basic,South,0.0
2026-08-31,73,99.15,1,42.48,Premium,South,0.0
2026-08-31,43,62.68,1,43.18,Standard,West,0.0
2026-08-31,68,33.68,0,28.7,Basic,East,0.0
2026-08-31,41,29.94,0,28.46,Basic,North,1.0
2026-08-31,41,29.57,2,47.42,Basic,South,0.0
2026-08-31,52,68.18,0,48.78,Standard,North,0.0
2026-08-31,24,34.91,1,14.25,Basic,West,0.0
2026-08-31,73,89.7,1,35.57,Premium,West,0.0
2026-08-31,72,38.95,2,30.44,Basic,South,0.0
2026-08-31,20,70.87,2,33.63,Standard,South,1.0
2026-08-31,18,34.46,3,16.72,Basic,East,0.0
2026-08-31,33,40.02,3,32.96,Basic,North,0.0
2026-08-31,21,29.99,2,13.02,Basic,West,1.0
2026-08-31,14,37.89,3,33.07,Basic,West,0.0
2026-08-31,63,,4,53.1,Premium,North,0.0
2026-08-31,22,61.04,1,47.53,Standard,East,0.0
2026-08-31,34,45.27,4,30.36,Basic,North,1.0
2026-08-31,76,36.16,4,46.91,Basic,East,0.0
2026-08-31,36,62.05,2,42.12,Standard,East,0.0
2026-08-31,11,65.1,0,47.26,Standard,North,0.0
2026-08-31,25,30.65,0,24.44,Basic,West,0.0
2026-08-31,23,29.22,1,47.02,Basic,South,0.0
2026-08-31,46,32.75,2,31.77,Basic,South,0.0
2026-08-31,38,93.09,4,61.57,Premium,South,0.0
2026-08-31,14,30.98,1,45.38,Basic,West,1.0
2026-08-31,28,71.26,3,41.38,Standard,West,0.0
2026-08-31,40,91.17,1,49.86,Premium,West,0.0
2026-08-31,46,30.34,0,30.0,Basic,South,0.0
2026-08-31,37,29.07,0,23.61,Basic,East,0.0
2026-08-31,76,28.59,0,37.75,Basic,East,0.0
2026-08-31,42,70.14,1,44.24,Standard,North,0.0
2026-08-31,56,36.29,2,15.61,Basic,West,0.0
2026-08-31,47,38.45,3,30.97,Basic,West,0.0
2026-08-31,36,40.09,4,40.48,Basic,West,0.0
2026-08-31,10,63.33,1,53.46,Standard,South,0.0
2026-08-31,55,72.36,3,46.05,Standard,North,1.0
2026-08-31,67,31.87,0,16.63,Basic,North,0.0
2026-08-31,68,59.52,2,28.26,Standard,East,0.0
2026-08-31,62,36.87,4,28.34,Basic,West,1.0
2026-08-31,24,35.72,1,45.79,Basic,East,0.0
2026-08-31,39,35.71,1,25.73,Basic,East,0.0
2026-08-31,57,,2,49.39,Standard,West,0.0
2026-08-31,58,65.53,4,32.57,Standard,West,0.0
2026-08-31,50,36.57,2,37.13,Basic,West,0.0
2026-08-31,12,41.8,1,22.4,Basic,South,0.0
2026-08-31,58,36.33,3,29.86,Basic,East,0.0
2026-08-31,47,37.47,9,20.48,Basic,South,0.0
2026-08-31,14,27.91,1,46.23,Basic,East,0.0
2026-08-31,45,53.6,2,24.85,Basic,North,0.0
2026-08-31,58,27.05,2,16.33,Basic,North,0.0
2026-08-31,72,32.3,7,15.54,Basic,North,0.0
2026-08-31,62,32.15,0,30.95,Basic,East,0.0
2026-08-31,26,45.54,1,27.22,Basic,West,0.0
2026-08-31,55,62.0,1,45.29,Standard,East,0.0
2026-08-31,54,37.21,2,29.45,Basic,East,0.0
2026-08-31,22,62.19,1,50.46,Standard,East,0.0
2026-08-31,65,29.8,0,27.95,Basic,West,0.0
2026-08-31,19,37.85,6,42.06,Basic,East,0.0
2026-08-31,60,31.41,1,22.27,Basic,East,0.0
2026-08-31,59,36.04,2,16.77,Basic,South,0.0
2026-08-31,74,68.13,4,30.57,Standard,West,0.0
2026-08-31,53,44.53,1,20.51,Basic,South,0.0
2026-08-31,13,,2,19.39,Basic,West,0.0
2026-08-31,75,34.24,0,35.94,Basic,West,0.0
2026-08-31,35,34.44,2,29.16,Basic,West,0.0
2026-08-31,39,95.0,0,47.22,Premium,South,0.0
2026-08-31,68,107.84,3,51.08,Premium,South,0.0
2026-08-31,24,34.13,2,14.94,Basic,West,1.0
2026-08-31,54,,2,37.5,Basic,West,1.0
2026-08-31,61,34.01,2,19.75,Basic,East,0.0
2026-08-31,45,34.41,1,26.03,Basic,West,0.0
2026-08-31,59,33.79,0,12.88,Basic,South,0.0
2026-08-31,57,31.41,0,38.35,Basic,West,1.0
2026-08-31,44,28.39,5,14.91,Basic,South,0.0
2026-08-31,15,45.8,2,19.8,Basic,East,1.0
2026-08-31,59,36.59,0,20.52,Basic,East,0.0
2026-08-31,62,64.04,0,37.51,Standard,West,0.0
2026-08-31,30,105.64,2,44.21,Premium,West,0.0
2026-08-31,64,30.66,4,39.92,Basic,West,0.0
2026-08-31,23,68.01,2,37.75,Standard,North,0.0
2026-08-31,20,28.75,1,41.46,Basic,North,0.0
2026-08-31,17,38.75,2,35.59,Basic,West,0.0
2026-08-31,46,59.33,3,29.35,Standard,North,0.0
2026-08-31,28,37.35,2,25.13,Basic,West,0.0
2026-08-31,56,104.77,1,60.91,Premium,East,0.0
2026-08-31,53,,1,58.07,Premium,South,0.0
2026-08-31,38,24.04,2,40.04,Basic,North,0.0
2026-08-31,26,,1,41.35,Basic,North,0.0
2026-08-31,71,37.4,1,36.45,Basic,West,0.0
2026-08-31,69,99.5,1,49.15,Premium,North,1.0
2026-08-31,32,42.37,5,32.3,Basic,East,0.0
2026-08-31,25,,1,55.79,Standard,North,0.0
2026-08-31,63,34.35,0,27.15,Basic,South,0.0
2026-08-31,55,61.7,3,41.2,Standard,North,0.0
2026-08-31,40,29.41,1,14.72,Basic,East,0.0
2026-08-31,44,62.3,2,24.49,Standard,North,0.0
2026-08-31,58,67.38,0,56.95,Standard,East,0.0
2026-08-31,23,28.26,1,37.97,Basic,West,0.0
2026-08-31,76,30.37,2,29.67,Basic,East,0.0
2026-08-31,46,37.81,2,32.58,Basic,East,0.0
2026-08-31,17,61.77,2,25.22,Standard,West,0.0
2026-08-31,73,66.85,3,34.52,Standard,West,0.0
2026-08-31,76,30.93,1,17.22,Basic,East,0.0
2026-08-31,73,96.44,5,42.85,Premium,East,0.0
2026-08-31,56,31.14,0,38.6,Basic,South,0.0
2026-08-31,28,,2,50.33,Premium,East,0.0
2026-08-31,45,99.78,0,61.69,Premium,North,0.0
2026-08-31,45,61.52,1,41.75,Standard,West,0.0
2026-08-31,43,93.76,1,21.02,Premium,West,0.0
2026-08-31,19,31.54,0,51.31,Basic,South,0.0
2026-08-31,30,67.72,0,30.39,Standard,West,0.0
2026-08-31,40,36.67,1,33.42,Basic,East,1.0
2026-08-31,44,37.71,2,32.82,Basic,West,0.0
2026-08-31,30,62.25,0,41.21,Standard,West,0.0
2026-08-31,58,94.75,1,46.28,Premium,East,0.0
2026-08-31,72,97.09,3,46.46,Premium,West,0.0
2026-08-31,40,72.73,1,25.58,Standard,South,0.0
2026-08-31,52,96.53,4,71.67,Premium,South,0.0
2026-08-31,22,,2,45.31,Standard,North,0.0
2026-08-31,21,66.34,3,39.32,Standard,West,1.0
2026-08-31,13,34.18,1,50.22,Basic,South,1.0
2026-08-31,76,25.01,2,21.08,Basic,East,0.0
2026-08-31,29,25.77,1,40.48,Basic,North,0.0
2026-08-31,56,64.67,0,33.25,Standard,South,0.0
2026-08-31,51,65.09,2,42.82,Standard,East,0.0
2026-08-31,18,63.53,4,43.04,Standard,South,1.0
2026-08-31,20,99.42,1,22.44,Premium,East,0.0
2026-08-31,63,60.32,2,24.48,Standard,South,0.0
2026-08-31,63,58.07,1,54.66,Standard,East,0.0
2026-08-31,46,60.87,3,36.28,Standard,South,0.0
2026-08-31,32,61.95,1,58.82,Standard,South,0.0
2026-08-31,36,34.71,3,44.9,Basic,North,0.0
2026-08-31,62,91.01,2,43.6,Premium,East,0.0
2026-08-31,22,54.29,3,35.71,Standard,North,0.0
2026-08-31,14,52.15,1,55.28,Standard,East,0.0
2026-08-31,27,35.62,5,52.83,Basic,West,0.0
2026-08-31,21,29.35,1,28.93,Basic,South,1.0
2026-08-31,20,84.97,3,61.18,Premium,West,0.0
2026-08-31,40,98.12,1,56.1,Premium,South,0.0
2026-08-31,63,102.73,1,57.83,Premium,West,0.0
2026-08-31,56,64.53,0,39.81,Standard,East,0.0
2026-08-31,27,66.34,2,32.08,Standard,East,0.0
2026-08-31,37,36.38,2,21.26,Basic,South,0.0
2026-08-31,40,53.43,1,25.76,Standard,West,0.0
2026-08-31,35,39.44,4,50.91,Basic,East,0.0
2026-08-31,74,101.2,4,45.91,Premium,South,0.0
2026-08-31,73,44.18,4,20.35,Basic,West,0.0
2026-08-31,76,92.81,3,55.82,Premium,South,0.0
2026-08-31,37,29.32,0,27.01,Basic,West,1.0
2026-08-31,62,41.79,2,25.29,Basic,South,0.0
2026-08-31,59,67.49,0,59.48,Standard,West,0.0
2026-08-31,63,69.37,3,25.49,Standard,South,0.0
2026-08-31,19,61.76,2,41.15,Standard,East,0.0
2026-08-31,73,66.36,2,32.89,Standard,East,0.0
2026-08-31,72,59.73,2,31.29,Standard,East,0.0
2026-08-31,63,34.97,2,17.16,Basic,South,0.0
2026-08-31,47,93.26,1,46.4,Premium,North,0.0
2026-08-31,39,106.72,2,37.06,Premium,West,0.0
2026-08-31,25,67.74,0,44.71,Standard,North,0.0
2026-08-31,13,24.24,1,31.33,Basic,North,0.0
2026-08-31,74,64.99,1,35.67,Standard,West,0.0
2026-08-31,23,36.84,2,23.11,Basic,North,0.0
2026-08-31,32,92.63,4,60.11,Premium,West,0.0
2026-08-31,39,29.49,3,39.16,Basic,South,0.0
2026-08-31,54,38.3,2,24.99,Basic,East,0.0
2026-08-31,27,30.19,2,18.21,Basic,North,0.0
2026-08-31,23,67.88,3,19.92,Standard,East,0.0
2026-08-31,31,59.77,2,50.17,Standard,West,0.0
2026-08-31,31,,0,47.89,Standard,East,0.0
2026-08-31,13,39.78,0,42.27,Basic,East,0.0
2026-08-31,35,97.45,3,44.6,Premium,East,1.0
2026-08-31,46,35.16,0,39.86,Basic,South,0.0
2026-08-31,39,34.85,2,42.07,Basic,East,0.0
2026-08-31,32,65.45,1,38.1,Standard,East,0.0
2026-08-31,71,,4,35.22,Standard,North,0.0
2026-08-31,26,57.42,3,29.04,Standard,South,1.0
2026-08-31,66,37.85,3,36.06,Basic,East,0.0
2026-08-31,50,72.65,1,44.39,Standard,North,0.0
2026-08-31,53,38.02,0,27.73,Basic,South,0.0
2026-08-31,27,36.27,2,28.91,Basic,South,0.0
2026-08-31,74,28.96,3,29.63,Basic,East,0.0
2026-08-31,41,69.39,2,46.71,Standard,South,0.0
2026-08-31,43,37.41,0,18.06,Basic,West,0.0
2026-08-31,25,38.8,1,20.75,Basic,East,0.0
2026-08-31,41,40.17,0,20.94,Basic,East,0.0
2026-08-31,55,42.93,1,30.31,Basic,West,0.0
2026-08-31,72,29.43,1,34.95,Basic,North,0.0
2026-08-31,67,58.56,2,28.11,Standard,South,0.0
2026-08-31,19,35.74,1,40.89,Basic,North,0.0
2026-08-31,14,30.39,1,46.43,Basic,East,0.0
2026-08-31,73,59.52,1,42.94,Standard,South,0.0
2026-08-31,64,41.1,2,43.03,Basic,East,0.0
2026-08-31,19,59.95,1,29.65,Standard,West,0.0
2026-08-31,66,,1,29.89,Standard,South,0.0
2026-08-31,60,56.84,6,43.95,Standard,South,0.0
2026-08-31,74,65.32,1,38.42,Standard,South,0.0
2026-08-31,19,40.91,4,22.87,Basic,South,1.0
2026-08-31,65,41.07,3,46.05,Basic,South,0.0
2026-08-31,33,40.22,0,34.79,Basic,South,0.0
2026-08-31,46,94.61,1,52.82,Premium,South,0.0
2026-08-31,26,40.56,4,25.06,Basic,South,1.0
2026-08-31,13,37.15,1,48.6,Basic,South,0.0
2026-08-31,56,62.81,3,37.24,Standard,South,0.0
2026-08-31,14,66.91,2,48.99,Standard,South,0.0
2026-08-31,40,99.43,1,39.97,Premium,East,1.0
2026-08-31,22,28.36,4,33.49,Basic,South,0.0
2026-08-31,71,89.7,3,51.38,Premium,North,0.0
2026-08-31,39,64.28,0,58.75,Standard,West,0.0
2026-08-31,21,,1,34.4,Standard,West,0.0
2026-08-31,73,28.82,2,33.83,Basic,South,0.0
2026-08-31,55,32.9,0,37.72,Basic,East,0.0
2026-08-31,20,39.96,2,17.65,Basic,West,0.0
2026-08-31,33,69.87,0,17.06,Standard,South,1.0
2026-08-31,45,36.61,2,21.84,Basic,North,0.0
2026-08-31,61,35.9,3,41.47,Basic,South,1.0
2026-08-31,76,45.44,1,48.96,Basic,South,0.0
2026-08-31,66,92.3,2,36.57,Premium,South,0.0
2026-08-31,9,36.21,0,19.63,Basic,East,0.0
2026-08-31,41,32.06,0,47.15,Basic,South,0.0
2026-08-31,12,58.56,0,33.15,Standard,East,0.0
2026-08-31,29,,1,42.08,Premium,North,0.0
2026-08-31,27,63.47,1,53.39,Standard,West,0.0
2026-08-31,27,68.47,4,51.75,Standard,South,0.0
2026-08-31,24,33.77,0,41.14,Basic,South,0.0
2026-08-31,36,41.23,2,14.69,Basic,North,1.0
2026-08-31,42,30.01,2,19.22,Basic,South,0.0
2026-08-31,73,40.82,0,43.01,Basic,West,0.0
2026-08-31,37,39.47,0,34.98,Basic,East,0.0
2026-08-31,10,26.03,1,24.02,Basic,East,0.0
2026-08-31,48,,2,28.35,Basic,East,0.0
2026-08-31,29,70.1,1,49.91,Standard,South,1.0
2026-08-31,19,43.19,1,47.08,Basic,West,0.0
2026-08-31,54,98.58,1,45.74,Premium,South,0.0
2026-08-31,55,93.02,2,38.93,Premium,West,0.0
2026-08-31,32,30.16,1,29.05,Basic,West,0.0
2026-08-31,23,37.83,4,45.23,Basic,North,0.0
2026-08-31,42,92.87,1,59.04,Premium,North,0.0
2026-08-31,39,93.08,3,47.74,Premium,West,0.0
2026-08-31,74,33.88,4,26.51,Basic,North,0.0
2026-08-31,11,39.41,3,42.63,Basic,East,0.0
2026-08-31,21,104.03,2,62.03,Premium,North,0.0
2026-08-31,63,70.13,1,24.26,Standard,East,0.0
2026-08-31,73,65.05,2,36.48,Standard,East,0.0
2026-08-31,51,30.5,1,43.36,Basic,South,0.0
2026-08-31,30,68.34,1,39.54,Standard,West,0.0
2026-08-31,23,73.33,2,33.91,Standard,West,0.0
2026-08-31,66,40.02,0,33.65,Basic,North,0.0
2026-08-31,49,66.04,1,42.51,Standard,East,0.0
2026-08-31,36,32.55,0,20.53,Basic,East,0.0
2026-08-31,38,36.73,1,32.71,Basic,South,0.0
2026-08-31,19,70.77,2,42.47,Standard,West,0.0
2026-08-31,65,66.16,1,33.89,Standard,South,0.0
2026-08-31,12,94.48,2,38.01,Premium,South,0.0
2026-08-31,75,61.56,1,33.42,Standard,East,0.0
2026-08-31,20,47.95,1,22.09,Basic,North,0.0
2026-08-31,17,30.55,1,40.31,Basic,West,0.0
2026-08-31,13,60.08,0,28.96,Standard,South,0.0
2026-08-31,42,35.82,0,33.69,Basic,South,0.0
2026-08-31,12,63.99,6,35.06,Standard,East,1.0
2026-08-31,26,40.12,1,24.74,Basic,West,0.0
2026-08-31,63,40.29,0,45.51,Basic,West,0.0
2026-08-31,59,28.93,2,30.49,Basic,South,0.0
2026-08-31,32,31.22,1,25.11,Basic,East,0.0
2026-08-31,11,30.62,4,24.15,Basic,South,1.0
2026-08-31,19,68.92,2,42.19,Standard,East,0.0
2026-08-31,46,37.14,1,40.07,Basic,East,0.0
2026-08-31,40,93.14,2,58.51,Premium,East,0.0
2026-08-31,67,66.08,1,37.12,Standard,North,0.0
2026-08-31,41,59.37,1,36.52,Standard,North,0.0
2026-08-31,35,91.29,0,47.11,Premium,North,0.0
2026-08-31,51,88.5,1,47.47,Premium,North,0.0
2026-08-31,65,95.73,1,38.08,Premium,East,0.0
2026-08-31,64,35.71,0,46.42,Basic,North,0.0
2026-08-31,18,,4,32.02,Basic,North,1.0
2026-08-31,37,67.11,1,44.15,Standard,South,0.0
2026-08-31,71,70.29,1,43.04,Standard,North,0.0
2026-08-31,63,59.85,2,42.84,Standard,West,0.0
2026-08-31,62,63.37,0,28.76,Standard,North,0.0
2026-08-31,16,37.57,1,31.74,Basic,North,0.0
2026-08-31,35,34.97,3,54.61,Basic,North,0.0
2026-08-31,65,58.14,3,54.67,Standard,North,0.0
2026-08-31,17,62.8,2,40.37,Standard,South,0.0
2026-08-31,57,62.63,2,35.13,Standard,North,0.0
2026-08-31,44,64.15,2,16.62,Standard,South,0.0
2026-08-31,58,34.36,3,26.83,Basic,North,0.0
2026-08-31,54,42.83,1,31.02,Basic,West,0.0
2026-08-31,15,33.96,0,28.63,Basic,West,0.0
2026-08-31,17,26.41,1,29.32,Basic,East,0.0
2026-08-31,31,65.46,1,45.02,Standard,East,0.0
2026-08-31,72,73.74,1,28.8,Standard,East,0.0
2026-08-31,72,94.16,0,48.53,Premium,West,0.0
2026-08-31,60,32.81,2,30.7,Basic,North,0.0
2026-08-31,25,33.47,0,22.98,Basic,East,0.0
2026-08-31,73,37.92,2,48.54,Basic,North,0.0
2026-08-31,57,33.45,1,39.28,Basic,South,0.0
2026-08-31,29,,0,23.94,Basic,West,0.0
2026-08-31,57,31.64,2,36.97,Basic,East,0.0
2026-08-31,38,34.68,2,17.91,Basic,East,0.0
2026-08-31,41,37.68,2,25.17,Basic,North,0.0
2026-08-31,25,62.09,2,52.08,Standard,West,0.0
2026-08-31,52,63.52,0,42.32,Standard,East,0.0
2026-08-31,27,35.22,1,34.51,Basic,South,0.0
2026-08-31,71,,0,48.67,Standard,South,0.0
2026-08-31,18,34.54,1,37.91,Basic,East,0.0
2026-08-31,26,37.34,1,29.14,Basic,West,0.0
2026-08-31,17,59.07,0,48.16,Standard,East,0.0
2026-08-31,25,36.53,1,14.91,Basic,West,0.0
2026-08-31,54,59.55,2,32.13,Standard,North,0.0
2026-08-31,73,29.65,1,30.83,Basic,East,0.0
2026-08-31,19,31.69,5,37.28,Basic,West,0.0
2026-08-31,24,41.83,2,28.55,Basic,East,0.0
2026-08-31,18,26.42,1,13.96,Basic,South,1.0
2026-08-31,63,32.68,0,12.56,Basic,South,0.0
2026-08-31,45,34.87,1,31.12,Basic,South,0.0
2026-08-31,33,40.84,2,27.02,Basic,South,0.0
2026-08-31,56,44.74,2,22.7,Basic,North,0.0
2026-08-31,14,62.89,2,28.03,Standard,North,0.0
2026-08-31,61,,5,40.14,Standard,East,1.0
2026-08-31,15,94.53,6,58.82,Premium,North,0.0
2026-08-31,48,64.5,0,40.14,Standard,West,0.0
2026-08-31,11,96.37,3,58.96,Premium,West,0.0
2026-08-31,22,57.07,1,35.06,Standard,South,0.0
2026-08-31,51,64.76,2,43.23,Standard,South,0.0
2026-08-31,47,67.25,2,52.32,Standard,West,0.0
2026-08-31,39,60.7,3,37.22,Standard,North,0.0
2026-08-31,51,67.29,1,39.06,Standard,South,0.0
2026-08-31,65,86.36,3,42.06,Premium,East,0.0
2026-08-31,26,35.47,1,37.73,Basic,West,0.0
2026-08-31,75,101.71,2,54.82,Premium,South,0.0
2026-08-31,18,33.91,2,35.31,Basic,East,0.0
2026-08-31,75,30.11,2,29.51,Basic,North,0.0
2026-08-31,71,27.87,0,16.8,Basic,West,0.0
2026-08-31,38,66.95,1,38.32,Standard,East,0.0
2026-08-31,15,39.64,2,29.88,Basic,East,0.0
2026-08-31,36,34.72,2,34.16,Basic,North,0.0
2026-08-31,27,32.68,0,32.97,Basic,South,0.0
2026-08-31,48,55.35,2,54.52,Standard,East,0.0
2026-08-31,24,35.62,3,24.84,Basic,South,0.0
2026-08-31,13,61.55,1,23.05,Standard,West,0.0
2026-08-31,69,61.84,2,27.37,Standard,West,0.0
2026-08-31,67,73.08,0,32.46,Standard,North,0.0
2026-08-31,43,,2,49.62,Standard,West,0.0
2026-08-31,66,26.66,2,18.83,Basic,South,0.0
2026-08-31,74,96.16,2,34.16,Premium,East,0.0
2026-08-31,71,93.07,0,49.94,Premium,South,0.0
2026-08-31,65,,2,40.29,Basic,East,0.0
2026-08-31,11,36.36,1,16.31,Basic,South,0.0
2026-08-31,60,66.28,3,21.08,Standard,South,0.0
2026-08-31,71,90.13,0,37.93,Premium,East,0.0
2026-08-31,21,62.04,4,45.37,Standard,North,0.0
2026-08-31,13,95.25,3,47.23,Premium,South,0.0
2026-08-31,32,95.84,3,38.3,Premium,North,0.0
2026-08-31,64,67.42,1,46.19,Standard,North,0.0
2026-08-31,64,32.08,2,33.04,Basic,East,0.0
2026-08-31,48,36.74,0,30.72,Basic,South,0.0
2026-08-31,75,39.75,4,15.66,Basic,East,0.0
2026-08-31,20,35.23,3,24.09,Basic,West,0.0
2026-08-31,68,34.49,3,51.37,Basic,East,0.0
2026-08-31,68,,2,28.44,Basic,South,0.0
2026-08-31,73,61.91,0,29.23,Standard,East,0.0
2026-08-31,28,30.31,3,27.98,Basic,West,1.0
2026-08-31,52,63.51,2,39.99,Standard,South,0.0
2026-08-31,27,97.25,2,54.63,Premium,South,1.0
2026-08-31,41,30.55,6,38.01,Basic,North,0.0
2026-08-31,74,34.62,1,25.03,Basic,North,0.0
2026-08-31,44,34.04,0,44.52,Basic,North,0.0
2026-08-31,61,103.89,0,53.95,Premium,North,0.0
2026-08-31,40,68.61,1,34.35,Standard,North,0.0
2026-08-31,9,38.53,3,30.52,Basic,West,0.0
2026-08-31,19,69.6,3,44.81,Standard,East,0.0
2026-08-31,54,62.27,2,49.55,Standard,North,0.0
2026-08-31,29,41.88,1,16.61,Basic,West,0.0
2026-08-31,30,65.8,1,39.5,Standard,West,0.0
2026-08-31,15,34.78,1,31.49,Basic,West,0.0
2026-08-31,64,28.93,0,26.09,Basic,West,0.0
2026-08-31,15,,2,40.04,Premium,North,0.0
2026-08-31,45,26.17,3,42.34,Basic,East,0.0
2026-08-31,30,93.76,2,51.15,Premium,West,0.0
2026-08-31,70,62.12,0,59.87,Standard,North,0.0
2026-08-31,54,33.01,3,26.1,Basic,East,0.0
2026-08-31,13,58.07,0,40.17,Standard,North,0.0
2026-08-31,50,38.52,0,34.9,Basic,South,0.0
2026-08-31,20,37.96,1,40.76,Basic,West,0.0
2026-08-31,47,43.45,1,45.38,Basic,East,0.0
2026-08-31,25,103.31,2,46.74,Premium,South,0.0
2026-08-31,59,95.78,3,34.85,Premium,West,0.0
2026-08-31,41,40.12,1,24.69,Basic,North,0.0
2026-08-31,37,36.31,4,33.23,Basic,South,0.0
2026-08-31,68,92.86,2,57.03,Premium,South,0.0
2026-08-31,39,,2,24.34,Standard,East,0.0
2026-08-31,24,38.19,2,20.1,Basic,South,0.0
2026-08-31,44,55.44,1,39.37,Basic,South,0.0
2026-08-31,64,40.83,0,18.86,Basic,East,0.0
2026-08-31,13,36.23,1,20.55,Basic,North,0.0
2026-08-31,28,37.42,1,43.17,Basic,North,0.0
2026-08-31,48,67.37,2,36.59,Standard,North,0.0
2026-08-31,25,64.55,4,35.82,Standard,South,0.0
2026-08-31,60,38.78,2,45.48,Basic,North,0.0
2026-08-31,12,64.22,2,28.17,Standard,North,0.0
2026-08-31,26,59.94,2,26.16,Standard,East,0.0
2026-08-31,48,67.41,1,55.09,Standard,East,0.0
2026-08-31,67,38.08,0,34.13,Basic,North,0.0
2026-08-31,33,34.27,1,38.6,Basic,South,0.0
2026-08-31,27,36.55,1,28.69,Basic,East,0.0
2026-08-31,72,39.8,2,30.73,Basic,West,0.0
2026-08-31,43,64.74,0,31.76,Standard,West,1.0
2026-08-31,22,62.76,1,41.98,Standard,North,0.0
2026-08-31,68,31.45,4,40.11,Basic,West,0.0
2026-08-31,10,63.73,2,40.76,Standard,South,0.0
2026-08-31,59,72.67,1,49.41,Standard,South,0.0
2026-08-31,70,64.01,1,45.42,Standard,East,0.0
2026-08-31,48,66.8,0,28.32,Standard,North,0.0
2026-08-31,71,93.38,2,44.35,Premium,South,0.0
2026-08-31,51,62.95,3,34.32,Standard,South,0.0
2026-08-31,49,30.6,1,39.33,Basic,East,0.0
2026-08-31,16,95.5,1,50.42,Premium,North,0.0
2026-08-31,21,32.41,1,33.07,Basic,North,0.0
2026-08-31,56,71.37,0,48.94,Standard,South,0.0
2026-08-31,55,94.46,1,27.14,Premium,West,0.0
2026-08-31,50,34.78,1,25.77,Basic,East,0.0
2026-08-31,23,34.1,0,26.62,Basic,East,0.0
2026-08-31,14,36.86,3,34.32,Basic,East,0.0
2026-08-31,14,102.45,1,51.33,Premium,East,0.0
2026-08-31,17,29.8,3,31.79,Basic,North,0.0
2026-08-31,23,66.39,4,25.65,Standard,West,0.0
2026-08-31,75,27.16,1,35.87,Basic,North,0.0
2026-08-31,62,41.12,3,33.08,Basic,East,1.0
2026-08-31,21,34.46,2,17.11,Basic,West,1.0
2026-08-31,29,57.53,1,35.85,Standard,East,0.0
2026-08-31,69,28.62,1,35.54,Basic,West,0.0
2026-08-31,39,99.07,1,62.33,Premium,North,0.0
2026-08-31,27,56.68,3,27.91,Standard,East,0.0
2026-08-31,31,96.39,1,53.7,Premium,North,0.0
2026-08-31,35,32.86,2,21.04,Basic,East,0.0
2026-08-31,45,64.03,2,26.09,Standard,North,0.0
2026-08-31,46,31.63,0,19.68,Basic,East,0.0
2026-08-31,45,30.24,2,37.85,Basic,South,0.0
2026-08-31,51,,4,40.1,Standard,North,0.0
2026-08-31,29,37.86,1,28.65,Basic,West,0.0
2026-08-31,42,93.54,3,50.38,Premium,West,0.0
2026-09-30,59,33.15,2,35.29,Basic,East,
2026-09-30,47,35.56,2,40.7,Basic,South,
2026-09-30,20,62.64,3,47.07,Standard,South,
2026-09-30,11,86.17,0,47.69,Premium,North,
2026-09-30,21,39.01,3,30.17,Basic,East,
2026-09-30,65,95.93,1,52.93,Premium,North,
2026-09-30,73,66.83,2,36.75,Standard,East,
2026-09-30,50,34.29,3,17.61,Basic,South,
2026-09-30,69,72.57,1,22.49,Standard,South,
2026-09-30,37,32.48,2,27.57,Basic,South,
2026-09-30,12,59.61,1,38.7,Standard,North,
2026-09-30,71,,0,62.22,Standard,North,
2026-09-30,59,24.01,3,29.3,Basic,North,
2026-09-30,54,34.23,3,30.97,Basic,West,
2026-09-30,14,34.62,2,26.46,Basic,North,
2026-09-30,75,34.43,0,36.69,Basic,North,
2026-09-30,15,87.24,0,47.3,Premium,North,
2026-09-30,11,59.07,4,31.12,Standard,South,
2026-09-30,15,69.79,1,27.39,Standard,East,
2026-09-30,73,41.93,2,26.48,Basic,South,
2026-09-30,66,32.91,4,22.07,Basic,East,
2026-09-30,17,60.35,7,35.19,Standard,East,
2026-09-30,39,26.08,2,31.91,Basic,North,
2026-09-30,45,39.7,3,25.49,Basic,North,
2026-09-30,47,40.0,2,45.04,Basic,East,
2026-09-30,23,80.95,4,56.09,Premium,West,
2026-09-30,12,52.88,1,35.2,Standard,North,
2026-09-30,12,35.68,4,20.86,Basic,West,
2026-09-30,71,96.33,2,44.2,Premium,West,
2026-09-30,52,62.61,0,36.16,Standard,West,
2026-09-30,76,64.84,2,36.87,Standard,East,
2026-09-30,68,33.76,3,26.52,Basic,South,
2026-09-30,25,35.13,1,20.01,Basic,East,
2026-09-30,16,30.5,2,30.85,Basic,North,
2026-09-30,54,64.94,0,33.99,Standard,South,
2026-09-30,25,61.63,1,34.88,Standard,South,
2026-09-30,56,31.21,0,31.44,Basic,East,
2026-09-30,75,25.67,1,29.81,Basic,South,
2026-09-30,75,34.12,2,31.22,Basic,South,
2026-09-30,27,69.01,1,33.53,Standard,East,
2026-09-30,42,33.37,3,34.1,Basic,West,
2026-09-30,58,63.23,2,30.32,Standard,West,
2026-09-30,26,101.28,3,33.62,Premium,North,
2026-09-30,48,70.12,2,28.6,Standard,East,
2026-09-30,34,43.67,1,23.73,Basic,South,
2026-09-30,49,76.29,3,24.62,Standard,East,
2026-09-30,53,95.3,2,27.57,Premium,West,
2026-09-30,69,,1,42.53,Standard,South,
2026-09-30,42,32.39,2,43.24,Basic,East,
2026-09-30,29,37.87,1,36.08,Basic,West,
2026-09-30,15,42.2,1,25.67,Basic,East,
2026-09-30,57,29.76,0,13.34,Basic,East,
2026-09-30,64,66.28,1,39.42,Standard,West,
2026-09-30,37,31.04,0,14.43,Basic,North,
2026-09-30,68,64.27,3,36.63,Standard,South,
2026-09-30,42,64.19,3,29.5,Standard,South,
2026-09-30,42,36.91,1,7.69,Basic,North,
2026-09-30,13,45.16,2,45.31,Basic,South,
2026-09-30,45,37.38,4,17.94,Basic,West,
2026-09-30,50,32.85,1,26.94,Basic,West,
2026-09-30,43,92.03,0,43.21,Premium,North,
2026-09-30,46,34.05,2,25.8,Basic,West,
2026-09-30,46,30.64,1,35.15,Basic,West,
2026-09-30,57,35.7,3,23.09,Basic,West,
2026-09-30,16,52.94,3,41.32,Standard,North,
2026-09-30,46,63.94,2,40.69,Standard,West,
2026-09-30,39,94.34,4,30.72,Premium,North,
2026-09-30,33,29.2,1,32.86,Basic,North,
2026-09-30,40,,4,19.96,Basic,South,
2026-09-30,56,70.6,3,25.84,Standard,West,
2026-09-30,77,40.96,3,33.41,Basic,West,
2026-09-30,25,32.33,0,26.42,Basic,East,
2026-09-30,13,97.62,1,48.23,Premium,North,
2026-09-30,33,57.51,3,41.32,Standard,West,
2026-09-30,31,,0,16.22,Basic,South,
2026-09-30,14,96.15,1,51.91,Premium,East,
2026-09-30,43,42.63,2,33.35,Basic,South,
2026-09-30,45,40.96,2,24.63,Basic,East,
2026-09-30,67,36.04,1,29.14,Basic,North,
2026-09-30,57,30.44,2,38.19,Basic,West,
2026-09-30,41,41.79,3,27.3,Basic,North,
2026-09-30,54,63.3,4,58.65,Standard,West,
2026-09-30,29,97.24,4,59.41,Premium,West,
2026-09-30,20,64.39,1,38.67,Standard,North,
2026-09-30,46,104.96,1,42.22,Premium,East,
2026-09-30,43,31.95,0,28.65,Basic,South,
2026-09-30,30,,2,24.49,Basic,South,
2026-09-30,71,34.57,2,31.75,Basic,South,
2026-09-30,47,37.85,5,37.38,Basic,North,
2026-09-30,48,43.1,2,17.01,Basic,West,
2026-09-30,56,24.98,2,36.93,Basic,North,
2026-09-30,29,94.67,1,53.84,Premium,South,
2026-09-30,46,30.53,2,36.22,Basic,South,
2026-09-30,70,67.23,0,36.2,Standard,South,
2026-09-30,51,38.46,0,35.81,Basic,South,
2026-09-30,67,32.65,4,43.49,Basic,East,
2026-09-30,12,62.39,1,36.92,Standard,West,
2026-09-30,58,36.02,3,30.74,Basic,East,
2026-09-30,54,28.63,2,51.83,Basic,North,
2026-09-30,71,66.67,0,40.57,Standard,West,
2026-09-30,75,60.91,1,27.43,Standard,South,
2026-09-30,19,38.67,1,39.23,Basic,South,
2026-09-30,43,28.41,5,34.52,Basic,East,
2026-09-30,73,32.16,3,23.95,Basic,West,
2026-09-30,64,31.24,0,19.46,Basic,South,
2026-09-30,16,93.51,0,46.89,Premium,North,
2026-09-30,47,41.88,3,29.9,Basic,West,
2026-09-30,33,39.23,2,18.06,Basic,South,
2026-09-30,57,62.6,1,36.62,Standard,East,
2026-09-30,44,62.6,1,35.99,Standard,South,
2026-09-30,31,39.43,0,29.88,Basic,North,
2026-09-30,38,59.18,0,42.42,Standard,South,
2026-09-30,75,65.11,2,19.88,Standard,West,
2026-09-30,34,31.97,2,19.38,Basic,West,
2026-09-30,24,34.14,0,25.63,Basic,South,
2026-09-30,17,69.05,6,50.76,Standard,East,
2026-09-30,20,31.65,6,54.18,Basic,North,
2026-09-30,13,39.87,2,30.55,Basic,North,
2026-09-30,13,76.0,3,37.96,Standard,East,
2026-09-30,46,38.02,1,6.07,Basic,North,
2026-09-30,46,34.58,5,39.54,Basic,East,
2026-09-30,64,40.79,2,35.0,Basic,West,
2026-09-30,52,29.46,1,33.33,Basic,North,
2026-09-30,23,72.61,2,25.04,Standard,East,
2026-09-30,54,31.23,0,50.3,Basic,South,
2026-09-30,40,45.84,0,45.71,Basic,East,
2026-09-30,21,,2,40.44,Standard,West,
2026-09-30,54,,4,47.42,Standard,North,
2026-09-30,54,27.2,2,31.01,Basic,East,
2026-09-30,38,33.93,2,38.71,Basic,North,
2026-09-30,21,29.6,1,17.43,Basic,East,
2026-09-30,12,87.79,1,21.76,Premium,South,
2026-09-30,61,41.03,3,17.81,Basic,East,
2026-09-30,20,,0,22.44,Basic,West,
2026-09-30,28,61.32,3,31.06,Standard,East,
2026-09-30,55,,3,41.98,Standard,South,
2026-09-30,38,100.7,4,41.93,Premium,East,
2026-09-30,65,40.09,2,30.21,Basic,East,
2026-09-30,34,101.35,0,32.65,Premium,North,
2026-09-30,70,31.07,2,17.79,Basic,East,
2026-09-30,35,71.75,0,37.91,Standard,South,
2026-09-30,15,31.03,0,25.08,Basic,North,
2026-09-30,59,91.23,0,44.55,Premium,East,
2026-09-30,54,91.51,3,49.94,Premium,East,
2026-09-30,77,61.69,6,53.89,Standard,East,
2026-09-30,16,64.55,3,37.3,Standard,South,
2026-09-30,45,30.81,1,48.63,Basic,East,
2026-09-30,58,36.16,2,34.56,Basic,South,
2026-09-30,37,21.95,2,37.4,Basic,East,
2026-09-30,27,66.14,3,48.03,Standard,West,
2026-09-30,29,29.55,2,37.7,Basic,East,
2026-09-30,10,31.65,4,22.48,Basic,East,
2026-09-30,52,31.77,1,41.33,Basic,South,
2026-09-30,62,69.72,1,33.76,Standard,East,
2026-09-30,40,37.52,1,33.52,Basic,West,
2026-09-30,12,34.17,1,31.83,Basic,West,
2026-09-30,62,31.42,2,41.94,Basic,West,
2026-09-30,71,38.91,4,34.43,Basic,South,
2026-09-30,51,43.97,3,16.64,Basic,West,
2026-09-30,15,34.86,4,51.42,Basic,South,
2026-09-30,38,57.01,2,45.85,Standard,West,
2026-09-30,48,31.49,0,25.0,Basic,North,
2026-09-30,74,97.8,3,33.13,Premium,West,
2026-09-30,43,32.79,4,39.99,Basic,North,
2026-09-30,10,,3,20.31,Basic,North,
2026-09-30,57,90.49,2,52.51,Premium,East,
2026-09-30,56,95.46,3,55.19,Premium,East,
2026-09-30,26,27.33,3,24.0,Basic,North,
2026-09-30,37,34.83,2,23.11,Basic,East,
2026-09-30,12,35.44,3,25.8,Basic,West,
2026-09-30,18,62.75,0,27.61,Standard,South,
2026-09-30,31,29.79,2,32.8,Basic,East,
2026-09-30,16,,1,34.22,Basic,West,
2026-09-30,28,28.34,1,37.77,Basic,North,
2026-09-30,54,35.86,1,22.17,Basic,South,
2026-09-30,36,98.64,0,52.9,Premium,West,
2026-09-30,20,35.8,1,20.62,Basic,North,
2026-09-30,52,101.16,0,52.89,Premium,South,
2026-09-30,68,29.32,0,15.63,Basic,South,
2026-09-30,50,91.05,2,60.18,Premium,West,
2026-09-30,31,62.69,0,32.28,Standard,North,
2026-09-30,64,51.45,1,36.49,Basic,South,
2026-09-30,33,37.54,2,37.28,Basic,South,
2026-09-30,11,,1,17.8,Basic,North,
2026-09-30,54,68.27,1,45.85,Standard,North,
2026-09-30,58,35.39,1,24.99,Basic,South,
2026-09-30,24,70.25,2,34.44,Standard,North,
2026-09-30,35,85.65,0,37.8,Premium,West,
2026-09-30,10,36.38,1,46.64,Basic,South,
2026-09-30,41,67.14,1,25.8,Standard,North,
2026-09-30,40,100.09,1,48.8,Premium,East,
2026-09-30,27,59.22,3,31.26,Standard,West,
2026-09-30,45,29.59,5,41.41,Basic,East,
2026-09-30,56,29.91,6,53.71,Basic,East,
2026-09-30,40,37.61,5,24.2,Basic,North,
2026-09-30,64,37.68,3,31.9,Basic,East,
2026-09-30,41,30.25,1,26.65,Basic,West,
2026-09-30,37,,4,54.88,Premium,South,
2026-09-30,55,36.43,3,28.01,Basic,North,
2026-09-30,21,35.62,3,39.56,Basic,North,
2026-09-30,67,33.96,2,26.52,Basic,East,
2026-09-30,51,99.65,3,66.94,Premium,East,
2026-09-30,34,36.95,0,8.58,Basic,West,
2026-09-30,25,,2,34.27,Basic,South,
2026-09-30,63,58.93,2,37.39,Standard,West,
2026-09-30,10,27.27,0,30.03,Basic,South,
2026-09-30,14,31.3,1,33.35,Basic,East,
2026-09-30,51,67.77,1,38.08,Standard,East,
2026-09-30,42,62.86,2,39.69,Standard,South,
2026-09-30,21,41.36,4,34.58,Basic,South,
2026-09-30,35,33.03,3,47.99,Basic,West,
2026-09-30,63,70.41,3,9.84,Standard,East,
2026-09-30,41,30.85,2,48.97,Basic,East,
2026-09-30,45,100.92,1,70.1,Premium,East,
2026-09-30,16,41.85,1,12.99,Basic,West,
2026-09-30,59,32.18,2,30.98,Basic,West,
2026-09-30,19,67.45,3,51.21,Standard,South,
2026-09-30,25,66.34,2,46.69,Standard,South,
2026-09-30,29,37.58,1,47.26,Basic,West,
2026-09-30,39,41.42,3,34.22,Basic,South,
2026-09-30,28,99.87,2,24.17,Premium,West,
2026-09-30,65,37.57,4,43.55,Basic,West,
2026-09-30,36,38.32,2,36.85,Basic,East,
2026-09-30,12,28.65,0,45.16,Basic,East,
2026-09-30,41,34.8,3,15.16,Basic,West,
2026-09-30,18,29.49,2,18.34,Basic,South,
2026-09-30,25,64.91,1,37.66,Standard,South,
2026-09-30,50,100.58,1,57.83,Premium,East,
2026-09-30,52,94.96,0,60.62,Premium,North,
2026-09-30,55,,2,23.24,Basic,East,
2026-09-30,35,29.77,2,26.44,Basic,East,
2026-09-30,66,37.91,1,59.22,Basic,East,
2026-09-30,14,32.3,2,24.97,Basic,East,
2026-09-30,35,68.92,5,44.25,Standard,North,
2026-09-30,26,28.96,4,25.98,Basic,South,
2026-09-30,12,36.91,2,35.25,Basic,West,
2026-09-30,48,67.16,2,28.84,Standard,South,
2026-09-30,13,68.95,2,29.12,Standard,South,
2026-09-30,51,91.72,1,40.79,Premium,East,
2026-09-30,68,38.9,2,25.05,Basic,East,
2026-09-30,64,102.53,0,41.46,Premium,North,
2026-09-30,56,23.64,1,35.76,Basic,North,
2026-09-30,26,35.26,2,49.4,Basic,West,
2026-09-30,54,25.97,0,24.59,Basic,East,
2026-09-30,48,60.7,5,27.62,Standard,West,
2026-09-30,43,31.11,2,30.6,Basic,West,
2026-09-30,42,64.67,2,28.99,Standard,North,
2026-09-30,19,36.89,1,14.15,Basic,South,
2026-09-30,67,99.52,1,55.14,Premium,West,
2026-09-30,66,36.32,2,31.31,Basic,South,
2026-09-30,59,68.37,2,39.28,Standard,North,
2026-09-30,47,89.61,2,25.23,Premium,North,
2026-09-30,18,70.28,1,31.65,Standard,East,
2026-09-30,53,78.52,2,30.34,Premium,South,
2026-09-30,75,72.63,1,37.3,Standard,West,
2026-09-30,19,41.74,4,31.84,Basic,West,
2026-09-30,34,68.75,0,38.84,Standard,North,
2026-09-30,71,76.14,2,30.83,Standard,West,
2026-09-30,74,25.98,4,21.97,Basic,North,
2026-09-30,40,38.9,2,28.57,Basic,East,
2026-09-30,29,35.68,1,34.07,Basic,West,
2026-09-30,29,36.22,2,24.71,Basic,South,
2026-09-30,41,89.18,2,35.13,Premium,North,
2026-09-30,31,96.97,2,35.55,Premium,North,
2026-09-30,47,66.74,3,30.92,Standard,South,
2026-09-30,15,31.55,1,25.97,Basic,West,
2026-09-30,14,34.66,1,19.52,Basic,South,
2026-09-30,10,28.43,1,26.04,Basic,South,
2026-09-30,58,33.02,5,42.86,Basic,North,
2026-09-30,72,69.8,2,34.55,Standard,East,
2026-09-30,17,39.9,3,18.11,Basic,North,
2026-09-30,72,38.84,0,7.92,Basic,East,
2026-09-30,21,,2,48.86,Basic,West,
2026-09-30,13,99.87,1,55.89,Premium,West,
2026-09-30,29,31.78,3,33.35,Basic,East,
2026-09-30,29,36.7,1,42.13,Basic,East,
2026-09-30,75,40.43,1,35.78,Basic,South,
2026-09-30,17,,3,29.74,Basic,East,
2026-09-30,76,58.07,4,25.1,Standard,East,
2026-09-30,68,57.8,1,56.59,Standard,North,
2026-09-30,43,56.07,3,33.13,Standard,South,
2026-09-30,55,29.75,2,26.68,Basic,West,
2026-09-30,46,92.37,0,44.87,Premium,South,
2026-09-30,71,72.56,0,38.05,Standard,North,
2026-09-30,24,92.81,3,50.25,Premium,West,
2026-09-30,74,27.42,3,35.1,Basic,West,
2026-09-30,38,95.83,1,38.73,Premium,West,
2026-09-30,73,64.06,1,37.76,Standard,South,
2026-09-30,76,31.09,4,35.93,Basic,East,
2026-09-30,67,32.06,1,23.88,Basic,West,
2026-09-30,63,40.34,0,44.97,Basic,East,
2026-09-30,39,,2,37.3,Standard,West,
2026-09-30,57,26.67,2,46.48,Basic,West,
2026-09-30,26,67.33,2,23.58,Standard,West,
2026-09-30,28,61.93,1,44.05,Standard,East,
2026-09-30,60,72.76,2,28.6,Standard,South,
2026-09-30,61,34.23,4,24.16,Basic,South,
2026-09-30,27,94.5,1,53.55,Premium,West,
2026-09-30,75,38.93,0,28.22,Basic,South,
2026-09-30,56,56.64,0,63.47,Standard,North,
2026-09-30,77,36.69,1,35.68,Basic,North,
2026-09-30,42,33.17,2,23.54,Basic,East,
2026-09-30,50,40.13,1,35.7,Basic,West,
2026-09-30,54,61.77,0,35.13,Standard,South,
2026-09-30,20,65.88,1,45.82,Standard,East,
2026-09-30,29,33.21,1,27.54,Basic,South,
2026-09-30,75,37.06,3,34.57,Basic,South,
2026-09-30,55,63.74,4,39.48,Standard,South,
2026-09-30,46,36.31,4,31.28,Basic,South,
2026-09-30,10,43.77,4,40.92,Basic,West,
2026-09-30,12,63.57,2,19.47,Standard,West,
2026-09-30,47,37.01,3,31.48,Basic,South,
2026-09-30,15,46.43,1,23.49,Basic,South,
2026-09-30,19,36.95,4,17.01,Basic,North,
2026-09-30,49,52.83,3,29.12,Standard,West,
2026-09-30,75,61.67,1,31.3,Standard,East,
2026-09-30,66,28.98,1,28.15,Basic,West,
2026-09-30,41,39.61,0,33.87,Basic,East,
2026-09-30,74,34.53,2,35.92,Basic,West,
2026-09-30,51,40.32,3,26.41,Basic,North,
2026-09-30,74,38.06,0,46.35,Basic,South,
2026-09-30,26,38.04,0,26.79,Basic,South,
2026-09-30,49,58.88,3,18.04,Standard,West,
2026-09-30,72,37.52,3,27.05,Basic,North,
2026-09-30,76,101.83,4,44.97,Premium,South,
2026-09-30,68,87.76,2,11.77,Premium,North,
2026-09-30,20,33.41,2,42.57,Basic,West,
2026-09-30,52,66.77,2,36.51,Standard,South,
2026-09-30,16,65.49,1,25.98,Standard,North,
2026-09-30,36,,2,20.9,Basic,North,
2026-09-30,12,38.64,2,38.12,Basic,East,
2026-09-30,61,97.03,2,53.34,Premium,South,
2026-09-30,62,39.09,2,24.01,Basic,East,
2026-09-30,16,68.82,2,23.95,Standard,North,
2026-09-30,72,65.21,1,38.81,Standard,West,
2026-09-30,67,,3,33.64,Basic,West,
2026-09-30,67,39.95,0,36.15,Basic,North,
2026-09-30,40,91.28,1,38.87,Premium,South,
2026-09-30,73,34.64,0,29.28,Basic,North,
2026-09-30,76,29.22,2,30.7,Basic,North,
2026-09-30,47,38.66,1,40.17,Basic,West,
2026-09-30,35,71.16,2,50.79,Standard,North,
2026-09-30,61,60.32,2,53.51,Standard,South,
2026-09-30,13,34.23,4,43.52,Basic,West,
2026-09-30,32,62.6,2,55.63,Standard,South,
2026-09-30,10,100.38,6,54.63,Premium,East,
2026-09-30,62,42.08,2,24.61,Basic,North,
2026-09-30,12,62.6,7,52.84,Standard,West,
2026-09-30,61,19.54,2,16.74,Basic,West,
2026-09-30,48,40.76,0,54.14,Basic,West,
2026-09-30,39,35.23,1,20.75,Basic,East,
2026-09-30,52,35.24,2,39.38,Basic,West,
2026-09-30,12,99.82,0,58.94,Premium,East,
2026-09-30,65,33.18,2,35.09,Basic,South,
2026-09-30,28,61.85,2,17.0,Standard,West,
2026-09-30,67,33.22,4,21.02,Basic,South,
2026-09-30,70,37.45,2,34.07,Basic,West,
2026-09-30,47,99.39,2,50.86,Premium,West,
2026-09-30,49,73.17,1,35.71,Standard,South,
2026-09-30,72,,1,31.24,Basic,North,
2026-09-30,37,34.28,5,15.81,Basic,North,
2026-09-30,37,39.43,1,48.24,Basic,East,
2026-09-30,74,90.14,4,40.72,Premium,East,
2026-09-30,37,42.1,2,38.39,Basic,East,
2026-09-30,34,36.06,1,44.54,Basic,East,
2026-09-30,10,,2,25.95,Standard,North,
2026-09-30,32,90.16,1,45.78,Premium,North,
2026-09-30,26,38.13,0,33.28,Basic,South,
2026-09-30,62,63.6,1,34.92,Standard,West,
2026-09-30,44,34.53,2,39.77,Basic,East,
2026-09-30,34,56.64,3,30.83,Standard,South,
2026-09-30,73,32.83,0,31.05,Basic,East,
2026-09-30,40,92.16,3,40.79,Premium,South,
2026-09-30,38,67.09,5,60.76,Standard,North,
2026-09-30,59,93.66,1,37.87,Premium,East,
2026-09-30,27,21.76,3,37.95,Basic,East,
2026-09-30,39,92.92,0,62.47,Premium,West,
2026-09-30,58,27.73,2,21.32,Basic,South,
2026-09-30,31,29.79,2,31.45,Basic,North,
2026-09-30,39,40.02,0,20.64,Basic,West,
2026-09-30,11,56.56,1,17.37,Standard,South,
2026-09-30,64,36.47,1,22.65,Basic,North,
2026-09-30,68,62.46,5,31.8,Standard,East,
2026-09-30,55,61.5,2,32.39,Standard,North,
2026-09-30,45,60.1,2,34.5,Standard,West,
2026-09-30,70,66.6,1,37.56,Standard,West,
2026-09-30,67,67.16,3,25.53,Standard,South,
2026-09-30,41,26.37,2,34.02,Basic,East,
2026-09-30,52,70.75,2,49.63,Standard,South,
2026-09-30,73,29.07,5,43.81,Basic,South,
2026-09-30,23,66.94,1,34.9,Standard,West,
2026-09-30,62,59.1,1,46.44,Standard,East,
2026-09-30,34,32.7,2,23.69,Basic,East,
2026-09-30,16,28.61,0,27.07,Basic,West,
2026-09-30,38,32.36,2,34.49,Basic,North,
2026-09-30,45,64.0,0,34.15,Standard,West,
2026-09-30,60,89.25,2,31.86,Premium,North,
2026-09-30,20,36.57,1,38.83,Basic,South,
2026-09-30,47,97.23,2,36.21,Premium,East,
2026-09-30,54,48.53,2,25.3,Basic,North,
2026-09-30,53,99.64,0,55.08,Premium,South,
2026-09-30,66,100.88,0,49.87,Premium,South,
2026-09-30,61,26.15,3,32.26,Basic,North,
2026-09-30,41,85.21,1,29.81,Premium,North,
2026-09-30,28,63.52,1,25.87,Standard,South,
2026-09-30,69,43.93,0,34.47,Basic,North,
2026-09-30,69,77.37,2,43.8,Standard,West,
2026-09-30,18,31.56,4,33.03,Basic,South,
2026-09-30,40,32.07,1,25.76,Basic,East,
2026-09-30,61,37.72,2,25.43,Basic,North,
2026-09-30,54,,0,39.66,Standard,East,
2026-09-30,69,64.14,1,24.98,Standard,North,
2026-09-30,24,68.17,1,38.42,Standard,North,
2026-09-30,74,108.58,0,30.61,Premium,East,
2026-09-30,25,101.52,3,33.97,Premium,South,
2026-09-30,16,74.35,0,39.28,Standard,West,
2026-09-30,59,85.78,3,50.33,Premium,West,
2026-09-30,73,40.37,3,33.92,Basic,North,
2026-09-30,33,60.25,0,26.35,Standard,East,
2026-09-30,20,43.38,2,11.79,Basic,West,
2026-09-30,69,41.79,0,30.42,Basic,South,
2026-09-30,16,38.02,1,11.51,Basic,West,
2026-09-30,55,,6,39.94,Basic,East,
2026-09-30,18,92.58,3,33.69,Premium,South,
2026-09-30,55,,1,52.84,Basic,North,
2026-09-30,17,98.81,1,34.88,Premium,South,
2026-09-30,35,37.02,1,35.13,Basic,South,
2026-09-30,41,72.1,1,30.13,Standard,East,
2026-09-30,71,43.05,1,28.82,Basic,North,
2026-09-30,58,90.77,2,46.34,Premium,South,
2026-09-30,74,37.38,1,39.1,Basic,West,
2026-09-30,46,67.32,3,47.7,Standard,West,
2026-09-30,27,94.52,0,51.77,Premium,East,
2026-09-30,38,69.71,2,47.88,Standard,South,
2026-09-30,44,67.45,1,31.34,Standard,South,
2026-09-30,48,32.13,4,36.99,Basic,South,
2026-09-30,71,34.29,4,27.09,Basic,South,
2026-09-30,70,33.25,1,40.36,Basic,East,
2026-09-30,16,31.36,5,31.66,Basic,West,
2026-09-30,63,34.57,5,36.7,Basic,West,
2026-09-30,30,58.52,2,40.41,Standard,North,
2026-09-30,49,97.37,4,52.1,Premium,West,
2026-09-30,74,72.02,3,29.42,Standard,North,
2026-09-30,70,65.25,1,21.78,Standard,North,
2026-09-30,42,39.73,0,40.39,Basic,West,
2026-09-30,13,35.78,1,43.95,Basic,South,
2026-09-30,74,59.89,7,36.34,Standard,West,
2026-09-30,71,45.04,3,38.61,Basic,North,
2026-09-30,35,22.89,2,14.21,Basic,North,
2026-09-30,19,95.05,0,38.28,Premium,West,
2026-09-30,45,31.16,0,31.32,Basic,North,
2026-09-30,64,42.91,1,13.15,Basic,East,
2026-09-30,40,36.08,3,15.21,Basic,East,
2026-09-30,11,77.78,0,39.08,Standard,South,
2026-09-30,41,35.18,4,24.44,Basic,North,
2026-09-30,45,61.2,2,34.03,Standard,West,
2026-09-30,72,26.45,4,26.44,Basic,East,
2026-09-30,64,70.53,3,24.66,Standard,West,
2026-09-30,57,90.83,1,42.32,Premium,East,
2026-09-30,37,32.9,5,30.36,Basic,East,
2026-09-30,74,71.14,0,31.67,Standard,East,
2026-09-30,25,40.27,2,25.49,Basic,East,
2026-09-30,32,31.95,2,28.46,Basic,South,
2026-09-30,67,32.73,4,38.7,Basic,West,
2026-09-30,77,26.22,3,29.56,Basic,West,
2026-09-30,65,84.72,2,25.24,Premium,North,
2026-09-30,58,68.82,2,25.56,Standard,West,
2026-09-30,73,99.37,1,53.82,Premium,North,
2026-09-30,18,36.79,2,23.64,Basic,East,
2026-09-30,55,65.94,4,36.62,Standard,West,
2026-09-30,38,61.47,2,56.75,Standard,South,
2026-09-30,50,42.34,2,36.82,Basic,North,
2026-09-30,26,56.08,2,16.02,Standard,West,
2026-09-30,43,92.66,5,58.95,Premium,West,
2026-09-30,26,95.8,5,46.0,Premium,South,
2026-09-30,53,95.0,0,48.19,Premium,West,
2026-09-30,73,34.99,2,33.54,Basic,North,
2026-09-30,13,92.4,2,53.63,Premium,East,
2026-09-30,75,97.7,3,43.7,Premium,North,
2026-09-30,54,58.92,1,22.68,Standard,North,
2026-09-30,10,34.28,1,33.74,Basic,South,
2026-09-30,49,37.16,1,16.68,Basic,East,
2026-09-30,19,33.34,5,48.67,Basic,North,
2026-09-30,64,35.02,4,26.88,Basic,East,
2026-09-30,28,96.08,2,43.98,Premium,West,
2026-09-30,13,86.2,3,37.74,Premium,North,
2026-09-30,67,86.66,4,47.89,Premium,North,
2026-09-30,46,35.67,1,35.04,Basic,East,
2026-09-30,51,61.96,1,30.71,Standard,South,
2026-09-30,66,32.26,3,35.03,Basic,North,
2026-09-30,48,37.85,2,31.18,Basic,West,
2026-09-30,64,30.06,0,29.54,Basic,South,
2026-09-30,50,,0,36.98,Premium,North,
2026-09-30,11,73.29,2,60.64,Standard,South,
2026-09-30,74,71.05,1,49.33,Standard,East,
2026-09-30,75,40.99,1,37.78,Basic,South,
2026-09-30,28,29.4,0,41.76,Basic,West,
2026-09-30,54,,2,40.5,Standard,East,
2026-09-30,18,58.66,0,34.01,Standard,North,
2026-09-30,29,94.7,4,18.07,Premium,South,
2026-09-30,51,33.26,4,18.31,Basic,South,
2026-09-30,33,29.61,2,52.15,Basic,North,
2026-09-30,75,97.52,0,56.1,Premium,North,
2026-09-30,15,33.71,1,32.52,Basic,North,
2026-09-30,58,43.61,1,14.72,Basic,East,
2026-09-30,51,95.43,1,50.85,Premium,North,
2026-09-30,70,,1,34.72,Standard,South,
2026-09-30,65,55.94,0,44.48,Standard,North,
2026-09-30,70,45.48,1,19.38,Basic,West,
2026-09-30,63,,4,32.6,Standard,West,
2026-09-30,24,36.2,2,39.35,Basic,East,
2026-09-30,38,65.05,3,56.78,Standard,South,
2026-09-30,56,72.08,0,30.92,Standard,East,
2026-09-30,77,25.47,3,20.5,Basic,South,
2026-09-30,68,41.65,2,40.73,Basic,West,
2026-09-30,54,,1,17.9,Basic,East,
2026-09-30,16,35.03,3,18.62,Basic,North,
2026-09-30,38,37.07,0,33.16,Basic,North,
2026-09-30,54,93.15,0,65.36,Premium,West,
2026-09-30,62,26.57,2,22.01,Basic,East,
2026-10-31,33,30.44,2,28.68,Basic,West,
2026-10-31,16,31.99,4,38.32,Basic,South,
2026-10-31,68,68.48,2,33.15,Standard,South,
2026-10-31,14,41.21,1,30.48,Basic,South,
2026-10-31,24,29.71,6,6.35,Basic,East,
2026-10-31,13,90.34,4,48.92,Premium,North,
2026-10-31,30,68.47,3,38.41,Standard,West,
2026-10-31,65,62.95,0,45.05,Standard,South,
2026-10-31,50,37.76,2,10.52,Basic,East,
2026-10-31,74,62.89,2,33.18,Standard,East,
2026-10-31,52,67.88,2,45.84,Standard,West,
2026-10-31,39,58.13,2,30.63,Standard,West,
2026-10-31,76,67.75,0,36.71,Standard,North,
2026-10-31,23,,2,25.1,Basic,East,
2026-10-31,18,39.63,1,25.35,Basic,North,
2026-10-31,33,94.83,1,54.87,Premium,North,
2026-10-31,74,37.21,1,14.97,Basic,East,
2026-10-31,66,66.19,2,35.7,Standard,South,
2026-10-31,47,86.47,3,45.72,Premium,South,
2026-10-31,74,41.83,4,38.58,Basic,North,
2026-10-31,54,96.67,4,41.98,Premium,East,
2026-10-31,27,98.78,1,52.89,Premium,East,
2026-10-31,11,61.0,4,35.65,Standard,North,
2026-10-31,13,66.2,2,37.4,Standard,South,
2026-10-31,68,88.45,0,44.01,Premium,North,
2026-10-31,31,35.75,0,35.75,Basic,West,
2026-10-31,39,60.3,3,41.62,Standard,East,
2026-10-31,37,60.04,0,18.07,Basic,South,
2026-10-31,17,98.03,0,45.37,Premium,North,
2026-10-31,11,41.65,3,34.61,Basic,West,
2026-10-31,60,63.75,2,50.82,Standard,South,
2026-10-31,57,37.0,2,19.11,Basic,East,
2026-10-31,26,39.53,0,34.58,Basic,East,
2026-10-31,19,59.64,3,32.72,Standard,South,
2026-10-31,46,31.64,3,31.12,Basic,West,
2026-10-31,16,39.86,3,18.47,Basic,North,
2026-10-31,30,63.91,1,36.07,Standard,South,
2026-10-31,59,31.26,6,32.39,Basic,North,
2026-10-31,22,31.85,3,19.5,Basic,South,
2026-10-31,63,28.89,4,43.69,Basic,West,
2026-10-31,71,85.2,0,27.76,Premium,South,
2026-10-31,23,26.52,2,34.58,Basic,West,
2026-10-31,56,35.23,4,4.92,Basic,West,
2026-10-31,63,98.36,1,40.65,Premium,South,
2026-10-31,46,77.59,1,41.0,Standard,West,
2026-10-31,31,64.79,5,43.33,Standard,South,
2026-10-31,77,28.6,3,28.15,Basic,South,
2026-10-31,31,64.86,3,33.78,Standard,South,
2026-10-31,27,98.51,1,48.87,Premium,North,
2026-10-31,19,100.15,2,52.71,Premium,South,
2026-10-31,72,69.67,0,50.0,Standard,East,
2026-10-31,26,67.86,1,23.29,Standard,West,
2026-10-31,20,65.48,4,34.19,Standard,South,
2026-10-31,13,68.68,1,14.26,Standard,North,
2026-10-31,30,59.08,2,22.52,Standard,South,
2026-10-31,56,24.96,4,22.16,Basic,South,
2026-10-31,57,,1,44.85,Standard,West,
2026-10-31,68,34.76,1,24.39,Basic,East,
2026-10-31,56,37.67,1,26.31,Basic,West,
2026-10-31,14,20.99,1,32.2,Basic,South,
2026-10-31,68,42.72,2,22.49,Basic,South,
2026-10-31,28,40.78,2,9.25,Basic,North,
2026-10-31,76,27.17,2,21.74,Basic,North,
2026-10-31,34,63.41,0,34.99,Standard,South,
2026-10-31,12,96.33,1,47.88,Premium,South,
2026-10-31,37,28.68,0,27.14,Basic,East,
2026-10-31,41,37.44,3,33.72,Basic,North,
2026-10-31,67,40.23,1,38.45,Basic,West,
2026-10-31,48,66.62,3,47.41,Standard,West,
2026-10-31,13,27.17,2,30.92,Basic,West,
2026-10-31,14,29.82,2,17.83,Basic,South,
2026-10-31,52,34.38,3,16.75,Basic,East,
2026-10-31,16,33.75,1,17.68,Basic,East,
2026-10-31,47,63.85,1,25.45,Standard,West,
2026-10-31,71,63.68,4,37.19,Standard,West,
2026-10-31,68,,3,48.07,Basic,East,
2026-10-31,53,39.03,4,31.32,Basic,West,
2026-10-31,31,68.14,3,35.36,Standard,South,
2026-10-31,46,97.61,3,52.82,Premium,South,
2026-10-31,17,67.15,1,27.91,Standard,North,
2026-10-31,61,63.58,1,46.62,Standard,South,
2026-10-31,19,91.96,1,52.88,Premium,South,
2026-10-31,14,29.91,2,29.79,Basic,North,
2026-10-31,53,42.71,6,50.14,Basic,South,
2026-10-31,49,64.9,0,47.35,Standard,South,
2026-10-31,48,26.7,3,29.65,Basic,West,
2026-10-31,43,,1,27.76,Basic,South,
2026-10-31,51,54.58,2,31.88,Standard,East,
2026-10-31,40,36.24,0,27.89,Basic,West,
2026-10-31,20,35.71,3,28.18,Basic,West,
2026-10-31,49,32.29,2,26.01,Basic,East,
2026-10-31,13,30.3,2,27.06,Basic,South,
2026-10-31,15,37.81,1,17.28,Basic,East,
2026-10-31,49,34.58,2,23.52,Basic,North,
2026-10-31,58,25.29,4,13.23,Basic,South,
2026-10-31,16,101.02,3,47.34,Premium,West,
2026-10-31,36,30.3,6,30.0,Basic,North,
2026-10-31,74,88.41,0,41.97,Premium,South,
2026-10-31,64,101.79,4,52.06,Premium,North,
2026-10-31,65,40.3,3,20.56,Basic,East,
2026-10-31,55,32.9,6,22.09,Basic,West,
2026-10-31,23,,2,28.39,Premium,North,
2026-10-31,37,30.45,3,39.43,Basic,North,
2026-10-31,51,32.81,1,35.26,Basic,West,
2026-10-31,56,41.08,3,42.5,Basic,South,
2026-10-31,19,71.47,4,52.03,Standard,North,
2026-10-31,77,65.83,2,31.96,Standard,North,
2026-10-31,74,68.25,0,29.09,Standard,West,
2026-10-31,13,33.95,1,11.25,Basic,West,
2026-10-31,51,30.64,4,18.22,Basic,North,
2026-10-31,20,,1,32.95,Standard,South,
2026-10-31,32,66.61,5,15.59,Standard,North,
2026-10-31,71,99.5,1,32.43,Premium,South,
2026-10-31,57,,2,28.37,Basic,West,
2026-10-31,34,40.94,1,38.13,Basic,West,
2026-10-31,11,33.08,2,22.03,Basic,South,
2026-10-31,67,65.42,2,37.48,Standard,East,
2026-10-31,30,93.89,1,61.84,Premium,South,
2026-10-31,52,41.18,3,11.14,Basic,West,
2026-10-31,26,37.46,1,40.06,Basic,East,
2026-10-31,64,94.71,3,47.01,Premium,West,
2026-10-31,34,35.38,1,41.87,Basic,South,
2026-10-31,61,89.06,2,52.87,Premium,West,
2026-10-31,16,83.83,2,36.57,Premium,South,
2026-10-31,52,62.34,2,36.22,Standard,East,
2026-10-31,76,34.03,2,14.59,Basic,North,
2026-10-31,43,67.66,3,30.97,Standard,North,
2026-10-31,42,34.18,0,29.49,Basic,East,
2026-10-31,57,32.65,4,32.24,Basic,East,
2026-10-31,69,20.26,5,37.09,Basic,North,
2026-10-31,66,37.64,0,45.03,Basic,North,
2026-10-31,15,96.06,3,38.84,Premium,West,
2026-10-31,31,69.07,2,47.65,Standard,North,
2026-10-31,68,35.14,3,31.87,Basic,West,
2026-10-31,77,70.73,1,23.13,Standard,North,
2026-10-31,55,62.25,2,34.7,Standard,South,
2026-10-31,11,34.8,1,30.36,Basic,North,
2026-10-31,57,36.2,4,20.83,Basic,East,
2026-10-31,75,38.3,0,18.79,Basic,East,
2026-10-31,65,67.08,2,25.46,Standard,East,
2026-10-31,60,37.39,5,23.76,Basic,East,
2026-10-31,46,66.34,3,27.55,Standard,East,
2026-10-31,72,64.04,2,48.5,Standard,North,
2026-10-31,54,39.51,1,4.69,Basic,South,
2026-10-31,45,26.63,2,30.31,Basic,North,
2026-10-31,72,31.85,1,34.48,Basic,East,
2026-10-31,11,42.96,5,19.57,Basic,South,
2026-10-31,19,31.64,3,26.88,Basic,North,
2026-10-31,68,94.61,0,39.78,Premium,West,
2026-10-31,14,41.94,1,28.43,Basic,South,
2026-10-31,72,,4,35.83,Basic,North,
2026-10-31,77,30.83,5,34.93,Basic,North,
2026-10-31,28,40.99,0,23.2,Basic,South,
2026-10-31,70,93.55,4,28.16,Premium,West,
2026-10-31,48,33.89,2,30.85,Basic,North,
2026-10-31,45,,1,22.63,Basic,South,
2026-10-31,73,64.36,2,30.92,Standard,South,
2026-10-31,64,38.41,6,31.43,Basic,East,
2026-10-31,71,32.85,0,24.85,Basic,East,
2026-10-31,70,58.59,1,39.27,Standard,South,
2026-10-31,60,92.6,1,68.33,Premium,West,
2026-10-31,42,61.92,0,43.06,Standard,North,
2026-10-31,23,33.73,6,42.65,Basic,South,
2026-10-31,17,32.41,0,34.31,Basic,North,
2026-10-31,28,43.32,1,29.97,Basic,South,
2026-10-31,43,36.51,3,34.46,Basic,South,
2026-10-31,20,86.3,5,47.97,Premium,West,
2026-10-31,34,35.36,2,37.83,Basic,East,
2026-10-31,65,34.8,1,29.79,Basic,North,
2026-10-31,12,40.97,3,16.12,Basic,East,
2026-10-31,31,34.22,1,14.52,Basic,West,
2026-10-31,76,34.08,3,33.81,Basic,North,
2026-10-31,33,44.31,2,17.94,Basic,East,
2026-10-31,59,59.66,2,43.06,Standard,South,
2026-10-31,52,38.99,2,42.59,Basic,West,
2026-10-31,64,,5,26.99,Basic,South,
2026-10-31,60,62.5,0,48.31,Standard,East,
2026-10-31,51,31.76,1,31.79,Basic,East,
2026-10-31,77,41.79,2,29.46,Basic,South,
2026-10-31,29,37.33,2,29.93,Basic,South,
2026-10-31,30,68.01,1,27.89,Standard,West,
2026-10-31,50,,6,19.61,Basic,West,
2026-10-31,59,36.71,1,12.76,Basic,South,
2026-10-31,57,,1,28.87,Standard,South,
2026-10-31,76,27.14,2,50.59,Basic,North,
2026-10-31,51,72.7,1,21.27,Standard,South,
2026-10-31,62,36.04,0,17.43,Basic,West,
2026-10-31,19,35.4,2,21.14,Basic,East,
2026-10-31,13,104.02,2,35.61,Premium,South,
2026-10-31,66,59.68,4,38.89,Standard,West,
2026-10-31,41,22.38,3,23.08,Basic,East,
2026-10-31,31,55.94,3,34.21,Standard,South,
2026-10-31,62,32.35,6,20.7,Basic,North,
2026-10-31,37,35.59,3,24.45,Basic,North,
2026-10-31,13,41.96,1,28.6,Basic,East,
2026-10-31,48,39.22,3,27.85,Basic,North,
2026-10-31,19,22.19,3,49.01,Basic,North,
2026-10-31,77,79.0,0,35.92,Standard,South,
2026-10-31,33,,2,27.1,Basic,East,
2026-10-31,32,101.14,2,18.23,Premium,East,
2026-10-31,68,37.73,1,31.6,Basic,West,
2026-10-31,13,35.03,1,9.45,Basic,East,
2026-10-31,57,63.81,4,41.72,Standard,West,
2026-10-31,77,29.44,6,30.62,Basic,South,
2026-10-31,13,28.56,0,37.18,Basic,East,
2026-10-31,76,34.17,2,22.86,Basic,North,
2026-10-31,52,28.06,3,29.47,Basic,North,
2026-10-31,24,43.24,0,35.96,Basic,East,
2026-10-31,69,,3,19.9,Basic,South,
2026-10-31,67,45.46,4,35.3,Basic,East,
2026-10-31,77,32.82,1,34.84,Basic,West,
2026-10-31,73,32.05,2,27.85,Basic,West,
2026-10-31,52,37.95,1,44.99,Basic,South,
2026-10-31,11,93.7,2,48.36,Premium,East,
2026-10-31,61,69.87,5,19.46,Standard,West,
2026-10-31,62,42.19,3,39.09,Basic,North,
2026-10-31,63,40.5,1,22.62,Basic,East,
2026-10-31,23,41.82,4,37.18,Basic,East,
2026-10-31,60,39.09,1,32.16,Basic,East,
2026-10-31,67,92.25,2,16.78,Premium,South,
2026-10-31,16,40.7,1,35.25,Basic,South,
2026-10-31,12,98.49,3,40.98,Premium,East,
2026-10-31,16,61.91,1,31.61,Standard,South,
2026-10-31,58,62.55,0,31.98,Standard,South,
2026-10-31,31,34.54,3,37.09,Basic,West,
2026-10-31,66,40.56,2,19.99,Basic,West,
2026-10-31,76,65.58,3,47.33,Standard,East,
2026-10-31,13,64.97,1,21.0,Standard,North,
2026-10-31,61,34.2,1,32.16,Basic,East,
2026-10-31,62,33.23,2,36.92,Basic,North,
2026-10-31,16,29.18,3,36.68,Basic,North,
2026-10-31,19,38.98,1,31.04,Basic,North,
2026-10-31,65,29.91,3,27.13,Basic,North,
2026-10-31,16,35.34,2,23.7,Basic,West,
2026-10-31,24,62.96,1,23.98,Standard,East,
2026-10-31,73,68.83,1,29.34,Standard,East,
2026-10-31,60,,2,26.59,Standard,West,
2026-10-31,73,59.97,1,24.95,Standard,South,
2026-10-31,29,69.95,5,54.24,Standard,North,
2026-10-31,61,30.87,0,12.01,Basic,North,
2026-10-31,52,65.77,0,47.46,Standard,North,
2026-10-31,71,41.37,0,16.83,Basic,North,
2026-10-31,26,91.35,1,32.98,Premium,East,
2026-10-31,12,,1,18.82,Basic,East,
2026-10-31,38,62.84,5,25.1,Standard,South,
2026-10-31,45,35.66,3,38.43,Basic,East,
2026-10-31,50,34.66,2,35.08,Basic,North,
2026-10-31,70,39.6,2,26.87,Basic,East,
2026-10-31,57,31.9,3,56.27,Basic,East,
2026-10-31,71,71.37,0,36.03,Standard,East,
2026-10-31,60,43.02,2,29.8,Basic,East,
2026-10-31,35,36.28,3,22.34,Basic,West,
2026-10-31,66,61.05,3,28.15,Standard,North,
2026-10-31,33,64.79,1,30.87,Standard,South,
2026-10-31,66,64.38,2,44.72,Standard,North,
2026-10-31,58,43.86,3,34.91,Basic,West,
2026-10-31,26,,2,42.11,Basic,North,
2026-10-31,15,41.91,1,22.03,Basic,South,
2026-10-31,71,95.56,1,49.1,Premium,North,
2026-10-31,64,65.23,3,39.26,Standard,East,
2026-10-31,14,63.23,3,40.54,Standard,South,
2026-10-31,27,33.69,1,20.56,Basic,East,
2026-10-31,43,39.45,1,18.81,Basic,West,
2026-10-31,46,31.35,2,34.59,Basic,West,
2026-10-31,36,39.8,3,37.93,Basic,South,
2026-10-31,24,42.2,3,23.02,Basic,South,
2026-10-31,56,62.04,1,42.29,Standard,South,
2026-10-31,60,71.04,1,48.19,Standard,East,
2026-10-31,54,40.24,1,25.58,Basic,West,
2026-10-31,76,69.35,4,21.81,Standard,East,
2026-10-31,37,31.82,4,16.06,Basic,East,
2026-10-31,47,34.4,2,22.43,Basic,West,
2026-10-31,32,34.4,1,24.74,Basic,North,
2026-10-31,75,45.45,1,28.84,Basic,North,
2026-10-31,39,,3,36.04,Standard,North,
2026-10-31,38,34.08,4,26.48,Basic,East,
2026-10-31,61,29.26,2,35.99,Basic,West,
2026-10-31,30,,1,21.59,Basic,North,
2026-10-31,35,61.58,4,48.85,Standard,East,
2026-10-31,68,36.81,0,38.6,Basic,West,
2026-10-31,12,57.88,3,44.87,Standard,West,
2026-10-31,13,31.67,2,22.6,Basic,West,
2026-10-31,69,55.7,1,35.04,Standard,South,
2026-10-31,30,42.01,0,36.43,Basic,East,
2026-10-31,64,35.53,0,27.2,Basic,East,
2026-10-31,57,,3,22.21,Basic,South,
2026-10-31,24,59.55,1,28.81,Standard,East,
2026-10-31,23,100.81,0,36.29,Premium,East,
2026-10-31,77,102.52,0,31.59,Premium,West,
2026-10-31,71,35.33,2,57.9,Basic,East,
2026-10-31,28,62.6,2,16.68,Standard,East,
2026-10-31,43,37.76,1,19.39,Basic,South,
2026-10-31,69,38.67,0,35.16,Basic,South,
2026-10-31,27,39.35,2,22.39,Basic,West,
2026-10-31,55,68.32,1,32.68,Standard,West,
2026-10-31,36,99.82,1,47.15,Premium,East,
2026-10-31,70,31.54,0,39.52,Basic,East,
2026-10-31,30,39.56,1,26.47,Basic,South,
2026-10-31,40,32.73,0,38.42,Basic,South,
2026-10-31,58,22.45,3,12.23,Basic,East,
2026-10-31,56,32.69,1,23.14,Basic,North,
2026-10-31,18,32.23,2,34.15,Basic,North,
2026-10-31,16,36.21,4,48.93,Basic,East,
2026-10-31,69,69.19,3,26.55,Standard,East,
2026-10-31,62,35.96,3,17.79,Basic,West,
2026-10-31,21,75.04,0,39.61,Standard,South,
2026-10-31,55,62.37,1,36.73,Standard,North,
2026-10-31,30,55.06,1,29.02,Standard,East,
2026-10-31,38,36.39,1,17.03,Basic,South,
2026-10-31,53,92.28,0,38.06,Premium,North,
2026-10-31,54,,4,34.41,Basic,East,
2026-10-31,35,33.51,1,25.87,Basic,East,
2026-10-31,67,31.08,2,40.91,Basic,North,
2026-10-31,45,91.58,4,41.84,Premium,East,
2026-10-31,66,42.61,4,35.22,Basic,East,
2026-10-31,49,35.62,3,31.98,Basic,East,
2026-10-31,35,63.67,3,32.16,Standard,East,
2026-10-31,28,72.99,5,44.53,Standard,South,
2026-10-31,11,,3,24.03,Standard,South,
2026-10-31,47,28.85,2,23.66,Basic,East,
2026-10-31,48,58.37,0,32.06,Standard,North,
2026-10-31,74,34.6,2,33.02,Basic,East,
2026-10-31,28,26.79,3,35.51,Basic,West,
2026-10-31,11,29.14,2,21.05,Basic,North,
2026-10-31,71,33.09,3,19.64,Basic,North,
2026-10-31,51,40.66,5,29.99,Basic,North,
2026-10-31,14,41.46,0,13.82,Basic,East,
2026-10-31,32,38.3,0,39.28,Basic,South,
2026-10-31,76,34.98,1,26.96,Basic,East,
2026-10-31,69,32.15,1,17.5,Basic,West,
2026-10-31,48,,0,17.31,Basic,West,
2026-10-31,17,73.91,1,39.33,Standard,South,
2026-10-31,55,35.71,2,32.06,Basic,North,
2026-10-31,15,62.69,0,28.52,Standard,East,
2026-10-31,37,34.21,1,28.06,Basic,North,
2026-10-31,38,33.67,5,17.91,Basic,East,
2026-10-31,63,37.74,1,26.62,Basic,South,
2026-10-31,56,31.18,4,43.96,Basic,South,
2026-10-31,43,67.03,3,57.51,Standard,North,
2026-10-31,11,37.84,3,27.08,Basic,North,
2026-10-31,12,96.72,2,47.52,Premium,North,
2026-10-31,66,59.57,1,40.12,Standard,South,
2026-10-31,55,34.25,2,11.99,Basic,South,
2026-10-31,33,92.37,2,31.7,Premium,South,
2026-10-31,62,34.63,1,6.04,Basic,North,
2026-10-31,73,61.67,0,40.69,Standard,North,
2026-10-31,11,,1,48.65,Basic,East,
2026-10-31,72,35.93,1,39.86,Basic,West,
2026-10-31,27,26.91,1,29.64,Basic,East,
2026-10-31,62,58.35,4,35.24,Standard,West,
2026-10-31,51,41.02,1,25.68,Basic,East,
2026-10-31,61,64.1,4,46.8,Standard,North,
2026-10-31,19,93.05,1,45.36,Premium,East,
2026-10-31,51,40.64,0,29.82,Basic,North,
2026-10-31,76,94.24,0,32.17,Premium,West,
2026-10-31,65,29.02,6,35.21,Basic,East,
2026-10-31,65,59.36,6,34.7,Standard,West,
2026-10-31,23,38.14,0,33.17,Basic,West,
2026-10-31,29,75.15,2,46.19,Standard,East,
2026-10-31,66,99.2,4,26.85,Premium,West,
2026-10-31,38,33.09,2,26.24,Basic,East,
2026-10-31,49,63.87,4,31.79,Standard,West,
2026-10-31,22,95.24,5,37.91,Premium,North,
2026-10-31,64,54.9,4,25.03,Standard,South,
2026-10-31,41,95.12,3,35.92,Premium,West,
2026-10-31,44,67.92,3,25.22,Standard,West,
2026-10-31,75,43.86,2,37.45,Basic,West,
2026-10-31,53,70.45,4,39.97,Standard,South,
2026-10-31,40,74.65,2,39.28,Standard,East,
2026-10-31,34,,1,9.93,Basic,North,
2026-10-31,51,41.97,1,48.69,Basic,North,
2026-10-31,39,35.13,3,25.11,Basic,East,
2026-10-31,26,66.72,1,53.65,Standard,South,
2026-10-31,35,56.65,0,43.69,Standard,East,
2026-10-31,30,65.65,2,33.88,Standard,North,
2026-10-31,61,37.83,0,49.63,Basic,West,
2026-10-31,45,33.58,1,34.87,Basic,North,
2026-10-31,24,,3,26.92,Basic,East,
2026-10-31,21,72.91,1,32.29,Standard,East,
2026-10-31,74,67.03,4,46.52,Standard,West,
2026-10-31,71,103.6,1,37.83,Premium,South,
2026-10-31,67,,1,25.41,Basic,South,
2026-10-31,60,71.84,1,30.23,Standard,East,
2026-10-31,69,70.82,2,28.64,Standard,South,
2026-10-31,55,91.6,1,36.26,Premium,East,
2026-10-31,73,62.46,0,53.92,Standard,West,
2026-10-31,73,32.86,4,39.28,Basic,West,
2026-10-31,40,60.17,1,38.55,Standard,South,
2026-10-31,27,43.83,2,23.73,Basic,East,
2026-10-31,71,65.21,3,30.69,Standard,North,
2026-10-31,67,67.3,1,32.53,Standard,North,
2026-10-31,41,58.34,4,54.09,Standard,South,
2026-10-31,72,39.09,1,32.11,Basic,North,
2026-10-31,17,62.95,5,43.68,Standard,West,
2026-10-31,66,41.3,0,31.2,Basic,South,
2026-10-31,14,61.57,3,27.34,Standard,West,
2026-10-31,17,101.66,2,44.23,Premium,South,
2026-10-31,15,39.7,4,18.44,Basic,West,
2026-10-31,16,62.67,4,48.15,Standard,North,
2026-10-31,23,72.09,5,28.71,Standard,East,
2026-10-31,35,70.74,0,30.48,Standard,South,
2026-10-31,35,37.45,2,37.33,Basic,West,
2026-10-31,39,90.03,2,36.22,Premium,North,
2026-10-31,77,99.0,0,41.01,Premium,North,
2026-10-31,45,65.33,2,9.82,Standard,West,
2026-10-31,27,35.25,0,25.97,Basic,East,
2026-10-31,20,65.37,4,42.14,Standard,East,
2026-10-31,73,34.85,3,22.94,Basic,East,
2026-10-31,29,60.67,2,41.79,Standard,South,
2026-10-31,66,27.42,4,29.04,Basic,West,
2026-10-31,64,26.39,3,40.08,Basic,East,
2026-10-31,69,36.5,3,21.85,Basic,North,
2026-10-31,20,52.88,4,33.78,Standard,South,
2026-10-31,64,68.63,1,21.5,Standard,West,
2026-10-31,64,67.53,2,35.28,Standard,South,
2026-10-31,77,33.49,1,24.98,Basic,East,
2026-10-31,59,40.13,2,38.8,Basic,North,
2026-10-31,19,,1,22.95,Basic,North,
2026-10-31,42,67.09,3,31.96,Standard,North,
2026-10-31,43,25.21,4,22.45,Basic,East,
2026-10-31,43,53.79,2,36.47,Standard,East,
2026-10-31,34,33.82,1,49.09,Basic,North,
2026-10-31,65,97.11,4,8.22,Premium,West,
2026-10-31,30,39.75,4,28.72,Basic,East,
2026-10-31,41,34.11,3,40.94,Basic,South,
2026-10-31,41,36.23,3,24.05,Basic,South,
2026-10-31,54,38.93,2,34.47,Basic,East,
2026-10-31,43,34.36,7,40.97,Basic,West,
2026-10-31,77,67.94,1,33.44,Standard,North,
2026-10-31,78,59.36,2,29.67,Standard,East,
2026-10-31,42,26.72,0,38.55,Basic,East,
2026-10-31,28,62.33,0,41.15,Standard,West,
2026-10-31,62,38.87,1,28.58,Basic,South,
2026-10-31,72,61.44,5,42.31,Standard,South,
2026-10-31,71,38.25,1,38.8,Basic,West,
2026-10-31,22,29.87,2,28.67,Basic,West,
2026-10-31,14,62.09,2,39.25,Standard,West,
2026-10-31,56,36.21,2,34.42,Basic,West,
2026-10-31,31,31.66,0,24.58,Basic,North,
2026-10-31,31,62.51,2,48.08,Standard,East,
2026-10-31,13,51.96,2,25.89,Standard,East,
2026-10-31,76,99.2,2,41.89,Premium,South,
2026-10-31,11,64.41,4,43.88,Standard,South,
2026-10-31,54,30.27,5,18.64,Basic,West,
2026-10-31,73,74.16,3,44.91,Standard,North,
2026-10-31,15,61.05,1,38.1,Standard,West,
2026-10-31,52,32.42,1,42.45,Basic,South,
2026-10-31,73,30.19,2,35.33,Basic,West,
2026-10-31,38,70.52,2,34.57,Standard,East,
2026-10-31,30,72.17,4,38.52,Standard,North,
2026-10-31,58,41.67,2,31.88,Basic,North,
2026-10-31,74,71.62,6,56.43,Standard,West,
2026-10-31,49,32.01,2,30.05,Basic,West,
2026-10-31,11,43.36,2,27.82,Basic,North,
2026-10-31,57,64.02,3,34.25,Standard,East,
2026-10-31,25,,0,31.09,Basic,East,
2026-10-31,78,32.87,1,17.86,Basic,North,
2026-10-31,29,66.63,0,32.37,Standard,East,
2026-10-31,54,31.78,0,19.08,Basic,North,
2026-10-31,57,95.73,1,34.39,Premium,South,
2026-10-31,41,97.68,4,51.24,Premium,North,
2026-10-31,65,67.05,1,36.46,Standard,North,
2026-10-31,71,68.28,6,28.78,Standard,West,
2026-10-31,53,94.1,2,41.7,Premium,East,
2026-10-31,62,61.36,4,33.74,Standard,East,
2026-10-31,15,57.65,3,36.73,Standard,South,
2026-10-31,27,34.56,2,14.13,Basic,North,
2026-10-31,40,62.31,3,25.29,Standard,East,
2026-10-31,19,34.41,2,14.79,Basic,North,
2026-10-31,44,24.65,2,20.2,Basic,North,
2026-10-31,15,57.41,0,28.97,Standard,South,
2026-10-31,35,37.55,1,18.85,Basic,South,
2026-10-31,15,,2,36.84,Basic,North,
2026-10-31,39,64.05,3,54.6,Standard,East,
2026-10-31,38,30.85,3,37.46,Basic,South,
2026-10-31,43,,2,37.55,Premium,West,
2026-10-31,78,95.43,2,45.3,Premium,North,
2026-10-31,48,65.14,2,35.54,Standard,South,
2026-10-31,21,37.73,2,23.11,Basic,West,
2026-10-31,53,29.49,2,42.45,Basic,South,
2026-10-31,77,30.58,1,49.27,Basic,North,
2026-10-31,25,70.62,2,21.5,Standard,West,
2026-10-31,16,33.88,0,43.6,Basic,South,
2026-10-31,72,36.83,0,23.29,Basic,West,
2026-10-31,22,32.51,1,26.58,Basic,West,
2026-10-31,67,97.28,0,46.03,Premium,East,
2026-10-31,40,22.56,2,44.68,Basic,West,
2026-10-31,64,40.76,0,32.01,Basic,East,
2026-10-31,59,32.72,2,33.32,Basic,East,
2026-10-31,65,28.76,4,37.73,Basic,South,
2026-10-31,62,89.69,0,53.31,Premium,North,
2026-10-31,46,33.68,1,34.31,Basic,East,
2026-10-31,27,34.45,2,39.37,Basic,West,
2026-10-31,75,35.71,2,23.22,Basic,West,
2026-10-31,23,59.04,2,18.86,Standard,West,
2026-10-31,35,69.36,1,54.45,Standard,West,
2026-10-31,30,62.38,1,25.82,Standard,East,
2026-10-31,39,62.13,0,30.86,Standard,North,
2026-10-31,27,33.87,2,25.88,Basic,North,
2026-10-31,66,,2,38.16,Premium,South,
2026-10-31,40,64.83,1,28.94,Standard,West,
2026-10-31,70,62.29,4,40.84,Standard,West,
2026-10-31,13,33.38,4,33.94,Basic,East,
2026-10-31,41,71.1,2,42.4,Standard,West,
2026-10-31,50,70.28,7,41.77,Standard,South,
2026-10-31,68,36.83,0,25.03,Basic,East,
2026-10-31,60,35.74,4,25.02,Basic,North,
2026-10-31,54,76.57,0,47.39,Standard,North,
2026-10-31,68,67.32,3,30.99,Standard,East,
2026-10-31,37,,4,23.79,Basic,East,
2026-10-31,76,93.99,0,52.49,Premium,East,
2026-10-31,72,36.78,3,29.01,Basic,South,
2026-10-31,72,19.77,3,24.15,Basic,East,
2026-10-31,45,40.14,3,24.24,Basic,South,
2026-10-31,17,,0,47.44,Standard,South,
2026-10-31,68,31.41,0,35.06,Basic,South,
2026-10-31,39,58.0,5,38.57,Standard,South,
2026-10-31,66,31.32,4,17.54,Basic,South,
2026-10-31,14,33.3,3,31.61,Basic,North,
2026-10-31,17,39.45,3,27.07,Basic,East,
